STD_YEAR,STD_QT,DIST_CODE,AGE_ORD,AGE_GRP,POP_CNT
2014,1,11110,1,0~4세,4652
2014,1,11110,2,5~9세,5211
2014,1,11110,3,10~14세,7118
2014,1,11110,4,15~19세,9346
2014,1,11110,5,20~24세,12789
2014,1,11110,6,25~29세,13624
2014,1,11110,7,30~34세,13461
2014,1,11110,8,35~39세,11442
2014,1,11110,9,40~44세,14956
2014,1,11110,10,45~49세,14311
2014,1,11110,11,50~54세,14622
2014,1,11110,12,55~59세,12713
2014,1,11110,13,60~64세,8868
2014,1,11110,14,65~69세,7728
2014,1,11110,15,70~74세,7075
2014,1,11110,16,75~79세,4607
2014,1,11110,17,80~84세,2569
2014,1,11110,18,85~89세,1305
2014,1,11110,19,90~94세,593
2014,1,11110,20,95~99세,181
2014,1,11110,21,100세 이상,179
2014,1,11140,1,0~4세,4829
2014,1,11140,2,5~9세,4203
2014,1,11140,3,10~14세,4518
2014,1,11140,4,15~19세,6347
2014,1,11140,5,20~24세,9260
2014,1,11140,6,25~29세,10806
2014,1,11140,7,30~34세,12718
2014,1,11140,8,35~39세,10819
2014,1,11140,9,40~44세,11886
2014,1,11140,10,45~49세,11124
2014,1,11140,11,50~54세,12100
2014,1,11140,12,55~59세,11426
2014,1,11140,13,60~64세,7849
2014,1,11140,14,65~69세,6399
2014,1,11140,15,70~74세,5632
2014,1,11140,16,75~79세,3728
2014,1,11140,17,80~84세,2100
2014,1,11140,18,85~89세,1026
2014,1,11140,19,90~94세,434
2014,1,11140,20,95~99세,139
2014,1,11140,21,100세 이상,123
2014,1,11170,1,0~4세,9783
2014,1,11170,2,5~9세,9410
2014,1,11170,3,10~14세,10188
2014,1,11170,4,15~19세,12494
2014,1,11170,5,20~24세,15111
2014,1,11170,6,25~29세,18645
2014,1,11170,7,30~34세,24392
2014,1,11170,8,35~39세,21327
2014,1,11170,9,40~44세,24066
2014,1,11170,10,45~49세,20488
2014,1,11170,11,50~54세,20518
2014,1,11170,12,55~59세,18214
2014,1,11170,13,60~64세,12658
2014,1,11170,14,65~69세,10863
2014,1,11170,15,70~74세,9713
2014,1,11170,16,75~79세,7016
2014,1,11170,17,80~84세,3673
2014,1,11170,18,85~89세,1886
2014,1,11170,19,90~94세,747
2014,1,11170,20,95~99세,218
2014,1,11170,21,100세 이상,241
2014,1,11200,1,0~4세,12499
2014,1,11200,2,5~9세,11580
2014,1,11200,3,10~14세,12678
2014,1,11200,4,15~19세,16056
2014,1,11200,5,20~24세,21820
2014,1,11200,6,25~29세,24230
2014,1,11200,7,30~34세,29292
2014,1,11200,8,35~39세,25761
2014,1,11200,9,40~44세,28233
2014,1,11200,10,45~49세,24819
2014,1,11200,11,50~54세,25955
2014,1,11200,12,55~59세,22622
2014,1,11200,13,60~64세,15189
2014,1,11200,14,65~69세,12405
2014,1,11200,15,70~74세,10705
2014,1,11200,16,75~79세,6765
2014,1,11200,17,80~84세,3390
2014,1,11200,18,85~89세,1612
2014,1,11200,19,90~94세,635
2014,1,11200,20,95~99세,201
2014,1,11200,21,100세 이상,150
2014,1,11215,1,0~4세,13911
2014,1,11215,2,5~9세,13342
2014,1,11215,3,10~14세,16451
2014,1,11215,4,15~19세,22474
2014,1,11215,5,20~24세,29272
2014,1,11215,6,25~29세,35034
2014,1,11215,7,30~34세,38423
2014,1,11215,8,35~39세,30258
2014,1,11215,9,40~44세,33631
2014,1,11215,10,45~49세,31814
2014,1,11215,11,50~54세,32630
2014,1,11215,12,55~59세,27759
2014,1,11215,13,60~64세,17943
2014,1,11215,14,65~69세,14106
2014,1,11215,15,70~74세,10952
2014,1,11215,16,75~79세,6825
2014,1,11215,17,80~84세,3506
2014,1,11215,18,85~89세,1669
2014,1,11215,19,90~94세,709
2014,1,11215,20,95~99세,167
2014,1,11215,21,100세 이상,141
2014,1,11230,1,0~4세,13890
2014,1,11230,2,5~9세,13186
2014,1,11230,3,10~14세,15042
2014,1,11230,4,15~19세,19801
2014,1,11230,5,20~24세,28840
2014,1,11230,6,25~29세,31016
2014,1,11230,7,30~34세,33646
2014,1,11230,8,35~39세,29111
2014,1,11230,9,40~44세,32085
2014,1,11230,10,45~49세,29089
2014,1,11230,11,50~54세,30868
2014,1,11230,12,55~59세,28991
2014,1,11230,13,60~64세,20480
2014,1,11230,14,65~69세,17354
2014,1,11230,15,70~74세,14973
2014,1,11230,16,75~79세,9385
2014,1,11230,17,80~84세,4594
2014,1,11230,18,85~89세,2110
2014,1,11230,19,90~94세,855
2014,1,11230,20,95~99세,201
2014,1,11230,21,100세 이상,192
2014,1,11260,1,0~4세,15997
2014,1,11260,2,5~9세,14771
2014,1,11260,3,10~14세,17682
2014,1,11260,4,15~19세,24532
2014,1,11260,5,20~24세,29400
2014,1,11260,6,25~29세,31268
2014,1,11260,7,30~34세,38168
2014,1,11260,8,35~39세,31623
2014,1,11260,9,40~44세,36380
2014,1,11260,10,45~49세,36223
2014,1,11260,11,50~54세,39231
2014,1,11260,12,55~59세,34461
2014,1,11260,13,60~64세,23259
2014,1,11260,14,65~69세,18510
2014,1,11260,15,70~74세,14730
2014,1,11260,16,75~79세,8945
2014,1,11260,17,80~84세,4473
2014,1,11260,18,85~89세,2125
2014,1,11260,19,90~94세,816
2014,1,11260,20,95~99세,210
2014,1,11260,21,100세 이상,126
2014,1,11290,1,0~4세,19637
2014,1,11290,2,5~9세,20376
2014,1,11290,3,10~14세,22437
2014,1,11290,4,15~19세,26849
2014,1,11290,5,20~24세,35636
2014,1,11290,6,25~29세,36348
2014,1,11290,7,30~34세,41456
2014,1,11290,8,35~39세,38811
2014,1,11290,9,40~44세,45300
2014,1,11290,10,45~49세,38337
2014,1,11290,11,50~54세,38801
2014,1,11290,12,55~59세,34948
2014,1,11290,13,60~64세,24792
2014,1,11290,14,65~69세,21115
2014,1,11290,15,70~74세,18264
2014,1,11290,16,75~79세,11603
2014,1,11290,17,80~84세,5746
2014,1,11290,18,85~89세,2699
2014,1,11290,19,90~94세,1070
2014,1,11290,20,95~99세,310
2014,1,11290,21,100세 이상,251
2014,1,11305,1,0~4세,12471
2014,1,11305,2,5~9세,11857
2014,1,11305,3,10~14세,14522
2014,1,11305,4,15~19세,19191
2014,1,11305,5,20~24세,21992
2014,1,11305,6,25~29세,22460
2014,1,11305,7,30~34세,28792
2014,1,11305,8,35~39세,26247
2014,1,11305,9,40~44세,30369
2014,1,11305,10,45~49세,27795
2014,1,11305,11,50~54세,28957
2014,1,11305,12,55~59세,26785
2014,1,11305,13,60~64세,19807
2014,1,11305,14,65~69세,17692
2014,1,11305,15,70~74세,15177
2014,1,11305,16,75~79세,8989
2014,1,11305,17,80~84세,4251
2014,1,11305,18,85~89세,1908
2014,1,11305,19,90~94세,758
2014,1,11305,20,95~99세,200
2014,1,11305,21,100세 이상,198
2014,1,11320,1,0~4세,13302
2014,1,11320,2,5~9세,13620
2014,1,11320,3,10~14세,17401
2014,1,11320,4,15~19세,22932
2014,1,11320,5,20~24세,25274
2014,1,11320,6,25~29세,24164
2014,1,11320,7,30~34세,28597
2014,1,11320,8,35~39세,25505
2014,1,11320,9,40~44세,31486
2014,1,11320,10,45~49세,30466
2014,1,11320,11,50~54세,32724
2014,1,11320,12,55~59세,29734
2014,1,11320,13,60~64세,19459
2014,1,11320,14,65~69세,15445
2014,1,11320,15,70~74세,13294
2014,1,11320,16,75~79세,8475
2014,1,11320,17,80~84세,4572
2014,1,11320,18,85~89세,2190
2014,1,11320,19,90~94세,813
2014,1,11320,20,95~99세,167
2014,1,11320,21,100세 이상,111
2014,1,11350,1,0~4세,22905
2014,1,11350,2,5~9세,25121
2014,1,11350,3,10~14세,35059
2014,1,11350,4,15~19세,43842
2014,1,11350,5,20~24세,43092
2014,1,11350,6,25~29세,36633
2014,1,11350,7,30~34세,45913
2014,1,11350,8,35~39세,44040
2014,1,11350,9,40~44세,56168
2014,1,11350,10,45~49세,52970
2014,1,11350,11,50~54세,50762
2014,1,11350,12,55~59세,42709
2014,1,11350,13,60~64세,27818
2014,1,11350,14,65~69세,21243
2014,1,11350,15,70~74세,18292
2014,1,11350,16,75~79세,12556
2014,1,11350,17,80~84세,7253
2014,1,11350,18,85~89세,3407
2014,1,11350,19,90~94세,1320
2014,1,11350,20,95~99세,308
2014,1,11350,21,100세 이상,185
2014,1,11380,1,0~4세,20932
2014,1,11380,2,5~9세,20480
2014,1,11380,3,10~14세,24234
2014,1,11380,4,15~19세,29878
2014,1,11380,5,20~24세,32573
2014,1,11380,6,25~29세,33494
2014,1,11380,7,30~34세,44901
2014,1,11380,8,35~39세,41171
2014,1,11380,9,40~44세,46699
2014,1,11380,10,45~49세,40587
2014,1,11380,11,50~54세,41765
2014,1,11380,12,55~59세,37930
2014,1,11380,13,60~64세,26836
2014,1,11380,14,65~69세,22867
2014,1,11380,15,70~74세,19464
2014,1,11380,16,75~79세,12177
2014,1,11380,17,80~84세,6070
2014,1,11380,18,85~89세,2795
2014,1,11380,19,90~94세,1106
2014,1,11380,20,95~99세,279
2014,1,11380,21,100세 이상,322
2014,1,11410,1,0~4세,11732
2014,1,11410,2,5~9세,11294
2014,1,11410,3,10~14세,14158
2014,1,11410,4,15~19세,18637
2014,1,11410,5,20~24세,25034
2014,1,11410,6,25~29세,25837
2014,1,11410,7,30~34세,27967
2014,1,11410,8,35~39세,24097
2014,1,11410,9,40~44세,28813
2014,1,11410,10,45~49세,25940
2014,1,11410,11,50~54세,26373
2014,1,11410,12,55~59세,23458
2014,1,11410,13,60~64세,16363
2014,1,11410,14,65~69세,14538
2014,1,11410,15,70~74세,13226
2014,1,11410,16,75~79세,8948
2014,1,11410,17,80~84세,4425
2014,1,11410,18,85~89세,2009
2014,1,11410,19,90~94세,832
2014,1,11410,20,95~99세,223
2014,1,11410,21,100세 이상,176
2014,1,11440,1,0~4세,16029
2014,1,11440,2,5~9세,15811
2014,1,11440,3,10~14세,17122
2014,1,11440,4,15~19세,20190
2014,1,11440,5,20~24세,26910
2014,1,11440,6,25~29세,33162
2014,1,11440,7,30~34세,40095
2014,1,11440,8,35~39세,35209
2014,1,11440,9,40~44세,37489
2014,1,11440,10,45~49세,29900
2014,1,11440,11,50~54세,29545
2014,1,11440,12,55~59세,25660
2014,1,11440,13,60~64세,17772
2014,1,11440,14,65~69세,15630
2014,1,11440,15,70~74세,13491
2014,1,11440,16,75~79세,8982
2014,1,11440,17,80~84세,4738
2014,1,11440,18,85~89세,2121
2014,1,11440,19,90~94세,886
2014,1,11440,20,95~99세,237
2014,1,11440,21,100세 이상,198
2014,1,11470,1,0~4세,18144
2014,1,11470,2,5~9세,21731
2014,1,11470,3,10~14세,30629
2014,1,11470,4,15~19세,38709
2014,1,11470,5,20~24세,35116
2014,1,11470,6,25~29세,31287
2014,1,11470,7,30~34세,37781
2014,1,11470,8,35~39세,35731
2014,1,11470,9,40~44세,47195
2014,1,11470,10,45~49세,47791
2014,1,11470,11,50~54세,45150
2014,1,11470,12,55~59세,36265
2014,1,11470,13,60~64세,23522
2014,1,11470,14,65~69세,17184
2014,1,11470,15,70~74세,12707
2014,1,11470,16,75~79세,8328
2014,1,11470,17,80~84세,4841
2014,1,11470,18,85~89세,2397
2014,1,11470,19,90~94세,925
2014,1,11470,20,95~99세,218
2014,1,11470,21,100세 이상,110
2014,1,11500,1,0~4세,25245
2014,1,11500,2,5~9세,22934
2014,1,11500,3,10~14세,26452
2014,1,11500,4,15~19세,33342
2014,1,11500,5,20~24세,38800
2014,1,11500,6,25~29세,43300
2014,1,11500,7,30~34세,57427
2014,1,11500,8,35~39세,48562
2014,1,11500,9,40~44세,49858
2014,1,11500,10,45~49세,44563
2014,1,11500,11,50~54세,48688
2014,1,11500,12,55~59세,44665
2014,1,11500,13,60~64세,30308
2014,1,11500,14,65~69세,22518
2014,1,11500,15,70~74세,16423
2014,1,11500,16,75~79세,10521
2014,1,11500,17,80~84세,6248
2014,1,11500,18,85~89세,3127
2014,1,11500,19,90~94세,1187
2014,1,11500,20,95~99세,254
2014,1,11500,21,100세 이상,172
2014,1,11530,1,0~4세,21777
2014,1,11530,2,5~9세,18292
2014,1,11530,3,10~14세,18440
2014,1,11530,4,15~19세,22636
2014,1,11530,5,20~24세,27140
2014,1,11530,6,25~29세,33929
2014,1,11530,7,30~34세,45751
2014,1,11530,8,35~39세,40607
2014,1,11530,9,40~44세,40271
2014,1,11530,10,45~49세,36103
2014,1,11530,11,50~54세,38910
2014,1,11530,12,55~59세,35978
2014,1,11530,13,60~64세,25172
2014,1,11530,14,65~69세,19032
2014,1,11530,15,70~74세,14209
2014,1,11530,16,75~79세,8688
2014,1,11530,17,80~84세,4257
2014,1,11530,18,85~89세,1961
2014,1,11530,19,90~94세,710
2014,1,11530,20,95~99세,181
2014,1,11530,21,100세 이상,117
2014,1,11545,1,0~4세,9199
2014,1,11545,2,5~9세,8348
2014,1,11545,3,10~14세,9836
2014,1,11545,4,15~19세,13887
2014,1,11545,5,20~24세,16832
2014,1,11545,6,25~29세,20192
2014,1,11545,7,30~34세,23737
2014,1,11545,8,35~39세,19969
2014,1,11545,9,40~44세,22719
2014,1,11545,10,45~49세,23555
2014,1,11545,11,50~54세,25257
2014,1,11545,12,55~59세,21117
2014,1,11545,13,60~64세,14303
2014,1,11545,14,65~69세,10832
2014,1,11545,15,70~74세,8495
2014,1,11545,16,75~79세,5030
2014,1,11545,17,80~84세,2548
2014,1,11545,18,85~89세,1115
2014,1,11545,19,90~94세,451
2014,1,11545,20,95~99세,132
2014,1,11545,21,100세 이상,108
2014,1,11560,1,0~4세,17115
2014,1,11560,2,5~9세,14939
2014,1,11560,3,10~14세,15497
2014,1,11560,4,15~19세,19991
2014,1,11560,5,20~24세,25041
2014,1,11560,6,25~29세,34361
2014,1,11560,7,30~34세,42060
2014,1,11560,8,35~39세,35768
2014,1,11560,9,40~44세,38013
2014,1,11560,10,45~49세,35016
2014,1,11560,11,50~54세,37752
2014,1,11560,12,55~59세,33961
2014,1,11560,13,60~64세,22576
2014,1,11560,14,65~69세,17575
2014,1,11560,15,70~74세,13958
2014,1,11560,16,75~79세,9204
2014,1,11560,17,80~84세,4548
2014,1,11560,18,85~89세,2186
2014,1,11560,19,90~94세,862
2014,1,11560,20,95~99세,240
2014,1,11560,21,100세 이상,235
2014,1,11590,1,0~4세,17188
2014,1,11590,2,5~9세,15605
2014,1,11590,3,10~14세,16804
2014,1,11590,4,15~19세,21864
2014,1,11590,5,20~24세,30427
2014,1,11590,6,25~29세,37712
2014,1,11590,7,30~34세,43197
2014,1,11590,8,35~39세,35347
2014,1,11590,9,40~44세,36083
2014,1,11590,10,45~49세,30835
2014,1,11590,11,50~54세,33610
2014,1,11590,12,55~59세,30491
2014,1,11590,13,60~64세,22037
2014,1,11590,14,65~69세,18409
2014,1,11590,15,70~74세,14721
2014,1,11590,16,75~79세,9171
2014,1,11590,17,80~84세,4804
2014,1,11590,18,85~89세,2285
2014,1,11590,19,90~94세,964
2014,1,11590,20,95~99세,246
2014,1,11590,21,100세 이상,190
2014,1,11620,1,0~4세,18824
2014,1,11620,2,5~9세,16856
2014,1,11620,3,10~14세,18486
2014,1,11620,4,15~19세,24859
2014,1,11620,5,20~24세,39263
2014,1,11620,6,25~29세,58159
2014,1,11620,7,30~34세,62568
2014,1,11620,8,35~39세,45808
2014,1,11620,9,40~44세,45174
2014,1,11620,10,45~49세,38378
2014,1,11620,11,50~54세,40406
2014,1,11620,12,55~59세,37480
2014,1,11620,13,60~64세,28017
2014,1,11620,14,65~69세,23298
2014,1,11620,15,70~74세,18361
2014,1,11620,16,75~79세,10331
2014,1,11620,17,80~84세,4930
2014,1,11620,18,85~89세,2305
2014,1,11620,19,90~94세,907
2014,1,11620,20,95~99세,243
2014,1,11620,21,100세 이상,215
2014,1,11650,1,0~4세,20563
2014,1,11650,2,5~9세,21053
2014,1,11650,3,10~14세,24690
2014,1,11650,4,15~19세,28221
2014,1,11650,5,20~24세,28471
2014,1,11650,6,25~29세,32251
2014,1,11650,7,30~34세,42032
2014,1,11650,8,35~39세,38230
2014,1,11650,9,40~44세,44102
2014,1,11650,10,45~49세,36899
2014,1,11650,11,50~54세,33678
2014,1,11650,12,55~59세,30703
2014,1,11650,13,60~64세,21948
2014,1,11650,14,65~69세,17770
2014,1,11650,15,70~74세,12276
2014,1,11650,16,75~79세,7418
2014,1,11650,17,80~84세,4085
2014,1,11650,18,85~89세,2397
2014,1,11650,19,90~94세,1020
2014,1,11650,20,95~99세,303
2014,1,11650,21,100세 이상,153
2014,1,11680,1,0~4세,20913
2014,1,11680,2,5~9세,21411
2014,1,11680,3,10~14세,29697
2014,1,11680,4,15~19세,41405
2014,1,11680,5,20~24세,39961
2014,1,11680,6,25~29세,44995
2014,1,11680,7,30~34세,56309
2014,1,11680,8,35~39세,46195
2014,1,11680,9,40~44세,52484
2014,1,11680,10,45~49세,50717
2014,1,11680,11,50~54세,45597
2014,1,11680,12,55~59세,39079
2014,1,11680,13,60~64세,27420
2014,1,11680,14,65~69세,21523
2014,1,11680,15,70~74세,14531
2014,1,11680,16,75~79세,8658
2014,1,11680,17,80~84세,5050
2014,1,11680,18,85~89세,2961
2014,1,11680,19,90~94세,1278
2014,1,11680,20,95~99세,333
2014,1,11680,21,100세 이상,184
2014,1,11710,1,0~4세,29494
2014,1,11710,2,5~9세,29243
2014,1,11710,3,10~14세,35576
2014,1,11710,4,15~19세,42797
2014,1,11710,5,20~24세,45885
2014,1,11710,6,25~29세,51483
2014,1,11710,7,30~34세,65259
2014,1,11710,8,35~39세,56130
2014,1,11710,9,40~44세,62240
2014,1,11710,10,45~49세,56219
2014,1,11710,11,50~54세,56614
2014,1,11710,12,55~59세,50734
2014,1,11710,13,60~64세,34234
2014,1,11710,14,65~69세,24589
2014,1,11710,15,70~74세,16944
2014,1,11710,16,75~79세,10506
2014,1,11710,17,80~84세,6008
2014,1,11710,18,85~89세,3184
2014,1,11710,19,90~94세,1278
2014,1,11710,20,95~99세,328
2014,1,11710,21,100세 이상,167
2014,1,11740,1,0~4세,20333
2014,1,11740,2,5~9세,19555
2014,1,11740,3,10~14세,23105
2014,1,11740,4,15~19세,30572
2014,1,11740,5,20~24세,33558
2014,1,11740,6,25~29세,35642
2014,1,11740,7,30~34세,45008
2014,1,11740,8,35~39세,38485
2014,1,11740,9,40~44세,41432
2014,1,11740,10,45~49세,40390
2014,1,11740,11,50~54세,44120
2014,1,11740,12,55~59세,39780
2014,1,11740,13,60~64세,26129
2014,1,11740,14,65~69세,18914
2014,1,11740,15,70~74세,13004
2014,1,11740,16,75~79세,7944
2014,1,11740,17,80~84세,4682
2014,1,11740,18,85~89세,2532
2014,1,11740,19,90~94세,1035
2014,1,11740,20,95~99세,236
2014,1,11740,21,100세 이상,160
2014,2,11110,1,0~4세,4692
2014,2,11110,2,5~9세,5151
2014,2,11110,3,10~14세,6944
2014,2,11110,4,15~19세,9361
2014,2,11110,5,20~24세,12828
2014,2,11110,6,25~29세,13560
2014,2,11110,7,30~34세,13235
2014,2,11110,8,35~39세,11315
2014,2,11110,9,40~44세,14758
2014,2,11110,10,45~49세,14274
2014,2,11110,11,50~54세,14570
2014,2,11110,12,55~59세,12761
2014,2,11110,13,60~64세,8951
2014,2,11110,14,65~69세,7705
2014,2,11110,15,70~74세,7052
2014,2,11110,16,75~79세,4651
2014,2,11110,17,80~84세,2575
2014,2,11110,18,85~89세,1319
2014,2,11110,19,90~94세,593
2014,2,11110,20,95~99세,183
2014,2,11110,21,100세 이상,187
2014,2,11140,1,0~4세,4872
2014,2,11140,2,5~9세,4107
2014,2,11140,3,10~14세,4484
2014,2,11140,4,15~19세,6183
2014,2,11140,5,20~24세,9270
2014,2,11140,6,25~29세,10843
2014,2,11140,7,30~34세,12521
2014,2,11140,8,35~39세,10699
2014,2,11140,9,40~44세,11822
2014,2,11140,10,45~49세,11154
2014,2,11140,11,50~54세,12109
2014,2,11140,12,55~59세,11527
2014,2,11140,13,60~64세,7891
2014,2,11140,14,65~69세,6359
2014,2,11140,15,70~74세,5666
2014,2,11140,16,75~79세,3757
2014,2,11140,17,80~84세,2112
2014,2,11140,18,85~89세,1031
2014,2,11140,19,90~94세,439
2014,2,11140,20,95~99세,151
2014,2,11140,21,100세 이상,125
2014,2,11170,1,0~4세,9829
2014,2,11170,2,5~9세,9271
2014,2,11170,3,10~14세,10032
2014,2,11170,4,15~19세,12359
2014,2,11170,5,20~24세,15236
2014,2,11170,6,25~29세,18620
2014,2,11170,7,30~34세,24308
2014,2,11170,8,35~39세,20992
2014,2,11170,9,40~44세,23744
2014,2,11170,10,45~49세,20588
2014,2,11170,11,50~54세,20493
2014,2,11170,12,55~59세,18382
2014,2,11170,13,60~64세,12702
2014,2,11170,14,65~69세,10771
2014,2,11170,15,70~74세,9715
2014,2,11170,16,75~79세,7020
2014,2,11170,17,80~84세,3725
2014,2,11170,18,85~89세,1938
2014,2,11170,19,90~94세,733
2014,2,11170,20,95~99세,222
2014,2,11170,21,100세 이상,242
2014,2,11200,1,0~4세,12613
2014,2,11200,2,5~9세,11448
2014,2,11200,3,10~14세,12455
2014,2,11200,4,15~19세,15884
2014,2,11200,5,20~24세,21974
2014,2,11200,6,25~29세,24249
2014,2,11200,7,30~34세,28989
2014,2,11200,8,35~39세,25600
2014,2,11200,9,40~44세,28237
2014,2,11200,10,45~49세,24865
2014,2,11200,11,50~54세,26060
2014,2,11200,12,55~59세,22845
2014,2,11200,13,60~64세,15388
2014,2,11200,14,65~69세,12423
2014,2,11200,15,70~74세,10754
2014,2,11200,16,75~79세,6837
2014,2,11200,17,80~84세,3432
2014,2,11200,18,85~89세,1633
2014,2,11200,19,90~94세,650
2014,2,11200,20,95~99세,203
2014,2,11200,21,100세 이상,153
2014,2,11215,1,0~4세,13902
2014,2,11215,2,5~9세,13218
2014,2,11215,3,10~14세,16090
2014,2,11215,4,15~19세,22193
2014,2,11215,5,20~24세,29377
2014,2,11215,6,25~29세,34895
2014,2,11215,7,30~34세,38048
2014,2,11215,8,35~39세,29779
2014,2,11215,9,40~44세,33443
2014,2,11215,10,45~49세,31926
2014,2,11215,11,50~54세,32629
2014,2,11215,12,55~59세,28104
2014,2,11215,13,60~64세,18078
2014,2,11215,14,65~69세,14127
2014,2,11215,15,70~74세,11086
2014,2,11215,16,75~79세,6977
2014,2,11215,17,80~84세,3532
2014,2,11215,18,85~89세,1708
2014,2,11215,19,90~94세,715
2014,2,11215,20,95~99세,180
2014,2,11215,21,100세 이상,139
2014,2,11230,1,0~4세,13784
2014,2,11230,2,5~9세,13151
2014,2,11230,3,10~14세,14843
2014,2,11230,4,15~19세,19571
2014,2,11230,5,20~24세,28956
2014,2,11230,6,25~29세,30753
2014,2,11230,7,30~34세,33154
2014,2,11230,8,35~39세,28904
2014,2,11230,9,40~44세,31984
2014,2,11230,10,45~49세,29150
2014,2,11230,11,50~54세,30789
2014,2,11230,12,55~59세,29043
2014,2,11230,13,60~64세,20765
2014,2,11230,14,65~69세,17239
2014,2,11230,15,70~74세,15061
2014,2,11230,16,75~79세,9461
2014,2,11230,17,80~84세,4649
2014,2,11230,18,85~89세,2156
2014,2,11230,19,90~94세,851
2014,2,11230,20,95~99세,202
2014,2,11230,21,100세 이상,198
2014,2,11260,1,0~4세,15956
2014,2,11260,2,5~9세,14726
2014,2,11260,3,10~14세,17305
2014,2,11260,4,15~19세,24176
2014,2,11260,5,20~24세,29626
2014,2,11260,6,25~29세,31290
2014,2,11260,7,30~34세,37742
2014,2,11260,8,35~39세,31515
2014,2,11260,9,40~44세,36183
2014,2,11260,10,45~49세,36224
2014,2,11260,11,50~54세,39147
2014,2,11260,12,55~59세,34707
2014,2,11260,13,60~64세,23649
2014,2,11260,14,65~69세,18574
2014,2,11260,15,70~74세,14897
2014,2,11260,16,75~79세,9148
2014,2,11260,17,80~84세,4558
2014,2,11260,18,85~89세,2163
2014,2,11260,19,90~94세,812
2014,2,11260,20,95~99세,216
2014,2,11260,21,100세 이상,127
2014,2,11290,1,0~4세,19329
2014,2,11290,2,5~9세,20189
2014,2,11290,3,10~14세,22198
2014,2,11290,4,15~19세,26545
2014,2,11290,5,20~24세,35640
2014,2,11290,6,25~29세,35966
2014,2,11290,7,30~34세,40791
2014,2,11290,8,35~39세,37980
2014,2,11290,9,40~44세,45086
2014,2,11290,10,45~49세,38439
2014,2,11290,11,50~54세,38497
2014,2,11290,12,55~59세,35176
2014,2,11290,13,60~64세,24943
2014,2,11290,14,65~69세,20993
2014,2,11290,15,70~74세,18400
2014,2,11290,16,75~79세,11734
2014,2,11290,17,80~84세,5823
2014,2,11290,18,85~89세,2750
2014,2,11290,19,90~94세,1052
2014,2,11290,20,95~99세,304
2014,2,11290,21,100세 이상,260
2014,2,11305,1,0~4세,12446
2014,2,11305,2,5~9세,11874
2014,2,11305,3,10~14세,14356
2014,2,11305,4,15~19세,18951
2014,2,11305,5,20~24세,22107
2014,2,11305,6,25~29세,22367
2014,2,11305,7,30~34세,28318
2014,2,11305,8,35~39세,26001
2014,2,11305,9,40~44세,30292
2014,2,11305,10,45~49세,27891
2014,2,11305,11,50~54세,28868
2014,2,11305,12,55~59세,27097
2014,2,11305,13,60~64세,19855
2014,2,11305,14,65~69세,17726
2014,2,11305,15,70~74세,15391
2014,2,11305,16,75~79세,9180
2014,2,11305,17,80~84세,4314
2014,2,11305,18,85~89세,1960
2014,2,11305,19,90~94세,768
2014,2,11305,20,95~99세,200
2014,2,11305,21,100세 이상,205
2014,2,11320,1,0~4세,13302
2014,2,11320,2,5~9세,13420
2014,2,11320,3,10~14세,17092
2014,2,11320,4,15~19세,22650
2014,2,11320,5,20~24세,25403
2014,2,11320,6,25~29세,23913
2014,2,11320,7,30~34세,28220
2014,2,11320,8,35~39세,25239
2014,2,11320,9,40~44세,31301
2014,2,11320,10,45~49세,30418
2014,2,11320,11,50~54세,32518
2014,2,11320,12,55~59세,30008
2014,2,11320,13,60~64세,19674
2014,2,11320,14,65~69세,15488
2014,2,11320,15,70~74세,13346
2014,2,11320,16,75~79세,8618
2014,2,11320,17,80~84세,4637
2014,2,11320,18,85~89세,2247
2014,2,11320,19,90~94세,808
2014,2,11320,20,95~99세,175
2014,2,11320,21,100세 이상,113
2014,2,11350,1,0~4세,22773
2014,2,11350,2,5~9세,24779
2014,2,11350,3,10~14세,34484
2014,2,11350,4,15~19세,43374
2014,2,11350,5,20~24세,43352
2014,2,11350,6,25~29세,36614
2014,2,11350,7,30~34세,45285
2014,2,11350,8,35~39세,43548
2014,2,11350,9,40~44세,55694
2014,2,11350,10,45~49세,53117
2014,2,11350,11,50~54세,50538
2014,2,11350,12,55~59세,43022
2014,2,11350,13,60~64세,28211
2014,2,11350,14,65~69세,21415
2014,2,11350,15,70~74세,18358
2014,2,11350,16,75~79세,12748
2014,2,11350,17,80~84세,7300
2014,2,11350,18,85~89세,3451
2014,2,11350,19,90~94세,1332
2014,2,11350,20,95~99세,299
2014,2,11350,21,100세 이상,184
2014,2,11380,1,0~4세,20691
2014,2,11380,2,5~9세,20384
2014,2,11380,3,10~14세,23872
2014,2,11380,4,15~19세,29618
2014,2,11380,5,20~24세,32994
2014,2,11380,6,25~29세,33472
2014,2,11380,7,30~34세,44327
2014,2,11380,8,35~39세,40651
2014,2,11380,9,40~44세,46581
2014,2,11380,10,45~49세,40796
2014,2,11380,11,50~54세,41650
2014,2,11380,12,55~59세,38107
2014,2,11380,13,60~64세,27213
2014,2,11380,14,65~69세,22868
2014,2,11380,15,70~74세,19629
2014,2,11380,16,75~79세,12382
2014,2,11380,17,80~84세,6123
2014,2,11380,18,85~89세,2852
2014,2,11380,19,90~94세,1121
2014,2,11380,20,95~99세,279
2014,2,11380,21,100세 이상,325
2014,2,11410,1,0~4세,11733
2014,2,11410,2,5~9세,11153
2014,2,11410,3,10~14세,13955
2014,2,11410,4,15~19세,18282
2014,2,11410,5,20~24세,25295
2014,2,11410,6,25~29세,25817
2014,2,11410,7,30~34세,27596
2014,2,11410,8,35~39세,23830
2014,2,11410,9,40~44세,28656
2014,2,11410,10,45~49세,26018
2014,2,11410,11,50~54세,26294
2014,2,11410,12,55~59세,23660
2014,2,11410,13,60~64세,16510
2014,2,11410,14,65~69세,14559
2014,2,11410,15,70~74세,13208
2014,2,11410,16,75~79세,9129
2014,2,11410,17,80~84세,4455
2014,2,11410,18,85~89세,2056
2014,2,11410,19,90~94세,842
2014,2,11410,20,95~99세,221
2014,2,11410,21,100세 이상,180
2014,2,11440,1,0~4세,15907
2014,2,11440,2,5~9세,15699
2014,2,11440,3,10~14세,16912
2014,2,11440,4,15~19세,20014
2014,2,11440,5,20~24세,27197
2014,2,11440,6,25~29세,33247
2014,2,11440,7,30~34세,39783
2014,2,11440,8,35~39세,34823
2014,2,11440,9,40~44세,37531
2014,2,11440,10,45~49세,30042
2014,2,11440,11,50~54세,29477
2014,2,11440,12,55~59세,25764
2014,2,11440,13,60~64세,17892
2014,2,11440,14,65~69세,15517
2014,2,11440,15,70~74세,13538
2014,2,11440,16,75~79세,9087
2014,2,11440,17,80~84세,4787
2014,2,11440,18,85~89세,2176
2014,2,11440,19,90~94세,868
2014,2,11440,20,95~99세,245
2014,2,11440,21,100세 이상,206
2014,2,11470,1,0~4세,18148
2014,2,11470,2,5~9세,21461
2014,2,11470,3,10~14세,30050
2014,2,11470,4,15~19세,38300
2014,2,11470,5,20~24세,35397
2014,2,11470,6,25~29세,31166
2014,2,11470,7,30~34세,37432
2014,2,11470,8,35~39세,35316
2014,2,11470,9,40~44세,46787
2014,2,11470,10,45~49세,47903
2014,2,11470,11,50~54세,45057
2014,2,11470,12,55~59세,36571
2014,2,11470,13,60~64세,23873
2014,2,11470,14,65~69세,17305
2014,2,11470,15,70~74세,12806
2014,2,11470,16,75~79세,8424
2014,2,11470,17,80~84세,4859
2014,2,11470,18,85~89세,2484
2014,2,11470,19,90~94세,921
2014,2,11470,20,95~99세,210
2014,2,11470,21,100세 이상,113
2014,2,11500,1,0~4세,25572
2014,2,11500,2,5~9세,22901
2014,2,11500,3,10~14세,26298
2014,2,11500,4,15~19세,33028
2014,2,11500,5,20~24세,39259
2014,2,11500,6,25~29세,43365
2014,2,11500,7,30~34세,57251
2014,2,11500,8,35~39세,48566
2014,2,11500,9,40~44세,50039
2014,2,11500,10,45~49세,44896
2014,2,11500,11,50~54세,48539
2014,2,11500,12,55~59세,45224
2014,2,11500,13,60~64세,30840
2014,2,11500,14,65~69세,22933
2014,2,11500,15,70~74세,16634
2014,2,11500,16,75~79세,10754
2014,2,11500,17,80~84세,6310
2014,2,11500,18,85~89세,3200
2014,2,11500,19,90~94세,1203
2014,2,11500,20,95~99세,261
2014,2,11500,21,100세 이상,181
2014,2,11530,1,0~4세,21908
2014,2,11530,2,5~9세,18335
2014,2,11530,3,10~14세,18323
2014,2,11530,4,15~19세,22388
2014,2,11530,5,20~24세,27515
2014,2,11530,6,25~29세,33922
2014,2,11530,7,30~34세,45506
2014,2,11530,8,35~39세,40639
2014,2,11530,9,40~44세,40911
2014,2,11530,10,45~49세,36520
2014,2,11530,11,50~54세,39472
2014,2,11530,12,55~59세,36803
2014,2,11530,13,60~64세,25475
2014,2,11530,14,65~69세,19196
2014,2,11530,15,70~74세,14363
2014,2,11530,16,75~79세,8876
2014,2,11530,17,80~84세,4337
2014,2,11530,18,85~89세,1998
2014,2,11530,19,90~94세,737
2014,2,11530,20,95~99세,168
2014,2,11530,21,100세 이상,124
2014,2,11545,1,0~4세,9193
2014,2,11545,2,5~9세,8290
2014,2,11545,3,10~14세,9662
2014,2,11545,4,15~19세,13638
2014,2,11545,5,20~24세,16968
2014,2,11545,6,25~29세,20198
2014,2,11545,7,30~34세,23481
2014,2,11545,8,35~39세,19846
2014,2,11545,9,40~44세,22780
2014,2,11545,10,45~49세,23770
2014,2,11545,11,50~54세,25521
2014,2,11545,12,55~59세,21774
2014,2,11545,13,60~64세,14477
2014,2,11545,14,65~69세,10858
2014,2,11545,15,70~74세,8563
2014,2,11545,16,75~79세,5102
2014,2,11545,17,80~84세,2574
2014,2,11545,18,85~89세,1144
2014,2,11545,19,90~94세,449
2014,2,11545,20,95~99세,136
2014,2,11545,21,100세 이상,108
2014,2,11560,1,0~4세,17197
2014,2,11560,2,5~9세,14945
2014,2,11560,3,10~14세,15239
2014,2,11560,4,15~19세,19689
2014,2,11560,5,20~24세,25202
2014,2,11560,6,25~29세,34716
2014,2,11560,7,30~34세,41860
2014,2,11560,8,35~39세,35793
2014,2,11560,9,40~44세,38112
2014,2,11560,10,45~49세,35603
2014,2,11560,11,50~54세,38450
2014,2,11560,12,55~59세,34768
2014,2,11560,13,60~64세,22818
2014,2,11560,14,65~69세,17620
2014,2,11560,15,70~74세,13942
2014,2,11560,16,75~79세,9383
2014,2,11560,17,80~84세,4619
2014,2,11560,18,85~89세,2214
2014,2,11560,19,90~94세,868
2014,2,11560,20,95~99세,242
2014,2,11560,21,100세 이상,238
2014,2,11590,1,0~4세,17140
2014,2,11590,2,5~9세,15546
2014,2,11590,3,10~14세,16677
2014,2,11590,4,15~19세,21568
2014,2,11590,5,20~24세,30553
2014,2,11590,6,25~29세,37820
2014,2,11590,7,30~34세,42716
2014,2,11590,8,35~39세,35133
2014,2,11590,9,40~44세,36118
2014,2,11590,10,45~49세,31181
2014,2,11590,11,50~54세,33571
2014,2,11590,12,55~59세,30826
2014,2,11590,13,60~64세,22204
2014,2,11590,14,65~69세,18452
2014,2,11590,15,70~74세,14846
2014,2,11590,16,75~79세,9280
2014,2,11590,17,80~84세,4872
2014,2,11590,18,85~89세,2326
2014,2,11590,19,90~94세,957
2014,2,11590,20,95~99세,253
2014,2,11590,21,100세 이상,195
2014,2,11620,1,0~4세,18820
2014,2,11620,2,5~9세,16726
2014,2,11620,3,10~14세,18228
2014,2,11620,4,15~19세,24533
2014,2,11620,5,20~24세,39504
2014,2,11620,6,25~29세,58164
2014,2,11620,7,30~34세,61909
2014,2,11620,8,35~39세,45368
2014,2,11620,9,40~44세,45211
2014,2,11620,10,45~49세,38653
2014,2,11620,11,50~54세,40403
2014,2,11620,12,55~59세,37634
2014,2,11620,13,60~64세,28266
2014,2,11620,14,65~69세,23367
2014,2,11620,15,70~74세,18608
2014,2,11620,16,75~79세,10570
2014,2,11620,17,80~84세,4957
2014,2,11620,18,85~89세,2325
2014,2,11620,19,90~94세,908
2014,2,11620,20,95~99세,242
2014,2,11620,21,100세 이상,221
2014,2,11650,1,0~4세,20613
2014,2,11650,2,5~9세,21043
2014,2,11650,3,10~14세,24434
2014,2,11650,4,15~19세,28035
2014,2,11650,5,20~24세,28565
2014,2,11650,6,25~29세,32304
2014,2,11650,7,30~34세,41658
2014,2,11650,8,35~39세,38049
2014,2,11650,9,40~44세,44111
2014,2,11650,10,45~49세,37226
2014,2,11650,11,50~54세,33533
2014,2,11650,12,55~59세,30913
2014,2,11650,13,60~64세,22143
2014,2,11650,14,65~69세,17839
2014,2,11650,15,70~74세,12462
2014,2,11650,16,75~79세,7496
2014,2,11650,17,80~84세,4171
2014,2,11650,18,85~89세,2440
2014,2,11650,19,90~94세,1022
2014,2,11650,20,95~99세,295
2014,2,11650,21,100세 이상,159
2014,2,11680,1,0~4세,21375
2014,2,11680,2,5~9세,21363
2014,2,11680,3,10~14세,29395
2014,2,11680,4,15~19세,41320
2014,2,11680,5,20~24세,40589
2014,2,11680,6,25~29세,45076
2014,2,11680,7,30~34세,56422
2014,2,11680,8,35~39세,46462
2014,2,11680,9,40~44세,52404
2014,2,11680,10,45~49세,51266
2014,2,11680,11,50~54세,45904
2014,2,11680,12,55~59세,39445
2014,2,11680,13,60~64세,27843
2014,2,11680,14,65~69세,21834
2014,2,11680,15,70~74세,14807
2014,2,11680,16,75~79세,8807
2014,2,11680,17,80~84세,5115
2014,2,11680,18,85~89세,2998
2014,2,11680,19,90~94세,1285
2014,2,11680,20,95~99세,334
2014,2,11680,21,100세 이상,182
2014,2,11710,1,0~4세,29383
2014,2,11710,2,5~9세,28998
2014,2,11710,3,10~14세,35038
2014,2,11710,4,15~19세,42357
2014,2,11710,5,20~24세,46048
2014,2,11710,6,25~29세,51407
2014,2,11710,7,30~34세,64542
2014,2,11710,8,35~39세,55719
2014,2,11710,9,40~44세,61947
2014,2,11710,10,45~49세,56473
2014,2,11710,11,50~54세,56429
2014,2,11710,12,55~59세,50914
2014,2,11710,13,60~64세,34735
2014,2,11710,14,65~69세,24733
2014,2,11710,15,70~74세,17124
2014,2,11710,16,75~79세,10610
2014,2,11710,17,80~84세,6014
2014,2,11710,18,85~89세,3211
2014,2,11710,19,90~94세,1267
2014,2,11710,20,95~99세,338
2014,2,11710,21,100세 이상,173
2014,2,11740,1,0~4세,20368
2014,2,11740,2,5~9세,19408
2014,2,11740,3,10~14세,22720
2014,2,11740,4,15~19세,30075
2014,2,11740,5,20~24세,33723
2014,2,11740,6,25~29세,35381
2014,2,11740,7,30~34세,44430
2014,2,11740,8,35~39세,38347
2014,2,11740,9,40~44세,41302
2014,2,11740,10,45~49세,40354
2014,2,11740,11,50~54세,43761
2014,2,11740,12,55~59세,39964
2014,2,11740,13,60~64세,26678
2014,2,11740,14,65~69세,18998
2014,2,11740,15,70~74세,13190
2014,2,11740,16,75~79세,8048
2014,2,11740,17,80~84세,4682
2014,2,11740,18,85~89세,2581
2014,2,11740,19,90~94세,1003
2014,2,11740,20,95~99세,245
2014,2,11740,21,100세 이상,164
2014,3,11110,1,0~4세,4622
2014,3,11110,2,5~9세,5110
2014,3,11110,3,10~14세,6789
2014,3,11110,4,15~19세,9436
2014,3,11110,5,20~24세,13112
2014,3,11110,6,25~29세,13459
2014,3,11110,7,30~34세,13012
2014,3,11110,8,35~39세,11243
2014,3,11110,9,40~44세,14585
2014,3,11110,10,45~49세,14194
2014,3,11110,11,50~54세,14435
2014,3,11110,12,55~59세,12830
2014,3,11110,13,60~64세,8940
2014,3,11110,14,65~69세,7726
2014,3,11110,15,70~74세,7021
2014,3,11110,16,75~79세,4753
2014,3,11110,17,80~84세,2606
2014,3,11110,18,85~89세,1351
2014,3,11110,19,90~94세,601
2014,3,11110,20,95~99세,184
2014,3,11110,21,100세 이상,191
2014,3,11140,1,0~4세,4854
2014,3,11140,2,5~9세,4081
2014,3,11140,3,10~14세,4379
2014,3,11140,4,15~19세,6100
2014,3,11140,5,20~24세,9390
2014,3,11140,6,25~29세,10792
2014,3,11140,7,30~34세,12291
2014,3,11140,8,35~39세,10607
2014,3,11140,9,40~44세,11684
2014,3,11140,10,45~49세,11189
2014,3,11140,11,50~54세,12088
2014,3,11140,12,55~59세,11579
2014,3,11140,13,60~64세,7911
2014,3,11140,14,65~69세,6455
2014,3,11140,15,70~74세,5631
2014,3,11140,16,75~79세,3826
2014,3,11140,17,80~84세,2130
2014,3,11140,18,85~89세,1066
2014,3,11140,19,90~94세,438
2014,3,11140,20,95~99세,155
2014,3,11140,21,100세 이상,127
2014,3,11170,1,0~4세,9793
2014,3,11170,2,5~9세,9135
2014,3,11170,3,10~14세,9887
2014,3,11170,4,15~19세,12230
2014,3,11170,5,20~24세,15382
2014,3,11170,6,25~29세,18483
2014,3,11170,7,30~34세,23910
2014,3,11170,8,35~39세,20891
2014,3,11170,9,40~44세,23427
2014,3,11170,10,45~49세,20614
2014,3,11170,11,50~54세,20376
2014,3,11170,12,55~59세,18389
2014,3,11170,13,60~64세,12782
2014,3,11170,14,65~69세,10880
2014,3,11170,15,70~74세,9685
2014,3,11170,16,75~79세,7077
2014,3,11170,17,80~84세,3795
2014,3,11170,18,85~89세,1967
2014,3,11170,19,90~94세,751
2014,3,11170,20,95~99세,228
2014,3,11170,21,100세 이상,248
2014,3,11200,1,0~4세,12519
2014,3,11200,2,5~9세,11314
2014,3,11200,3,10~14세,12226
2014,3,11200,4,15~19세,15731
2014,3,11200,5,20~24세,22263
2014,3,11200,6,25~29세,24095
2014,3,11200,7,30~34세,28594
2014,3,11200,8,35~39세,25467
2014,3,11200,9,40~44세,27819
2014,3,11200,10,45~49세,24852
2014,3,11200,11,50~54세,26003
2014,3,11200,12,55~59세,22969
2014,3,11200,13,60~64세,15453
2014,3,11200,14,65~69세,12529
2014,3,11200,15,70~74세,10735
2014,3,11200,16,75~79세,6975
2014,3,11200,17,80~84세,3534
2014,3,11200,18,85~89세,1665
2014,3,11200,19,90~94세,649
2014,3,11200,20,95~99세,200
2014,3,11200,21,100세 이상,160
2014,3,11215,1,0~4세,13881
2014,3,11215,2,5~9세,13080
2014,3,11215,3,10~14세,15911
2014,3,11215,4,15~19세,22081
2014,3,11215,5,20~24세,29790
2014,3,11215,6,25~29세,34505
2014,3,11215,7,30~34세,37545
2014,3,11215,8,35~39세,29868
2014,3,11215,9,40~44세,33008
2014,3,11215,10,45~49세,31969
2014,3,11215,11,50~54세,32373
2014,3,11215,12,55~59세,28374
2014,3,11215,13,60~64세,18237
2014,3,11215,14,65~69세,14253
2014,3,11215,15,70~74세,11142
2014,3,11215,16,75~79세,7028
2014,3,11215,17,80~84세,3570
2014,3,11215,18,85~89세,1747
2014,3,11215,19,90~94세,721
2014,3,11215,20,95~99세,181
2014,3,11215,21,100세 이상,144
2014,3,11230,1,0~4세,13766
2014,3,11230,2,5~9세,13118
2014,3,11230,3,10~14세,14620
2014,3,11230,4,15~19세,19524
2014,3,11230,5,20~24세,29662
2014,3,11230,6,25~29세,30631
2014,3,11230,7,30~34세,32791
2014,3,11230,8,35~39세,28854
2014,3,11230,9,40~44세,31777
2014,3,11230,10,45~49세,29302
2014,3,11230,11,50~54세,30675
2014,3,11230,12,55~59세,29225
2014,3,11230,13,60~64세,20928
2014,3,11230,14,65~69세,17407
2014,3,11230,15,70~74세,15091
2014,3,11230,16,75~79세,9646
2014,3,11230,17,80~84세,4758
2014,3,11230,18,85~89세,2187
2014,3,11230,19,90~94세,862
2014,3,11230,20,95~99세,204
2014,3,11230,21,100세 이상,204
2014,3,11260,1,0~4세,16210
2014,3,11260,2,5~9세,14688
2014,3,11260,3,10~14세,16991
2014,3,11260,4,15~19세,23890
2014,3,11260,5,20~24세,29924
2014,3,11260,6,25~29세,31264
2014,3,11260,7,30~34세,37655
2014,3,11260,8,35~39세,31759
2014,3,11260,9,40~44세,35708
2014,3,11260,10,45~49세,36343
2014,3,11260,11,50~54세,39109
2014,3,11260,12,55~59세,35189
2014,3,11260,13,60~64세,23873
2014,3,11260,14,65~69세,18959
2014,3,11260,15,70~74세,15064
2014,3,11260,16,75~79세,9356
2014,3,11260,17,80~84세,4660
2014,3,11260,18,85~89세,2238
2014,3,11260,19,90~94세,834
2014,3,11260,20,95~99세,204
2014,3,11260,21,100세 이상,136
2014,3,11290,1,0~4세,19050
2014,3,11290,2,5~9세,20011
2014,3,11290,3,10~14세,21843
2014,3,11290,4,15~19세,26443
2014,3,11290,5,20~24세,36122
2014,3,11290,6,25~29세,35639
2014,3,11290,7,30~34세,39877
2014,3,11290,8,35~39세,37570
2014,3,11290,9,40~44세,44554
2014,3,11290,10,45~49세,38594
2014,3,11290,11,50~54세,38084
2014,3,11290,12,55~59세,35169
2014,3,11290,13,60~64세,24974
2014,3,11290,14,65~69세,21190
2014,3,11290,15,70~74세,18426
2014,3,11290,16,75~79세,11974
2014,3,11290,17,80~84세,5863
2014,3,11290,18,85~89세,2803
2014,3,11290,19,90~94세,1043
2014,3,11290,20,95~99세,317
2014,3,11290,21,100세 이상,264
2014,3,11305,1,0~4세,12377
2014,3,11305,2,5~9세,11685
2014,3,11305,3,10~14세,14148
2014,3,11305,4,15~19세,18827
2014,3,11305,5,20~24세,22337
2014,3,11305,6,25~29세,22250
2014,3,11305,7,30~34세,27765
2014,3,11305,8,35~39세,25827
2014,3,11305,9,40~44세,29978
2014,3,11305,10,45~49세,28051
2014,3,11305,11,50~54세,28756
2014,3,11305,12,55~59세,27313
2014,3,11305,13,60~64세,19987
2014,3,11305,14,65~69세,17932
2014,3,11305,15,70~74세,15459
2014,3,11305,16,75~79세,9429
2014,3,11305,17,80~84세,4379
2014,3,11305,18,85~89세,2014
2014,3,11305,19,90~94세,757
2014,3,11305,20,95~99세,215
2014,3,11305,21,100세 이상,206
2014,3,11320,1,0~4세,13167
2014,3,11320,2,5~9세,13267
2014,3,11320,3,10~14세,16807
2014,3,11320,4,15~19세,22325
2014,3,11320,5,20~24세,25441
2014,3,11320,6,25~29세,23801
2014,3,11320,7,30~34세,27706
2014,3,11320,8,35~39세,25171
2014,3,11320,9,40~44세,30844
2014,3,11320,10,45~49세,30455
2014,3,11320,11,50~54세,32256
2014,3,11320,12,55~59세,30177
2014,3,11320,13,60~64세,19876
2014,3,11320,14,65~69세,15751
2014,3,11320,15,70~74세,13374
2014,3,11320,16,75~79세,8802
2014,3,11320,17,80~84세,4687
2014,3,11320,18,85~89세,2267
2014,3,11320,19,90~94세,828
2014,3,11320,20,95~99세,182
2014,3,11320,21,100세 이상,114
2014,3,11350,1,0~4세,22650
2014,3,11350,2,5~9세,24473
2014,3,11350,3,10~14세,34003
2014,3,11350,4,15~19세,43088
2014,3,11350,5,20~24세,43665
2014,3,11350,6,25~29세,36451
2014,3,11350,7,30~34세,44453
2014,3,11350,8,35~39세,43303
2014,3,11350,9,40~44세,54953
2014,3,11350,10,45~49세,53502
2014,3,11350,11,50~54세,50362
2014,3,11350,12,55~59세,43398
2014,3,11350,13,60~64세,28494
2014,3,11350,14,65~69세,21759
2014,3,11350,15,70~74세,18472
2014,3,11350,16,75~79세,12939
2014,3,11350,17,80~84세,7408
2014,3,11350,18,85~89세,3537
2014,3,11350,19,90~94세,1369
2014,3,11350,20,95~99세,292
2014,3,11350,21,100세 이상,196
2014,3,11380,1,0~4세,20496
2014,3,11380,2,5~9세,20140
2014,3,11380,3,10~14세,23559
2014,3,11380,4,15~19세,29320
2014,3,11380,5,20~24세,33066
2014,3,11380,6,25~29세,33243
2014,3,11380,7,30~34세,43510
2014,3,11380,8,35~39세,40492
2014,3,11380,9,40~44세,46189
2014,3,11380,10,45~49세,41054
2014,3,11380,11,50~54세,41474
2014,3,11380,12,55~59세,38284
2014,3,11380,13,60~64세,27366
2014,3,11380,14,65~69세,23255
2014,3,11380,15,70~74세,19620
2014,3,11380,16,75~79세,12665
2014,3,11380,17,80~84세,6199
2014,3,11380,18,85~89세,2921
2014,3,11380,19,90~94세,1136
2014,3,11380,20,95~99세,287
2014,3,11380,21,100세 이상,327
2014,3,11410,1,0~4세,11595
2014,3,11410,2,5~9세,11073
2014,3,11410,3,10~14세,13798
2014,3,11410,4,15~19세,18329
2014,3,11410,5,20~24세,26120
2014,3,11410,6,25~29세,25706
2014,3,11410,7,30~34세,27077
2014,3,11410,8,35~39세,23606
2014,3,11410,9,40~44세,28342
2014,3,11410,10,45~49세,26153
2014,3,11410,11,50~54세,26187
2014,3,11410,12,55~59세,23886
2014,3,11410,13,60~64세,16595
2014,3,11410,14,65~69세,14653
2014,3,11410,15,70~74세,13208
2014,3,11410,16,75~79세,9286
2014,3,11410,17,80~84세,4510
2014,3,11410,18,85~89세,2158
2014,3,11410,19,90~94세,861
2014,3,11410,20,95~99세,235
2014,3,11410,21,100세 이상,182
2014,3,11440,1,0~4세,15802
2014,3,11440,2,5~9세,15525
2014,3,11440,3,10~14세,16673
2014,3,11440,4,15~19세,19840
2014,3,11440,5,20~24세,27553
2014,3,11440,6,25~29세,33209
2014,3,11440,7,30~34세,39579
2014,3,11440,8,35~39세,34597
2014,3,11440,9,40~44세,37158
2014,3,11440,10,45~49세,30229
2014,3,11440,11,50~54세,29371
2014,3,11440,12,55~59세,25922
2014,3,11440,13,60~64세,17880
2014,3,11440,14,65~69세,15577
2014,3,11440,15,70~74세,13568
2014,3,11440,16,75~79세,9200
2014,3,11440,17,80~84세,4844
2014,3,11440,18,85~89세,2219
2014,3,11440,19,90~94세,883
2014,3,11440,20,95~99세,251
2014,3,11440,21,100세 이상,212
2014,3,11470,1,0~4세,17953
2014,3,11470,2,5~9세,21087
2014,3,11470,3,10~14세,29537
2014,3,11470,4,15~19세,37958
2014,3,11470,5,20~24세,35352
2014,3,11470,6,25~29세,30944
2014,3,11470,7,30~34세,36953
2014,3,11470,8,35~39세,34863
2014,3,11470,9,40~44세,46104
2014,3,11470,10,45~49세,47768
2014,3,11470,11,50~54세,44749
2014,3,11470,12,55~59세,36834
2014,3,11470,13,60~64세,24101
2014,3,11470,14,65~69세,17563
2014,3,11470,15,70~74세,12897
2014,3,11470,16,75~79세,8537
2014,3,11470,17,80~84세,4887
2014,3,11470,18,85~89세,2517
2014,3,11470,19,90~94세,929
2014,3,11470,20,95~99세,208
2014,3,11470,21,100세 이상,119
2014,3,11500,1,0~4세,26692
2014,3,11500,2,5~9세,23572
2014,3,11500,3,10~14세,26502
2014,3,11500,4,15~19세,33090
2014,3,11500,5,20~24세,39759
2014,3,11500,6,25~29세,44116
2014,3,11500,7,30~34세,58080
2014,3,11500,8,35~39세,50005
2014,3,11500,9,40~44세,50808
2014,3,11500,10,45~49세,45692
2014,3,11500,11,50~54세,48695
2014,3,11500,12,55~59세,46265
2014,3,11500,13,60~64세,31514
2014,3,11500,14,65~69세,23878
2014,3,11500,15,70~74세,16993
2014,3,11500,16,75~79세,10989
2014,3,11500,17,80~84세,6479
2014,3,11500,18,85~89세,3310
2014,3,11500,19,90~94세,1228
2014,3,11500,20,95~99세,273
2014,3,11500,21,100세 이상,183
2014,3,11530,1,0~4세,21933
2014,3,11530,2,5~9세,18241
2014,3,11530,3,10~14세,18063
2014,3,11530,4,15~19세,22139
2014,3,11530,5,20~24세,27769
2014,3,11530,6,25~29세,33860
2014,3,11530,7,30~34세,44784
2014,3,11530,8,35~39세,40686
2014,3,11530,9,40~44세,41012
2014,3,11530,10,45~49세,36875
2014,3,11530,11,50~54세,39426
2014,3,11530,12,55~59세,37346
2014,3,11530,13,60~64세,25521
2014,3,11530,14,65~69세,19527
2014,3,11530,15,70~74세,14504
2014,3,11530,16,75~79세,9000
2014,3,11530,17,80~84세,4447
2014,3,11530,18,85~89세,2062
2014,3,11530,19,90~94세,736
2014,3,11530,20,95~99세,169
2014,3,11530,21,100세 이상,126
2014,3,11545,1,0~4세,9225
2014,3,11545,2,5~9세,8214
2014,3,11545,3,10~14세,9517
2014,3,11545,4,15~19세,13418
2014,3,11545,5,20~24세,17037
2014,3,11545,6,25~29세,20273
2014,3,11545,7,30~34세,23159
2014,3,11545,8,35~39세,19837
2014,3,11545,9,40~44세,22535
2014,3,11545,10,45~49세,23884
2014,3,11545,11,50~54세,25408
2014,3,11545,12,55~59세,22063
2014,3,11545,13,60~64세,14634
2014,3,11545,14,65~69세,11003
2014,3,11545,15,70~74세,8624
2014,3,11545,16,75~79세,5183
2014,3,11545,17,80~84세,2622
2014,3,11545,18,85~89세,1155
2014,3,11545,19,90~94세,442
2014,3,11545,20,95~99세,154
2014,3,11545,21,100세 이상,109
2014,3,11560,1,0~4세,17091
2014,3,11560,2,5~9세,14821
2014,3,11560,3,10~14세,15026
2014,3,11560,4,15~19세,19359
2014,3,11560,5,20~24세,25289
2014,3,11560,6,25~29세,34685
2014,3,11560,7,30~34세,41318
2014,3,11560,8,35~39세,35592
2014,3,11560,9,40~44세,37781
2014,3,11560,10,45~49세,35805
2014,3,11560,11,50~54세,38441
2014,3,11560,12,55~59세,35125
2014,3,11560,13,60~64세,22978
2014,3,11560,14,65~69세,17848
2014,3,11560,15,70~74세,13987
2014,3,11560,16,75~79세,9455
2014,3,11560,17,80~84세,4738
2014,3,11560,18,85~89세,2227
2014,3,11560,19,90~94세,877
2014,3,11560,20,95~99세,240
2014,3,11560,21,100세 이상,242
2014,3,11590,1,0~4세,17126
2014,3,11590,2,5~9세,15365
2014,3,11590,3,10~14세,16424
2014,3,11590,4,15~19세,21360
2014,3,11590,5,20~24세,30900
2014,3,11590,6,25~29세,37435
2014,3,11590,7,30~34세,41908
2014,3,11590,8,35~39세,35138
2014,3,11590,9,40~44세,35858
2014,3,11590,10,45~49세,31301
2014,3,11590,11,50~54세,33293
2014,3,11590,12,55~59세,31155
2014,3,11590,13,60~64세,22183
2014,3,11590,14,65~69세,18775
2014,3,11590,15,70~74세,14881
2014,3,11590,16,75~79세,9462
2014,3,11590,17,80~84세,4980
2014,3,11590,18,85~89세,2362
2014,3,11590,19,90~94세,934
2014,3,11590,20,95~99세,258
2014,3,11590,21,100세 이상,206
2014,3,11620,1,0~4세,18825
2014,3,11620,2,5~9세,16587
2014,3,11620,3,10~14세,17885
2014,3,11620,4,15~19세,24158
2014,3,11620,5,20~24세,39857
2014,3,11620,6,25~29세,58050
2014,3,11620,7,30~34세,61009
2014,3,11620,8,35~39세,45243
2014,3,11620,9,40~44세,44915
2014,3,11620,10,45~49세,38885
2014,3,11620,11,50~54세,40262
2014,3,11620,12,55~59세,37874
2014,3,11620,13,60~64세,28217
2014,3,11620,14,65~69세,23663
2014,3,11620,15,70~74세,18758
2014,3,11620,16,75~79세,10865
2014,3,11620,17,80~84세,5032
2014,3,11620,18,85~89세,2333
2014,3,11620,19,90~94세,905
2014,3,11620,20,95~99세,245
2014,3,11620,21,100세 이상,224
2014,3,11650,1,0~4세,21126
2014,3,11650,2,5~9세,21371
2014,3,11650,3,10~14세,24547
2014,3,11650,4,15~19세,28229
2014,3,11650,5,20~24세,28917
2014,3,11650,6,25~29세,32389
2014,3,11650,7,30~34세,41534
2014,3,11650,8,35~39세,38621
2014,3,11650,9,40~44세,44267
2014,3,11650,10,45~49세,37810
2014,3,11650,11,50~54세,33722
2014,3,11650,12,55~59세,31278
2014,3,11650,13,60~64세,22287
2014,3,11650,14,65~69세,18247
2014,3,11650,15,70~74세,12657
2014,3,11650,16,75~79세,7661
2014,3,11650,17,80~84세,4281
2014,3,11650,18,85~89세,2476
2014,3,11650,19,90~94세,1053
2014,3,11650,20,95~99세,294
2014,3,11650,21,100세 이상,155
2014,3,11680,1,0~4세,21574
2014,3,11680,2,5~9세,21721
2014,3,11680,3,10~14세,29458
2014,3,11680,4,15~19세,41532
2014,3,11680,5,20~24세,41040
2014,3,11680,6,25~29세,45388
2014,3,11680,7,30~34세,56120
2014,3,11680,8,35~39세,47157
2014,3,11680,9,40~44세,52498
2014,3,11680,10,45~49세,51833
2014,3,11680,11,50~54세,46244
2014,3,11680,12,55~59세,39856
2014,3,11680,13,60~64세,28185
2014,3,11680,14,65~69세,22363
2014,3,11680,15,70~74세,15071
2014,3,11680,16,75~79세,8983
2014,3,11680,17,80~84세,5225
2014,3,11680,18,85~89세,3034
2014,3,11680,19,90~94세,1287
2014,3,11680,20,95~99세,347
2014,3,11680,21,100세 이상,186
2014,3,11710,1,0~4세,29238
2014,3,11710,2,5~9세,28826
2014,3,11710,3,10~14세,34413
2014,3,11710,4,15~19세,41797
2014,3,11710,5,20~24세,46070
2014,3,11710,6,25~29세,50896
2014,3,11710,7,30~34세,63768
2014,3,11710,8,35~39세,55575
2014,3,11710,9,40~44세,61187
2014,3,11710,10,45~49세,56660
2014,3,11710,11,50~54세,56026
2014,3,11710,12,55~59세,51203
2014,3,11710,13,60~64세,34999
2014,3,11710,14,65~69세,25219
2014,3,11710,15,70~74세,17281
2014,3,11710,16,75~79세,10721
2014,3,11710,17,80~84세,6083
2014,3,11710,18,85~89세,3271
2014,3,11710,19,90~94세,1277
2014,3,11710,20,95~99세,337
2014,3,11710,21,100세 이상,174
2014,3,11740,1,0~4세,20170
2014,3,11740,2,5~9세,19171
2014,3,11740,3,10~14세,22456
2014,3,11740,4,15~19세,29697
2014,3,11740,5,20~24세,33572
2014,3,11740,6,25~29세,35091
2014,3,11740,7,30~34세,43575
2014,3,11740,8,35~39세,38343
2014,3,11740,9,40~44세,40906
2014,3,11740,10,45~49세,40203
2014,3,11740,11,50~54세,43326
2014,3,11740,12,55~59세,40255
2014,3,11740,13,60~64세,26964
2014,3,11740,14,65~69세,19385
2014,3,11740,15,70~74세,13357
2014,3,11740,16,75~79세,8209
2014,3,11740,17,80~84세,4690
2014,3,11740,18,85~89세,2612
2014,3,11740,19,90~94세,995
2014,3,11740,20,95~99세,256
2014,3,11740,21,100세 이상,164
2014,4,11110,1,0~4세,4609
2014,4,11110,2,5~9세,4991
2014,4,11110,3,10~14세,6704
2014,4,11110,4,15~19세,9372
2014,4,11110,5,20~24세,12979
2014,4,11110,6,25~29세,13283
2014,4,11110,7,30~34세,12696
2014,4,11110,8,35~39세,11242
2014,4,11110,9,40~44세,14467
2014,4,11110,10,45~49세,14123
2014,4,11110,11,50~54세,14388
2014,4,11110,12,55~59세,12965
2014,4,11110,13,60~64세,8988
2014,4,11110,14,65~69세,7748
2014,4,11110,15,70~74세,6956
2014,4,11110,16,75~79세,4814
2014,4,11110,17,80~84세,2663
2014,4,11110,18,85~89세,1370
2014,4,11110,19,90~94세,606
2014,4,11110,20,95~99세,183
2014,4,11110,21,100세 이상,197
2014,4,11140,1,0~4세,4806
2014,4,11140,2,5~9세,4036
2014,4,11140,3,10~14세,4268
2014,4,11140,4,15~19세,6026
2014,4,11140,5,20~24세,9379
2014,4,11140,6,25~29세,10711
2014,4,11140,7,30~34세,12125
2014,4,11140,8,35~39세,10544
2014,4,11140,9,40~44세,11593
2014,4,11140,10,45~49세,11074
2014,4,11140,11,50~54세,12037
2014,4,11140,12,55~59세,11664
2014,4,11140,13,60~64세,8004
2014,4,11140,14,65~69세,6491
2014,4,11140,15,70~74세,5619
2014,4,11140,16,75~79세,3866
2014,4,11140,17,80~84세,2154
2014,4,11140,18,85~89세,1096
2014,4,11140,19,90~94세,456
2014,4,11140,20,95~99세,148
2014,4,11140,21,100세 이상,130
2014,4,11170,1,0~4세,9715
2014,4,11170,2,5~9세,9094
2014,4,11170,3,10~14세,9744
2014,4,11170,4,15~19세,12054
2014,4,11170,5,20~24세,15322
2014,4,11170,6,25~29세,18528
2014,4,11170,7,30~34세,23628
2014,4,11170,8,35~39세,20867
2014,4,11170,9,40~44세,23210
2014,4,11170,10,45~49세,20809
2014,4,11170,11,50~54세,20304
2014,4,11170,12,55~59세,18678
2014,4,11170,13,60~64세,13065
2014,4,11170,14,65~69세,10968
2014,4,11170,15,70~74세,9637
2014,4,11170,16,75~79세,7122
2014,4,11170,17,80~84세,3897
2014,4,11170,18,85~89세,1997
2014,4,11170,19,90~94세,772
2014,4,11170,20,95~99세,241
2014,4,11170,21,100세 이상,262
2014,4,11200,1,0~4세,12476
2014,4,11200,2,5~9세,11142
2014,4,11200,3,10~14세,11941
2014,4,11200,4,15~19세,15586
2014,4,11200,5,20~24세,22051
2014,4,11200,6,25~29세,23984
2014,4,11200,7,30~34세,27795
2014,4,11200,8,35~39세,25405
2014,4,11200,9,40~44세,27561
2014,4,11200,10,45~49세,24838
2014,4,11200,11,50~54세,25662
2014,4,11200,12,55~59세,23259
2014,4,11200,13,60~64세,15507
2014,4,11200,14,65~69세,12639
2014,4,11200,15,70~74세,10685
2014,4,11200,16,75~79세,7047
2014,4,11200,17,80~84세,3630
2014,4,11200,18,85~89세,1664
2014,4,11200,19,90~94세,653
2014,4,11200,20,95~99세,202
2014,4,11200,21,100세 이상,164
2014,4,11215,1,0~4세,13800
2014,4,11215,2,5~9세,12957
2014,4,11215,3,10~14세,15655
2014,4,11215,4,15~19세,21835
2014,4,11215,5,20~24세,29429
2014,4,11215,6,25~29세,34374
2014,4,11215,7,30~34세,36882
2014,4,11215,8,35~39세,29742
2014,4,11215,9,40~44세,32695
2014,4,11215,10,45~49세,31807
2014,4,11215,11,50~54세,32034
2014,4,11215,12,55~59세,28644
2014,4,11215,13,60~64세,18547
2014,4,11215,14,65~69세,14267
2014,4,11215,15,70~74세,11051
2014,4,11215,16,75~79세,7217
2014,4,11215,17,80~84세,3598
2014,4,11215,18,85~89세,1801
2014,4,11215,19,90~94세,709
2014,4,11215,20,95~99세,185
2014,4,11215,21,100세 이상,146
2014,4,11230,1,0~4세,13944
2014,4,11230,2,5~9세,13105
2014,4,11230,3,10~14세,14507
2014,4,11230,4,15~19세,19477
2014,4,11230,5,20~24세,29686
2014,4,11230,6,25~29세,30487
2014,4,11230,7,30~34세,32616
2014,4,11230,8,35~39세,29157
2014,4,11230,9,40~44세,31629
2014,4,11230,10,45~49세,29306
2014,4,11230,11,50~54세,30620
2014,4,11230,12,55~59세,29687
2014,4,11230,13,60~64세,21183
2014,4,11230,14,65~69세,17590
2014,4,11230,15,70~74세,15003
2014,4,11230,16,75~79세,9852
2014,4,11230,17,80~84세,4930
2014,4,11230,18,85~89세,2253
2014,4,11230,19,90~94세,870
2014,4,11230,20,95~99세,208
2014,4,11230,21,100세 이상,209
2014,4,11260,1,0~4세,16249
2014,4,11260,2,5~9세,14562
2014,4,11260,3,10~14세,16680
2014,4,11260,4,15~19세,23558
2014,4,11260,5,20~24세,29888
2014,4,11260,6,25~29세,31089
2014,4,11260,7,30~34세,37148
2014,4,11260,8,35~39세,31856
2014,4,11260,9,40~44세,35423
2014,4,11260,10,45~49세,36228
2014,4,11260,11,50~54세,38650
2014,4,11260,12,55~59세,35813
2014,4,11260,13,60~64세,24272
2014,4,11260,14,65~69세,19148
2014,4,11260,15,70~74세,15061
2014,4,11260,16,75~79세,9505
2014,4,11260,17,80~84세,4803
2014,4,11260,18,85~89세,2299
2014,4,11260,19,90~94세,831
2014,4,11260,20,95~99세,212
2014,4,11260,21,100세 이상,136
2014,4,11290,1,0~4세,18782
2014,4,11290,2,5~9세,19742
2014,4,11290,3,10~14세,21473
2014,4,11290,4,15~19세,26191
2014,4,11290,5,20~24세,35727
2014,4,11290,6,25~29세,35208
2014,4,11290,7,30~34세,38849
2014,4,11290,8,35~39세,37241
2014,4,11290,9,40~44세,44115
2014,4,11290,10,45~49세,38502
2014,4,11290,11,50~54세,37580
2014,4,11290,12,55~59세,35357
2014,4,11290,13,60~64세,25128
2014,4,11290,14,65~69세,21211
2014,4,11290,15,70~74세,18290
2014,4,11290,16,75~79세,12100
2014,4,11290,17,80~84세,6007
2014,4,11290,18,85~89세,2843
2014,4,11290,19,90~94세,1037
2014,4,11290,20,95~99세,318
2014,4,11290,21,100세 이상,260
2014,4,11305,1,0~4세,12156
2014,4,11305,2,5~9세,11549
2014,4,11305,3,10~14세,13882
2014,4,11305,4,15~19세,18515
2014,4,11305,5,20~24세,22398
2014,4,11305,6,25~29세,22117
2014,4,11305,7,30~34세,27251
2014,4,11305,8,35~39세,25617
2014,4,11305,9,40~44세,29701
2014,4,11305,10,45~49세,27984
2014,4,11305,11,50~54세,28542
2014,4,11305,12,55~59세,27540
2014,4,11305,13,60~64세,20317
2014,4,11305,14,65~69세,18057
2014,4,11305,15,70~74세,15456
2014,4,11305,16,75~79세,9588
2014,4,11305,17,80~84세,4501
2014,4,11305,18,85~89세,2049
2014,4,11305,19,90~94세,768
2014,4,11305,20,95~99세,212
2014,4,11305,21,100세 이상,210
2014,4,11320,1,0~4세,13103
2014,4,11320,2,5~9세,13118
2014,4,11320,3,10~14세,16439
2014,4,11320,4,15~19세,22037
2014,4,11320,5,20~24세,25366
2014,4,11320,6,25~29세,23616
2014,4,11320,7,30~34세,27081
2014,4,11320,8,35~39세,25088
2014,4,11320,9,40~44세,30530
2014,4,11320,10,45~49세,30358
2014,4,11320,11,50~54세,31828
2014,4,11320,12,55~59세,30393
2014,4,11320,13,60~64세,20284
2014,4,11320,14,65~69세,15900
2014,4,11320,15,70~74세,13334
2014,4,11320,16,75~79세,8978
2014,4,11320,17,80~84세,4789
2014,4,11320,18,85~89세,2338
2014,4,11320,19,90~94세,828
2014,4,11320,20,95~99세,184
2014,4,11320,21,100세 이상,120
2014,4,11350,1,0~4세,22576
2014,4,11350,2,5~9세,24209
2014,4,11350,3,10~14세,33479
2014,4,11350,4,15~19세,42751
2014,4,11350,5,20~24세,43344
2014,4,11350,6,25~29세,36207
2014,4,11350,7,30~34세,43487
2014,4,11350,8,35~39세,43089
2014,4,11350,9,40~44세,54490
2014,4,11350,10,45~49세,53258
2014,4,11350,11,50~54세,49841
2014,4,11350,12,55~59세,43879
2014,4,11350,13,60~64세,28966
2014,4,11350,14,65~69세,21983
2014,4,11350,15,70~74세,18433
2014,4,11350,16,75~79세,13021
2014,4,11350,17,80~84세,7543
2014,4,11350,18,85~89세,3633
2014,4,11350,19,90~94세,1374
2014,4,11350,20,95~99세,289
2014,4,11350,21,100세 이상,204
2014,4,11380,1,0~4세,20361
2014,4,11380,2,5~9세,19992
2014,4,11380,3,10~14세,23137
2014,4,11380,4,15~19세,29110
2014,4,11380,5,20~24세,32974
2014,4,11380,6,25~29세,33177
2014,4,11380,7,30~34세,42599
2014,4,11380,8,35~39세,40395
2014,4,11380,9,40~44세,45986
2014,4,11380,10,45~49세,40988
2014,4,11380,11,50~54세,41091
2014,4,11380,12,55~59세,38817
2014,4,11380,13,60~64세,27614
2014,4,11380,14,65~69세,23532
2014,4,11380,15,70~74세,19463
2014,4,11380,16,75~79세,12890
2014,4,11380,17,80~84세,6385
2014,4,11380,18,85~89세,2983
2014,4,11380,19,90~94세,1139
2014,4,11380,20,95~99세,279
2014,4,11380,21,100세 이상,331
2014,4,11410,1,0~4세,11397
2014,4,11410,2,5~9세,10915
2014,4,11410,3,10~14세,13507
2014,4,11410,4,15~19세,17996
2014,4,11410,5,20~24세,25694
2014,4,11410,6,25~29세,25470
2014,4,11410,7,30~34세,26432
2014,4,11410,8,35~39세,23422
2014,4,11410,9,40~44세,27985
2014,4,11410,10,45~49세,25989
2014,4,11410,11,50~54세,26031
2014,4,11410,12,55~59세,24018
2014,4,11410,13,60~64세,16696
2014,4,11410,14,65~69세,14713
2014,4,11410,15,70~74세,13048
2014,4,11410,16,75~79세,9485
2014,4,11410,17,80~84세,4600
2014,4,11410,18,85~89세,2183
2014,4,11410,19,90~94세,861
2014,4,11410,20,95~99세,234
2014,4,11410,21,100세 이상,185
2014,4,11440,1,0~4세,16258
2014,4,11440,2,5~9세,15703
2014,4,11440,3,10~14세,16753
2014,4,11440,4,15~19세,19990
2014,4,11440,5,20~24세,28003
2014,4,11440,6,25~29세,33632
2014,4,11440,7,30~34세,40162
2014,4,11440,8,35~39세,35197
2014,4,11440,9,40~44세,37510
2014,4,11440,10,45~49세,30755
2014,4,11440,11,50~54세,29647
2014,4,11440,12,55~59세,26544
2014,4,11440,13,60~64세,18316
2014,4,11440,14,65~69세,15703
2014,4,11440,15,70~74세,13565
2014,4,11440,16,75~79세,9383
2014,4,11440,17,80~84세,5022
2014,4,11440,18,85~89세,2331
2014,4,11440,19,90~94세,892
2014,4,11440,20,95~99세,246
2014,4,11440,21,100세 이상,218
2014,4,11470,1,0~4세,17884
2014,4,11470,2,5~9세,21030
2014,4,11470,3,10~14세,29169
2014,4,11470,4,15~19세,37577
2014,4,11470,5,20~24세,35324
2014,4,11470,6,25~29세,30785
2014,4,11470,7,30~34세,36370
2014,4,11470,8,35~39세,34921
2014,4,11470,9,40~44세,45667
2014,4,11470,10,45~49세,47535
2014,4,11470,11,50~54세,44465
2014,4,11470,12,55~59세,37217
2014,4,11470,13,60~64세,24589
2014,4,11470,14,65~69세,17781
2014,4,11470,15,70~74세,12930
2014,4,11470,16,75~79세,8671
2014,4,11470,17,80~84세,4952
2014,4,11470,18,85~89세,2561
2014,4,11470,19,90~94세,949
2014,4,11470,20,95~99세,206
2014,4,11470,21,100세 이상,125
2014,4,11500,1,0~4세,27018
2014,4,11500,2,5~9세,23585
2014,4,11500,3,10~14세,26302
2014,4,11500,4,15~19세,32824
2014,4,11500,5,20~24세,40048
2014,4,11500,6,25~29세,44315
2014,4,11500,7,30~34세,57818
2014,4,11500,8,35~39세,50799
2014,4,11500,9,40~44세,51002
2014,4,11500,10,45~49세,45733
2014,4,11500,11,50~54세,48599
2014,4,11500,12,55~59세,47045
2014,4,11500,13,60~64세,32278
2014,4,11500,14,65~69세,24271
2014,4,11500,15,70~74세,17154
2014,4,11500,16,75~79세,11125
2014,4,11500,17,80~84세,6623
2014,4,11500,18,85~89세,3393
2014,4,11500,19,90~94세,1252
2014,4,11500,20,95~99세,285
2014,4,11500,21,100세 이상,184
2014,4,11530,1,0~4세,21673
2014,4,11530,2,5~9세,18105
2014,4,11530,3,10~14세,17742
2014,4,11530,4,15~19세,21980
2014,4,11530,5,20~24세,27676
2014,4,11530,6,25~29세,33692
2014,4,11530,7,30~34세,43969
2014,4,11530,8,35~39세,40643
2014,4,11530,9,40~44세,40822
2014,4,11530,10,45~49세,36888
2014,4,11530,11,50~54세,39316
2014,4,11530,12,55~59세,37626
2014,4,11530,13,60~64세,25812
2014,4,11530,14,65~69세,19768
2014,4,11530,15,70~74세,14604
2014,4,11530,16,75~79세,9087
2014,4,11530,17,80~84세,4569
2014,4,11530,18,85~89세,2115
2014,4,11530,19,90~94세,738
2014,4,11530,20,95~99세,177
2014,4,11530,21,100세 이상,129
2014,4,11545,1,0~4세,9190
2014,4,11545,2,5~9세,8102
2014,4,11545,3,10~14세,9361
2014,4,11545,4,15~19세,13225
2014,4,11545,5,20~24세,17039
2014,4,11545,6,25~29세,20227
2014,4,11545,7,30~34세,22840
2014,4,11545,8,35~39세,19767
2014,4,11545,9,40~44세,22348
2014,4,11545,10,45~49세,23773
2014,4,11545,11,50~54세,25357
2014,4,11545,12,55~59세,22390
2014,4,11545,13,60~64세,14858
2014,4,11545,14,65~69세,11127
2014,4,11545,15,70~74세,8595
2014,4,11545,16,75~79세,5292
2014,4,11545,17,80~84세,2665
2014,4,11545,18,85~89세,1185
2014,4,11545,19,90~94세,426
2014,4,11545,20,95~99세,149
2014,4,11545,21,100세 이상,114
2014,4,11560,1,0~4세,17017
2014,4,11560,2,5~9세,14566
2014,4,11560,3,10~14세,14734
2014,4,11560,4,15~19세,19161
2014,4,11560,5,20~24세,25279
2014,4,11560,6,25~29세,34721
2014,4,11560,7,30~34세,40841
2014,4,11560,8,35~39세,35370
2014,4,11560,9,40~44세,37476
2014,4,11560,10,45~49세,35604
2014,4,11560,11,50~54세,38174
2014,4,11560,12,55~59세,35530
2014,4,11560,13,60~64세,23134
2014,4,11560,14,65~69세,17889
2014,4,11560,15,70~74세,13918
2014,4,11560,16,75~79세,9540
2014,4,11560,17,80~84세,4838
2014,4,11560,18,85~89세,2268
2014,4,11560,19,90~94세,888
2014,4,11560,20,95~99세,245
2014,4,11560,21,100세 이상,243
2014,4,11590,1,0~4세,17124
2014,4,11590,2,5~9세,15251
2014,4,11590,3,10~14세,16218
2014,4,11590,4,15~19세,20879
2014,4,11590,5,20~24세,30592
2014,4,11590,6,25~29세,37183
2014,4,11590,7,30~34세,40946
2014,4,11590,8,35~39세,35110
2014,4,11590,9,40~44세,35629
2014,4,11590,10,45~49세,31179
2014,4,11590,11,50~54세,33008
2014,4,11590,12,55~59세,31548
2014,4,11590,13,60~64세,22267
2014,4,11590,14,65~69세,18898
2014,4,11590,15,70~74세,14857
2014,4,11590,16,75~79세,9593
2014,4,11590,17,80~84세,5124
2014,4,11590,18,85~89세,2425
2014,4,11590,19,90~94세,959
2014,4,11590,20,95~99세,261
2014,4,11590,21,100세 이상,210
2014,4,11620,1,0~4세,18694
2014,4,11620,2,5~9세,16371
2014,4,11620,3,10~14세,17569
2014,4,11620,4,15~19세,23838
2014,4,11620,5,20~24세,39681
2014,4,11620,6,25~29세,58131
2014,4,11620,7,30~34세,59833
2014,4,11620,8,35~39세,45133
2014,4,11620,9,40~44세,44673
2014,4,11620,10,45~49세,38717
2014,4,11620,11,50~54세,40040
2014,4,11620,12,55~59세,38302
2014,4,11620,13,60~64세,28401
2014,4,11620,14,65~69세,23799
2014,4,11620,15,70~74세,18806
2014,4,11620,16,75~79세,11056
2014,4,11620,17,80~84세,5182
2014,4,11620,18,85~89세,2376
2014,4,11620,19,90~94세,887
2014,4,11620,20,95~99세,248
2014,4,11620,21,100세 이상,223
2014,4,11650,1,0~4세,21168
2014,4,11650,2,5~9세,21579
2014,4,11650,3,10~14세,24453
2014,4,11650,4,15~19세,28153
2014,4,11650,5,20~24세,28928
2014,4,11650,6,25~29세,32252
2014,4,11650,7,30~34세,41020
2014,4,11650,8,35~39세,38876
2014,4,11650,9,40~44세,44217
2014,4,11650,10,45~49세,38227
2014,4,11650,11,50~54세,33781
2014,4,11650,12,55~59세,31596
2014,4,11650,13,60~64세,22569
2014,4,11650,14,65~69세,18469
2014,4,11650,15,70~74세,12770
2014,4,11650,16,75~79세,7793
2014,4,11650,17,80~84세,4390
2014,4,11650,18,85~89세,2522
2014,4,11650,19,90~94세,1072
2014,4,11650,20,95~99세,299
2014,4,11650,21,100세 이상,154
2014,4,11680,1,0~4세,21978
2014,4,11680,2,5~9세,22066
2014,4,11680,3,10~14세,29616
2014,4,11680,4,15~19세,41409
2014,4,11680,5,20~24세,41272
2014,4,11680,6,25~29세,45412
2014,4,11680,7,30~34세,55839
2014,4,11680,8,35~39세,47967
2014,4,11680,9,40~44세,52809
2014,4,11680,10,45~49세,52336
2014,4,11680,11,50~54세,46416
2014,4,11680,12,55~59세,40316
2014,4,11680,13,60~64세,28566
2014,4,11680,14,65~69세,22685
2014,4,11680,15,70~74세,15323
2014,4,11680,16,75~79세,9201
2014,4,11680,17,80~84세,5291
2014,4,11680,18,85~89세,3115
2014,4,11680,19,90~94세,1282
2014,4,11680,20,95~99세,354
2014,4,11680,21,100세 이상,193
2014,4,11710,1,0~4세,29121
2014,4,11710,2,5~9세,28619
2014,4,11710,3,10~14세,33778
2014,4,11710,4,15~19세,41463
2014,4,11710,5,20~24세,45701
2014,4,11710,6,25~29세,50414
2014,4,11710,7,30~34세,62455
2014,4,11710,8,35~39세,55716
2014,4,11710,9,40~44세,60696
2014,4,11710,10,45~49세,56382
2014,4,11710,11,50~54세,55313
2014,4,11710,12,55~59세,51675
2014,4,11710,13,60~64세,35436
2014,4,11710,14,65~69세,25534
2014,4,11710,15,70~74세,17329
2014,4,11710,16,75~79세,10881
2014,4,11710,17,80~84세,6177
2014,4,11710,18,85~89세,3304
2014,4,11710,19,90~94세,1287
2014,4,11710,20,95~99세,338
2014,4,11710,21,100세 이상,175
2014,4,11740,1,0~4세,20033
2014,4,11740,2,5~9세,19062
2014,4,11740,3,10~14세,22113
2014,4,11740,4,15~19세,29235
2014,4,11740,5,20~24세,33401
2014,4,11740,6,25~29세,34928
2014,4,11740,7,30~34세,42646
2014,4,11740,8,35~39세,38378
2014,4,11740,9,40~44세,40644
2014,4,11740,10,45~49세,39851
2014,4,11740,11,50~54세,42726
2014,4,11740,12,55~59세,40757
2014,4,11740,13,60~64세,27305
2014,4,11740,14,65~69세,19746
2014,4,11740,15,70~74세,13368
2014,4,11740,16,75~79세,8256
2014,4,11740,17,80~84세,4794
2014,4,11740,18,85~89세,2663
2014,4,11740,19,90~94세,996
2014,4,11740,20,95~99세,264
2014,4,11740,21,100세 이상,166
2015,1,11110,1,0~4세,4528
2015,1,11110,2,5~9세,4957
2015,1,11110,3,10~14세,6481
2015,1,11110,4,15~19세,9390
2015,1,11110,5,20~24세,13252
2015,1,11110,6,25~29세,13243
2015,1,11110,7,30~34세,12729
2015,1,11110,8,35~39세,11130
2015,1,11110,9,40~44세,14161
2015,1,11110,10,45~49세,14123
2015,1,11110,11,50~54세,14269
2015,1,11110,12,55~59세,12907
2015,1,11110,13,60~64세,9358
2015,1,11110,14,65~69세,7738
2015,1,11110,15,70~74세,6950
2015,1,11110,16,75~79세,4859
2015,1,11110,17,80~84세,2766
2015,1,11110,18,85~89세,1393
2015,1,11110,19,90~94세,605
2015,1,11110,20,95~99세,205
2015,1,11110,21,100세 이상,196
2015,1,11140,1,0~4세,4676
2015,1,11140,2,5~9세,4040
2015,1,11140,3,10~14세,4159
2015,1,11140,4,15~19세,5932
2015,1,11140,5,20~24세,9363
2015,1,11140,6,25~29세,10686
2015,1,11140,7,30~34세,12082
2015,1,11140,8,35~39세,10562
2015,1,11140,9,40~44세,11524
2015,1,11140,10,45~49세,11079
2015,1,11140,11,50~54세,11918
2015,1,11140,12,55~59세,11551
2015,1,11140,13,60~64세,8359
2015,1,11140,14,65~69세,6522
2015,1,11140,15,70~74세,5614
2015,1,11140,16,75~79세,3916
2015,1,11140,17,80~84세,2224
2015,1,11140,18,85~89세,1111
2015,1,11140,19,90~94세,459
2015,1,11140,20,95~99세,152
2015,1,11140,21,100세 이상,134
2015,1,11170,1,0~4세,9570
2015,1,11170,2,5~9세,8962
2015,1,11170,3,10~14세,9609
2015,1,11170,4,15~19세,11955
2015,1,11170,5,20~24세,15371
2015,1,11170,6,25~29세,18315
2015,1,11170,7,30~34세,23301
2015,1,11170,8,35~39세,21027
2015,1,11170,9,40~44세,23139
2015,1,11170,10,45~49세,20970
2015,1,11170,11,50~54세,20165
2015,1,11170,12,55~59세,18797
2015,1,11170,13,60~64세,13463
2015,1,11170,14,65~69세,11164
2015,1,11170,15,70~74세,9643
2015,1,11170,16,75~79세,7207
2015,1,11170,17,80~84세,3998
2015,1,11170,18,85~89세,2020
2015,1,11170,19,90~94세,806
2015,1,11170,20,95~99세,244
2015,1,11170,21,100세 이상,277
2015,1,11200,1,0~4세,12360
2015,1,11200,2,5~9세,11016
2015,1,11200,3,10~14세,11567
2015,1,11200,4,15~19세,15593
2015,1,11200,5,20~24세,22111
2015,1,11200,6,25~29세,23844
2015,1,11200,7,30~34세,27585
2015,1,11200,8,35~39세,25253
2015,1,11200,9,40~44세,27322
2015,1,11200,10,45~49세,24944
2015,1,11200,11,50~54세,25533
2015,1,11200,12,55~59세,23340
2015,1,11200,13,60~64세,16147
2015,1,11200,14,65~69세,12804
2015,1,11200,15,70~74세,10734
2015,1,11200,16,75~79세,7176
2015,1,11200,17,80~84세,3691
2015,1,11200,18,85~89세,1736
2015,1,11200,19,90~94세,649
2015,1,11200,20,95~99세,203
2015,1,11200,21,100세 이상,169
2015,1,11215,1,0~4세,13707
2015,1,11215,2,5~9세,12880
2015,1,11215,3,10~14세,15239
2015,1,11215,4,15~19세,21483
2015,1,11215,5,20~24세,29599
2015,1,11215,6,25~29세,34467
2015,1,11215,7,30~34세,36567
2015,1,11215,8,35~39세,29924
2015,1,11215,9,40~44세,32414
2015,1,11215,10,45~49세,31589
2015,1,11215,11,50~54세,31627
2015,1,11215,12,55~59세,28800
2015,1,11215,13,60~64세,19439
2015,1,11215,14,65~69세,14405
2015,1,11215,15,70~74세,11113
2015,1,11215,16,75~79세,7344
2015,1,11215,17,80~84세,3749
2015,1,11215,18,85~89세,1825
2015,1,11215,19,90~94세,695
2015,1,11215,20,95~99세,191
2015,1,11215,21,100세 이상,147
2015,1,11230,1,0~4세,13839
2015,1,11230,2,5~9세,12977
2015,1,11230,3,10~14세,14121
2015,1,11230,4,15~19세,19271
2015,1,11230,5,20~24세,29999
2015,1,11230,6,25~29세,30568
2015,1,11230,7,30~34세,32189
2015,1,11230,8,35~39세,29061
2015,1,11230,9,40~44세,31432
2015,1,11230,10,45~49세,29367
2015,1,11230,11,50~54세,30345
2015,1,11230,12,55~59세,29609
2015,1,11230,13,60~64세,21992
2015,1,11230,14,65~69세,17719
2015,1,11230,15,70~74세,15086
2015,1,11230,16,75~79세,9991
2015,1,11230,17,80~84세,5138
2015,1,11230,18,85~89세,2326
2015,1,11230,19,90~94세,862
2015,1,11230,20,95~99세,221
2015,1,11230,21,100세 이상,216
2015,1,11260,1,0~4세,16170
2015,1,11260,2,5~9세,14501
2015,1,11260,3,10~14세,16119
2015,1,11260,4,15~19세,23220
2015,1,11260,5,20~24세,29857
2015,1,11260,6,25~29세,30659
2015,1,11260,7,30~34세,36678
2015,1,11260,8,35~39세,32161
2015,1,11260,9,40~44세,35065
2015,1,11260,10,45~49세,36068
2015,1,11260,11,50~54세,38403
2015,1,11260,12,55~59세,35884
2015,1,11260,13,60~64세,25222
2015,1,11260,14,65~69세,19429
2015,1,11260,15,70~74세,15143
2015,1,11260,16,75~79세,9662
2015,1,11260,17,80~84세,5005
2015,1,11260,18,85~89세,2364
2015,1,11260,19,90~94세,850
2015,1,11260,20,95~99세,222
2015,1,11260,21,100세 이상,143
2015,1,11290,1,0~4세,18535
2015,1,11290,2,5~9세,19616
2015,1,11290,3,10~14세,21041
2015,1,11290,4,15~19세,26060
2015,1,11290,5,20~24세,36173
2015,1,11290,6,25~29세,35364
2015,1,11290,7,30~34세,38195
2015,1,11290,8,35~39세,37201
2015,1,11290,9,40~44세,43704
2015,1,11290,10,45~49세,38750
2015,1,11290,11,50~54세,37385
2015,1,11290,12,55~59세,35296
2015,1,11290,13,60~64세,25885
2015,1,11290,14,65~69세,21402
2015,1,11290,15,70~74세,18270
2015,1,11290,16,75~79세,12255
2015,1,11290,17,80~84세,6240
2015,1,11290,18,85~89세,2891
2015,1,11290,19,90~94세,1043
2015,1,11290,20,95~99세,326
2015,1,11290,21,100세 이상,268
2015,1,11305,1,0~4세,12030
2015,1,11305,2,5~9세,11409
2015,1,11305,3,10~14세,13448
2015,1,11305,4,15~19세,18421
2015,1,11305,5,20~24세,22475
2015,1,11305,6,25~29세,21925
2015,1,11305,7,30~34세,26702
2015,1,11305,8,35~39세,25608
2015,1,11305,9,40~44세,29413
2015,1,11305,10,45~49세,28131
2015,1,11305,11,50~54세,28455
2015,1,11305,12,55~59세,27504
2015,1,11305,13,60~64세,20944
2015,1,11305,14,65~69세,18187
2015,1,11305,15,70~74세,15530
2015,1,11305,16,75~79세,9819
2015,1,11305,17,80~84세,4655
2015,1,11305,18,85~89세,2142
2015,1,11305,19,90~94세,756
2015,1,11305,20,95~99세,226
2015,1,11305,21,100세 이상,216
2015,1,11320,1,0~4세,12966
2015,1,11320,2,5~9세,13059
2015,1,11320,3,10~14세,15955
2015,1,11320,4,15~19세,21800
2015,1,11320,5,20~24세,25274
2015,1,11320,6,25~29세,23562
2015,1,11320,7,30~34세,26676
2015,1,11320,8,35~39세,25129
2015,1,11320,9,40~44세,30189
2015,1,11320,10,45~49세,30448
2015,1,11320,11,50~54세,31584
2015,1,11320,12,55~59세,30407
2015,1,11320,13,60~64세,21133
2015,1,11320,14,65~69세,16139
2015,1,11320,15,70~74세,13329
2015,1,11320,16,75~79세,9136
2015,1,11320,17,80~84세,4927
2015,1,11320,18,85~89세,2412
2015,1,11320,19,90~94세,836
2015,1,11320,20,95~99세,198
2015,1,11320,21,100세 이상,123
2015,1,11350,1,0~4세,22404
2015,1,11350,2,5~9세,24027
2015,1,11350,3,10~14세,32643
2015,1,11350,4,15~19세,42415
2015,1,11350,5,20~24세,43386
2015,1,11350,6,25~29세,36087
2015,1,11350,7,30~34세,42698
2015,1,11350,8,35~39세,42877
2015,1,11350,9,40~44세,53938
2015,1,11350,10,45~49세,53380
2015,1,11350,11,50~54세,49473
2015,1,11350,12,55~59세,43871
2015,1,11350,13,60~64세,30134
2015,1,11350,14,65~69세,22289
2015,1,11350,15,70~74세,18435
2015,1,11350,16,75~79세,13239
2015,1,11350,17,80~84세,7700
2015,1,11350,18,85~89세,3711
2015,1,11350,19,90~94세,1400
2015,1,11350,20,95~99세,309
2015,1,11350,21,100세 이상,214
2015,1,11380,1,0~4세,20203
2015,1,11380,2,5~9세,20073
2015,1,11380,3,10~14세,22524
2015,1,11380,4,15~19세,28919
2015,1,11380,5,20~24세,33199
2015,1,11380,6,25~29세,33146
2015,1,11380,7,30~34세,41966
2015,1,11380,8,35~39세,40740
2015,1,11380,9,40~44세,45694
2015,1,11380,10,45~49세,41312
2015,1,11380,11,50~54세,40873
2015,1,11380,12,55~59세,38950
2015,1,11380,13,60~64세,28627
2015,1,11380,14,65~69세,23753
2015,1,11380,15,70~74세,19529
2015,1,11380,16,75~79세,13180
2015,1,11380,17,80~84세,6621
2015,1,11380,18,85~89세,3057
2015,1,11380,19,90~94세,1171
2015,1,11380,20,95~99세,293
2015,1,11380,21,100세 이상,335
2015,1,11410,1,0~4세,11201
2015,1,11410,2,5~9세,10758
2015,1,11410,3,10~14세,13149
2015,1,11410,4,15~19세,17761
2015,1,11410,5,20~24세,25854
2015,1,11410,6,25~29세,25535
2015,1,11410,7,30~34세,26048
2015,1,11410,8,35~39세,23251
2015,1,11410,9,40~44세,27627
2015,1,11410,10,45~49세,26094
2015,1,11410,11,50~54세,25757
2015,1,11410,12,55~59세,23909
2015,1,11410,13,60~64세,17223
2015,1,11410,14,65~69세,14777
2015,1,11410,15,70~74세,13039
2015,1,11410,16,75~79세,9621
2015,1,11410,17,80~84세,4787
2015,1,11410,18,85~89세,2246
2015,1,11410,19,90~94세,857
2015,1,11410,20,95~99세,254
2015,1,11410,21,100세 이상,190
2015,1,11440,1,0~4세,16317
2015,1,11440,2,5~9세,15681
2015,1,11440,3,10~14세,16441
2015,1,11440,4,15~19세,20129
2015,1,11440,5,20~24세,28340
2015,1,11440,6,25~29세,33911
2015,1,11440,7,30~34세,40175
2015,1,11440,8,35~39세,35586
2015,1,11440,9,40~44세,37604
2015,1,11440,10,45~49세,31254
2015,1,11440,11,50~54세,29616
2015,1,11440,12,55~59세,26709
2015,1,11440,13,60~64세,19002
2015,1,11440,14,65~69세,15798
2015,1,11440,15,70~74세,13590
2015,1,11440,16,75~79세,9519
2015,1,11440,17,80~84세,5223
2015,1,11440,18,85~89세,2368
2015,1,11440,19,90~94세,907
2015,1,11440,20,95~99세,252
2015,1,11440,21,100세 이상,227
2015,1,11470,1,0~4세,17895
2015,1,11470,2,5~9세,21130
2015,1,11470,3,10~14세,28514
2015,1,11470,4,15~19세,37110
2015,1,11470,5,20~24세,35354
2015,1,11470,6,25~29세,30687
2015,1,11470,7,30~34세,35976
2015,1,11470,8,35~39세,35246
2015,1,11470,9,40~44세,45330
2015,1,11470,10,45~49세,47504
2015,1,11470,11,50~54세,44209
2015,1,11470,12,55~59세,37130
2015,1,11470,13,60~64세,25633
2015,1,11470,14,65~69세,18125
2015,1,11470,15,70~74세,13059
2015,1,11470,16,75~79세,8796
2015,1,11470,17,80~84세,5100
2015,1,11470,18,85~89세,2637
2015,1,11470,19,90~94세,970
2015,1,11470,20,95~99세,214
2015,1,11470,21,100세 이상,126
2015,1,11500,1,0~4세,27168
2015,1,11500,2,5~9세,23592
2015,1,11500,3,10~14세,25697
2015,1,11500,4,15~19세,32527
2015,1,11500,5,20~24세,40212
2015,1,11500,6,25~29세,44191
2015,1,11500,7,30~34세,57485
2015,1,11500,8,35~39세,51482
2015,1,11500,9,40~44세,51051
2015,1,11500,10,45~49세,45769
2015,1,11500,11,50~54세,48322
2015,1,11500,12,55~59세,47168
2015,1,11500,13,60~64세,33619
2015,1,11500,14,65~69세,24788
2015,1,11500,15,70~74세,17294
2015,1,11500,16,75~79세,11300
2015,1,11500,17,80~84세,6801
2015,1,11500,18,85~89세,3476
2015,1,11500,19,90~94세,1275
2015,1,11500,20,95~99세,299
2015,1,11500,21,100세 이상,187
2015,1,11530,1,0~4세,21429
2015,1,11530,2,5~9세,18137
2015,1,11530,3,10~14세,17347
2015,1,11530,4,15~19세,21863
2015,1,11530,5,20~24세,27624
2015,1,11530,6,25~29세,33256
2015,1,11530,7,30~34세,43545
2015,1,11530,8,35~39세,40665
2015,1,11530,9,40~44세,40308
2015,1,11530,10,45~49세,36852
2015,1,11530,11,50~54세,38998
2015,1,11530,12,55~59세,38088
2015,1,11530,13,60~64세,27121
2015,1,11530,14,65~69세,20204
2015,1,11530,15,70~74세,14702
2015,1,11530,16,75~79세,9319
2015,1,11530,17,80~84세,4676
2015,1,11530,18,85~89세,2188
2015,1,11530,19,90~94세,747
2015,1,11530,20,95~99세,189
2015,1,11530,21,100세 이상,132
2015,1,11545,1,0~4세,9202
2015,1,11545,2,5~9세,8120
2015,1,11545,3,10~14세,9078
2015,1,11545,4,15~19세,13036
2015,1,11545,5,20~24세,16904
2015,1,11545,6,25~29세,20054
2015,1,11545,7,30~34세,22698
2015,1,11545,8,35~39세,19843
2015,1,11545,9,40~44세,21864
2015,1,11545,10,45~49세,23564
2015,1,11545,11,50~54세,25272
2015,1,11545,12,55~59세,22736
2015,1,11545,13,60~64세,15555
2015,1,11545,14,65~69세,11393
2015,1,11545,15,70~74세,8663
2015,1,11545,16,75~79세,5433
2015,1,11545,17,80~84세,2783
2015,1,11545,18,85~89세,1200
2015,1,11545,19,90~94세,431
2015,1,11545,20,95~99세,154
2015,1,11545,21,100세 이상,116
2015,1,11560,1,0~4세,16912
2015,1,11560,2,5~9세,14578
2015,1,11560,3,10~14세,14324
2015,1,11560,4,15~19세,18980
2015,1,11560,5,20~24세,25258
2015,1,11560,6,25~29세,34337
2015,1,11560,7,30~34세,40801
2015,1,11560,8,35~39세,35388
2015,1,11560,9,40~44세,36819
2015,1,11560,10,45~49세,35561
2015,1,11560,11,50~54세,37946
2015,1,11560,12,55~59세,35779
2015,1,11560,13,60~64세,24489
2015,1,11560,14,65~69세,18306
2015,1,11560,15,70~74세,13996
2015,1,11560,16,75~79세,9648
2015,1,11560,17,80~84세,5055
2015,1,11560,18,85~89세,2289
2015,1,11560,19,90~94세,902
2015,1,11560,20,95~99세,255
2015,1,11560,21,100세 이상,248
2015,1,11590,1,0~4세,16968
2015,1,11590,2,5~9세,15178
2015,1,11590,3,10~14세,15895
2015,1,11590,4,15~19세,20689
2015,1,11590,5,20~24세,30846
2015,1,11590,6,25~29세,36896
2015,1,11590,7,30~34세,40443
2015,1,11590,8,35~39세,35051
2015,1,11590,9,40~44세,35559
2015,1,11590,10,45~49세,31360
2015,1,11590,11,50~54세,32748
2015,1,11590,12,55~59세,31683
2015,1,11590,13,60~64세,23070
2015,1,11590,14,65~69세,19147
2015,1,11590,15,70~74세,14927
2015,1,11590,16,75~79세,9807
2015,1,11590,17,80~84세,5244
2015,1,11590,18,85~89세,2518
2015,1,11590,19,90~94세,936
2015,1,11590,20,95~99세,281
2015,1,11590,21,100세 이상,214
2015,1,11620,1,0~4세,18489
2015,1,11620,2,5~9세,16324
2015,1,11620,3,10~14세,17075
2015,1,11620,4,15~19세,23754
2015,1,11620,5,20~24세,40245
2015,1,11620,6,25~29세,58237
2015,1,11620,7,30~34세,59412
2015,1,11620,8,35~39세,45277
2015,1,11620,9,40~44세,44114
2015,1,11620,10,45~49세,38850
2015,1,11620,11,50~54세,39829
2015,1,11620,12,55~59세,38418
2015,1,11620,13,60~64세,29509
2015,1,11620,14,65~69세,24112
2015,1,11620,15,70~74세,18936
2015,1,11620,16,75~79세,11289
2015,1,11620,17,80~84세,5376
2015,1,11620,18,85~89세,2467
2015,1,11620,19,90~94세,907
2015,1,11620,20,95~99세,260
2015,1,11620,21,100세 이상,229
2015,1,11650,1,0~4세,20947
2015,1,11650,2,5~9세,21671
2015,1,11650,3,10~14세,24096
2015,1,11650,4,15~19세,27898
2015,1,11650,5,20~24세,28817
2015,1,11650,6,25~29세,32036
2015,1,11650,7,30~34세,40286
2015,1,11650,8,35~39세,39111
2015,1,11650,9,40~44세,43975
2015,1,11650,10,45~49세,38538
2015,1,11650,11,50~54세,33594
2015,1,11650,12,55~59세,31257
2015,1,11650,13,60~64세,23272
2015,1,11650,14,65~69세,18688
2015,1,11650,15,70~74세,12830
2015,1,11650,16,75~79세,7903
2015,1,11650,17,80~84세,4548
2015,1,11650,18,85~89세,2526
2015,1,11650,19,90~94세,1087
2015,1,11650,20,95~99세,316
2015,1,11650,21,100세 이상,168
2015,1,11680,1,0~4세,21926
2015,1,11680,2,5~9세,22235
2015,1,11680,3,10~14세,29221
2015,1,11680,4,15~19세,40867
2015,1,11680,5,20~24세,40839
2015,1,11680,6,25~29세,45244
2015,1,11680,7,30~34세,55335
2015,1,11680,8,35~39세,48523
2015,1,11680,9,40~44세,52588
2015,1,11680,10,45~49세,52792
2015,1,11680,11,50~54세,45956
2015,1,11680,12,55~59세,39984
2015,1,11680,13,60~64세,29693
2015,1,11680,14,65~69세,22982
2015,1,11680,15,70~74세,15592
2015,1,11680,16,75~79세,9468
2015,1,11680,17,80~84세,5427
2015,1,11680,18,85~89세,3170
2015,1,11680,19,90~94세,1300
2015,1,11680,20,95~99세,362
2015,1,11680,21,100세 이상,195
2015,1,11710,1,0~4세,28935
2015,1,11710,2,5~9세,28666
2015,1,11710,3,10~14세,32970
2015,1,11710,4,15~19세,41216
2015,1,11710,5,20~24세,45470
2015,1,11710,6,25~29세,50120
2015,1,11710,7,30~34세,61952
2015,1,11710,8,35~39세,56099
2015,1,11710,9,40~44세,60294
2015,1,11710,10,45~49세,56571
2015,1,11710,11,50~54세,55099
2015,1,11710,12,55~59세,51607
2015,1,11710,13,60~64세,37050
2015,1,11710,14,65~69세,26082
2015,1,11710,15,70~74세,17611
2015,1,11710,16,75~79세,11025
2015,1,11710,17,80~84세,6383
2015,1,11710,18,85~89세,3365
2015,1,11710,19,90~94세,1326
2015,1,11710,20,95~99세,349
2015,1,11710,21,100세 이상,181
2015,1,11740,1,0~4세,19637
2015,1,11740,2,5~9세,18861
2015,1,11740,3,10~14세,21294
2015,1,11740,4,15~19세,28626
2015,1,11740,5,20~24세,32968
2015,1,11740,6,25~29세,34425
2015,1,11740,7,30~34세,41689
2015,1,11740,8,35~39세,38269
2015,1,11740,9,40~44세,39982
2015,1,11740,10,45~49세,39451
2015,1,11740,11,50~54세,42116
2015,1,11740,12,55~59세,40279
2015,1,11740,13,60~64세,28465
2015,1,11740,14,65~69세,20032
2015,1,11740,15,70~74세,13515
2015,1,11740,16,75~79세,8355
2015,1,11740,17,80~84세,4917
2015,1,11740,18,85~89세,2732
2015,1,11740,19,90~94세,1007
2015,1,11740,20,95~99세,262
2015,1,11740,21,100세 이상,173
2015,2,11110,1,0~4세,4537
2015,2,11110,2,5~9세,4925
2015,2,11110,3,10~14세,6278
2015,2,11110,4,15~19세,9130
2015,2,11110,5,20~24세,13146
2015,2,11110,6,25~29세,13237
2015,2,11110,7,30~34세,12547
2015,2,11110,8,35~39세,11105
2015,2,11110,9,40~44세,13915
2015,2,11110,10,45~49세,14131
2015,2,11110,11,50~54세,14088
2015,2,11110,12,55~59세,12966
2015,2,11110,13,60~64세,9540
2015,2,11110,14,65~69세,7664
2015,2,11110,15,70~74세,7007
2015,2,11110,16,75~79세,4872
2015,2,11110,17,80~84세,2802
2015,2,11110,18,85~89세,1394
2015,2,11110,19,90~94세,595
2015,2,11110,20,95~99세,210
2015,2,11110,21,100세 이상,202
2015,2,11140,1,0~4세,4584
2015,2,11140,2,5~9세,4030
2015,2,11140,3,10~14세,4074
2015,2,11140,4,15~19세,5867
2015,2,11140,5,20~24세,9263
2015,2,11140,6,25~29세,10640
2015,2,11140,7,30~34세,11884
2015,2,11140,8,35~39세,10541
2015,2,11140,9,40~44세,11389
2015,2,11140,10,45~49세,11014
2015,2,11140,11,50~54세,11749
2015,2,11140,12,55~59세,11577
2015,2,11140,13,60~64세,8405
2015,2,11140,14,65~69세,6516
2015,2,11140,15,70~74세,5640
2015,2,11140,16,75~79세,3908
2015,2,11140,17,80~84세,2256
2015,2,11140,18,85~89세,1111
2015,2,11140,19,90~94세,460
2015,2,11140,20,95~99세,155
2015,2,11140,21,100세 이상,137
2015,2,11170,1,0~4세,9631
2015,2,11170,2,5~9세,8950
2015,2,11170,3,10~14세,9440
2015,2,11170,4,15~19세,11827
2015,2,11170,5,20~24세,15427
2015,2,11170,6,25~29세,18405
2015,2,11170,7,30~34세,22897
2015,2,11170,8,35~39세,20963
2015,2,11170,9,40~44세,22816
2015,2,11170,10,45~49세,20993
2015,2,11170,11,50~54세,20153
2015,2,11170,12,55~59세,18890
2015,2,11170,13,60~64세,13661
2015,2,11170,14,65~69세,11099
2015,2,11170,15,70~74세,9699
2015,2,11170,16,75~79세,7219
2015,2,11170,17,80~84세,4056
2015,2,11170,18,85~89세,2052
2015,2,11170,19,90~94세,817
2015,2,11170,20,95~99세,240
2015,2,11170,21,100세 이상,282
2015,2,11200,1,0~4세,12620
2015,2,11200,2,5~9세,11119
2015,2,11200,3,10~14세,11407
2015,2,11200,4,15~19세,15599
2015,2,11200,5,20~24세,22230
2015,2,11200,6,25~29세,24123
2015,2,11200,7,30~34세,27612
2015,2,11200,8,35~39세,25539
2015,2,11200,9,40~44세,27176
2015,2,11200,10,45~49세,25268
2015,2,11200,11,50~54세,25485
2015,2,11200,12,55~59세,23742
2015,2,11200,13,60~64세,16440
2015,2,11200,14,65~69세,12911
2015,2,11200,15,70~74세,10870
2015,2,11200,16,75~79세,7244
2015,2,11200,17,80~84세,3780
2015,2,11200,18,85~89세,1763
2015,2,11200,19,90~94세,669
2015,2,11200,20,95~99세,202
2015,2,11200,21,100세 이상,170
2015,2,11215,1,0~4세,13735
2015,2,11215,2,5~9세,12874
2015,2,11215,3,10~14세,14861
2015,2,11215,4,15~19세,21300
2015,2,11215,5,20~24세,29645
2015,2,11215,6,25~29세,34432
2015,2,11215,7,30~34세,36313
2015,2,11215,8,35~39세,29812
2015,2,11215,9,40~44세,31970
2015,2,11215,10,45~49세,31823
2015,2,11215,11,50~54세,31349
2015,2,11215,12,55~59세,29075
2015,2,11215,13,60~64세,19673
2015,2,11215,14,65~69세,14394
2015,2,11215,15,70~74세,11231
2015,2,11215,16,75~79세,7430
2015,2,11215,17,80~84세,3831
2015,2,11215,18,85~89세,1836
2015,2,11215,19,90~94세,696
2015,2,11215,20,95~99세,190
2015,2,11215,21,100세 이상,150
2015,2,11230,1,0~4세,13805
2015,2,11230,2,5~9세,12958
2015,2,11230,3,10~14세,13829
2015,2,11230,4,15~19세,19231
2015,2,11230,5,20~24세,29999
2015,2,11230,6,25~29세,30545
2015,2,11230,7,30~34세,31619
2015,2,11230,8,35~39세,28872
2015,2,11230,9,40~44세,31129
2015,2,11230,10,45~49세,29457
2015,2,11230,11,50~54세,29952
2015,2,11230,12,55~59세,29813
2015,2,11230,13,60~64세,22226
2015,2,11230,14,65~69세,17664
2015,2,11230,15,70~74세,15194
2015,2,11230,16,75~79세,10126
2015,2,11230,17,80~84세,5202
2015,2,11230,18,85~89세,2325
2015,2,11230,19,90~94세,848
2015,2,11230,20,95~99세,241
2015,2,11230,21,100세 이상,219
2015,2,11260,1,0~4세,16216
2015,2,11260,2,5~9세,14478
2015,2,11260,3,10~14세,15789
2015,2,11260,4,15~19세,23070
2015,2,11260,5,20~24세,29886
2015,2,11260,6,25~29세,30621
2015,2,11260,7,30~34세,36186
2015,2,11260,8,35~39세,32268
2015,2,11260,9,40~44세,34573
2015,2,11260,10,45~49세,36102
2015,2,11260,11,50~54세,38161
2015,2,11260,12,55~59세,36264
2015,2,11260,13,60~64세,25640
2015,2,11260,14,65~69세,19513
2015,2,11260,15,70~74세,15403
2015,2,11260,16,75~79세,9727
2015,2,11260,17,80~84세,5110
2015,2,11260,18,85~89세,2381
2015,2,11260,19,90~94세,840
2015,2,11260,20,95~99세,221
2015,2,11260,21,100세 이상,148
2015,2,11290,1,0~4세,18516
2015,2,11290,2,5~9세,19574
2015,2,11290,3,10~14세,20743
2015,2,11290,4,15~19세,26029
2015,2,11290,5,20~24세,35723
2015,2,11290,6,25~29세,35152
2015,2,11290,7,30~34세,37641
2015,2,11290,8,35~39세,36819
2015,2,11290,9,40~44세,43264
2015,2,11290,10,45~49세,38982
2015,2,11290,11,50~54세,36879
2015,2,11290,12,55~59세,35460
2015,2,11290,13,60~64세,26021
2015,2,11290,14,65~69세,21332
2015,2,11290,15,70~74세,18307
2015,2,11290,16,75~79세,12261
2015,2,11290,17,80~84세,6374
2015,2,11290,18,85~89세,2924
2015,2,11290,19,90~94세,1034
2015,2,11290,20,95~99세,335
2015,2,11290,21,100세 이상,272
2015,2,11305,1,0~4세,11907
2015,2,11305,2,5~9세,11401
2015,2,11305,3,10~14세,13139
2015,2,11305,4,15~19세,18314
2015,2,11305,5,20~24세,22490
2015,2,11305,6,25~29세,21787
2015,2,11305,7,30~34세,26263
2015,2,11305,8,35~39세,25467
2015,2,11305,9,40~44세,29066
2015,2,11305,10,45~49세,28169
2015,2,11305,11,50~54세,28147
2015,2,11305,12,55~59세,27744
2015,2,11305,13,60~64세,21167
2015,2,11305,14,65~69세,18095
2015,2,11305,15,70~74세,15761
2015,2,11305,16,75~79세,9980
2015,2,11305,17,80~84세,4715
2015,2,11305,18,85~89세,2152
2015,2,11305,19,90~94세,763
2015,2,11305,20,95~99세,234
2015,2,11305,21,100세 이상,220
2015,2,11320,1,0~4세,13018
2015,2,11320,2,5~9세,13102
2015,2,11320,3,10~14세,15598
2015,2,11320,4,15~19세,21661
2015,2,11320,5,20~24세,25232
2015,2,11320,6,25~29세,23506
2015,2,11320,7,30~34세,26414
2015,2,11320,8,35~39세,25180
2015,2,11320,9,40~44세,29865
2015,2,11320,10,45~49세,30687
2015,2,11320,11,50~54세,31113
2015,2,11320,12,55~59세,30726
2015,2,11320,13,60~64세,21495
2015,2,11320,14,65~69세,16277
2015,2,11320,15,70~74세,13530
2015,2,11320,16,75~79세,9235
2015,2,11320,17,80~84세,4998
2015,2,11320,18,85~89세,2437
2015,2,11320,19,90~94세,861
2015,2,11320,20,95~99세,196
2015,2,11320,21,100세 이상,125
2015,2,11350,1,0~4세,22324
2015,2,11350,2,5~9세,23856
2015,2,11350,3,10~14세,31894
2015,2,11350,4,15~19세,42073
2015,2,11350,5,20~24세,43326
2015,2,11350,6,25~29세,36061
2015,2,11350,7,30~34세,42083
2015,2,11350,8,35~39세,42614
2015,2,11350,9,40~44세,53301
2015,2,11350,10,45~49세,53567
2015,2,11350,11,50~54세,49017
2015,2,11350,12,55~59세,44115
2015,2,11350,13,60~64세,30632
2015,2,11350,14,65~69세,22495
2015,2,11350,15,70~74세,18640
2015,2,11350,16,75~79세,13313
2015,2,11350,17,80~84세,7826
2015,2,11350,18,85~89세,3727
2015,2,11350,19,90~94세,1402
2015,2,11350,20,95~99세,321
2015,2,11350,21,100세 이상,212
2015,2,11380,1,0~4세,20099
2015,2,11380,2,5~9세,20071
2015,2,11380,3,10~14세,22099
2015,2,11380,4,15~19세,28782
2015,2,11380,5,20~24세,33130
2015,2,11380,6,25~29세,33206
2015,2,11380,7,30~34세,41486
2015,2,11380,8,35~39세,40780
2015,2,11380,9,40~44세,45337
2015,2,11380,10,45~49세,41638
2015,2,11380,11,50~54세,40461
2015,2,11380,12,55~59세,39239
2015,2,11380,13,60~64세,29001
2015,2,11380,14,65~69세,23948
2015,2,11380,15,70~74세,19807
2015,2,11380,16,75~79세,13324
2015,2,11380,17,80~84세,6732
2015,2,11380,18,85~89세,3116
2015,2,11380,19,90~94세,1176
2015,2,11380,20,95~99세,287
2015,2,11380,21,100세 이상,336
2015,2,11410,1,0~4세,11194
2015,2,11410,2,5~9세,10722
2015,2,11410,3,10~14세,12872
2015,2,11410,4,15~19세,17623
2015,2,11410,5,20~24세,25519
2015,2,11410,6,25~29세,25407
2015,2,11410,7,30~34세,25552
2015,2,11410,8,35~39세,23216
2015,2,11410,9,40~44세,27138
2015,2,11410,10,45~49세,26235
2015,2,11410,11,50~54세,25437
2015,2,11410,12,55~59세,24013
2015,2,11410,13,60~64세,17311
2015,2,11410,14,65~69세,14781
2015,2,11410,15,70~74세,13096
2015,2,11410,16,75~79세,9595
2015,2,11410,17,80~84세,4903
2015,2,11410,18,85~89세,2275
2015,2,11410,19,90~94세,867
2015,2,11410,20,95~99세,259
2015,2,11410,21,100세 이상,191
2015,2,11440,1,0~4세,16573
2015,2,11440,2,5~9세,15710
2015,2,11440,3,10~14세,16205
2015,2,11440,4,15~19세,20155
2015,2,11440,5,20~24세,28458
2015,2,11440,6,25~29세,34259
2015,2,11440,7,30~34세,40091
2015,2,11440,8,35~39세,35654
2015,2,11440,9,40~44세,37445
2015,2,11440,10,45~49세,31586
2015,2,11440,11,50~54세,29581
2015,2,11440,12,55~59세,27081
2015,2,11440,13,60~64세,19276
2015,2,11440,14,65~69세,15816
2015,2,11440,15,70~74세,13771
2015,2,11440,16,75~79세,9562
2015,2,11440,17,80~84세,5346
2015,2,11440,18,85~89세,2391
2015,2,11440,19,90~94세,926
2015,2,11440,20,95~99세,251
2015,2,11440,21,100세 이상,230
2015,2,11470,1,0~4세,18003
2015,2,11470,2,5~9세,21084
2015,2,11470,3,10~14세,27958
2015,2,11470,4,15~19세,36824
2015,2,11470,5,20~24세,35450
2015,2,11470,6,25~29세,30832
2015,2,11470,7,30~34세,35708
2015,2,11470,8,35~39세,35068
2015,2,11470,9,40~44세,44886
2015,2,11470,10,45~49세,47526
2015,2,11470,11,50~54세,43789
2015,2,11470,12,55~59세,37540
2015,2,11470,13,60~64세,26028
2015,2,11470,14,65~69세,18360
2015,2,11470,15,70~74세,13251
2015,2,11470,16,75~79세,8888
2015,2,11470,17,80~84세,5092
2015,2,11470,18,85~89세,2662
2015,2,11470,19,90~94세,980
2015,2,11470,20,95~99세,217
2015,2,11470,21,100세 이상,130
2015,2,11500,1,0~4세,27183
2015,2,11500,2,5~9세,23605
2015,2,11500,3,10~14세,25287
2015,2,11500,4,15~19세,32281
2015,2,11500,5,20~24세,40322
2015,2,11500,6,25~29세,44629
2015,2,11500,7,30~34세,57059
2015,2,11500,8,35~39세,51730
2015,2,11500,9,40~44세,51033
2015,2,11500,10,45~49세,45978
2015,2,11500,11,50~54세,47966
2015,2,11500,12,55~59세,47525
2015,2,11500,13,60~64세,34087
2015,2,11500,14,65~69세,25181
2015,2,11500,15,70~74세,17601
2015,2,11500,16,75~79세,11461
2015,2,11500,17,80~84세,6893
2015,2,11500,18,85~89세,3540
2015,2,11500,19,90~94세,1287
2015,2,11500,20,95~99세,310
2015,2,11500,21,100세 이상,190
2015,2,11530,1,0~4세,21413
2015,2,11530,2,5~9세,18315
2015,2,11530,3,10~14세,16945
2015,2,11530,4,15~19세,21744
2015,2,11530,5,20~24세,27849
2015,2,11530,6,25~29세,33161
2015,2,11530,7,30~34세,43002
2015,2,11530,8,35~39세,40602
2015,2,11530,9,40~44세,40068
2015,2,11530,10,45~49세,37119
2015,2,11530,11,50~54세,38854
2015,2,11530,12,55~59세,38508
2015,2,11530,13,60~64세,27271
2015,2,11530,14,65~69세,20323
2015,2,11530,15,70~74세,14925
2015,2,11530,16,75~79세,9431
2015,2,11530,17,80~84세,4765
2015,2,11530,18,85~89세,2209
2015,2,11530,19,90~94세,727
2015,2,11530,20,95~99세,195
2015,2,11530,21,100세 이상,134
2015,2,11545,1,0~4세,9241
2015,2,11545,2,5~9세,8151
2015,2,11545,3,10~14세,8876
2015,2,11545,4,15~19세,12972
2015,2,11545,5,20~24세,16931
2015,2,11545,6,25~29세,20178
2015,2,11545,7,30~34세,22481
2015,2,11545,8,35~39세,19732
2015,2,11545,9,40~44세,21746
2015,2,11545,10,45~49세,23588
2015,2,11545,11,50~54세,25197
2015,2,11545,12,55~59세,23199
2015,2,11545,13,60~64세,15651
2015,2,11545,14,65~69세,11464
2015,2,11545,15,70~74세,8817
2015,2,11545,16,75~79세,5501
2015,2,11545,17,80~84세,2818
2015,2,11545,18,85~89세,1207
2015,2,11545,19,90~94세,441
2015,2,11545,20,95~99세,147
2015,2,11545,21,100세 이상,124
2015,2,11560,1,0~4세,17035
2015,2,11560,2,5~9세,14599
2015,2,11560,3,10~14세,14133
2015,2,11560,4,15~19세,18674
2015,2,11560,5,20~24세,25258
2015,2,11560,6,25~29세,34381
2015,2,11560,7,30~34세,40549
2015,2,11560,8,35~39세,35212
2015,2,11560,9,40~44세,36608
2015,2,11560,10,45~49세,35705
2015,2,11560,11,50~54세,37613
2015,2,11560,12,55~59세,36133
2015,2,11560,13,60~64세,24469
2015,2,11560,14,65~69세,18267
2015,2,11560,15,70~74세,14129
2015,2,11560,16,75~79세,9699
2015,2,11560,17,80~84세,5162
2015,2,11560,18,85~89세,2302
2015,2,11560,19,90~94세,921
2015,2,11560,20,95~99세,249
2015,2,11560,21,100세 이상,253
2015,2,11590,1,0~4세,16910
2015,2,11590,2,5~9세,15259
2015,2,11590,3,10~14세,15577
2015,2,11590,4,15~19세,20584
2015,2,11590,5,20~24세,30793
2015,2,11590,6,25~29세,36846
2015,2,11590,7,30~34세,39960
2015,2,11590,8,35~39세,35010
2015,2,11590,9,40~44세,35169
2015,2,11590,10,45~49세,31614
2015,2,11590,11,50~54세,32335
2015,2,11590,12,55~59세,31841
2015,2,11590,13,60~64세,23296
2015,2,11590,14,65~69세,19054
2015,2,11590,15,70~74세,15117
2015,2,11590,16,75~79세,9882
2015,2,11590,17,80~84세,5317
2015,2,11590,18,85~89세,2526
2015,2,11590,19,90~94세,922
2015,2,11590,20,95~99세,290
2015,2,11590,21,100세 이상,218
2015,2,11620,1,0~4세,18483
2015,2,11620,2,5~9세,16140
2015,2,11620,3,10~14세,16786
2015,2,11620,4,15~19세,23531
2015,2,11620,5,20~24세,40149
2015,2,11620,6,25~29세,58311
2015,2,11620,7,30~34세,58523
2015,2,11620,8,35~39세,45170
2015,2,11620,9,40~44세,43813
2015,2,11620,10,45~49세,39014
2015,2,11620,11,50~54세,39511
2015,2,11620,12,55~59세,38782
2015,2,11620,13,60~64세,29680
2015,2,11620,14,65~69세,24108
2015,2,11620,15,70~74세,19145
2015,2,11620,16,75~79세,11413
2015,2,11620,17,80~84세,5452
2015,2,11620,18,85~89세,2506
2015,2,11620,19,90~94세,899
2015,2,11620,20,95~99세,265
2015,2,11620,21,100세 이상,231
2015,2,11650,1,0~4세,20826
2015,2,11650,2,5~9세,21787
2015,2,11650,3,10~14세,23675
2015,2,11650,4,15~19세,27577
2015,2,11650,5,20~24세,28763
2015,2,11650,6,25~29세,31928
2015,2,11650,7,30~34세,39641
2015,2,11650,8,35~39세,39050
2015,2,11650,9,40~44세,43497
2015,2,11650,10,45~49세,38797
2015,2,11650,11,50~54세,33230
2015,2,11650,12,55~59세,31053
2015,2,11650,13,60~64세,23445
2015,2,11650,14,65~69세,18693
2015,2,11650,15,70~74세,13030
2015,2,11650,16,75~79세,7967
2015,2,11650,17,80~84세,4620
2015,2,11650,18,85~89세,2546
2015,2,11650,19,90~94세,1094
2015,2,11650,20,95~99세,306
2015,2,11650,21,100세 이상,172
2015,2,11680,1,0~4세,21829
2015,2,11680,2,5~9세,22438
2015,2,11680,3,10~14세,28465
2015,2,11680,4,15~19세,40578
2015,2,11680,5,20~24세,40703
2015,2,11680,6,25~29세,45103
2015,2,11680,7,30~34세,54496
2015,2,11680,8,35~39세,48550
2015,2,11680,9,40~44세,51949
2015,2,11680,10,45~49세,53198
2015,2,11680,11,50~54세,45418
2015,2,11680,12,55~59세,39809
2015,2,11680,13,60~64세,29807
2015,2,11680,14,65~69세,23031
2015,2,11680,15,70~74세,15789
2015,2,11680,16,75~79세,9560
2015,2,11680,17,80~84세,5487
2015,2,11680,18,85~89세,3163
2015,2,11680,19,90~94세,1302
2015,2,11680,20,95~99세,378
2015,2,11680,21,100세 이상,203
2015,2,11710,1,0~4세,28948
2015,2,11710,2,5~9세,28679
2015,2,11710,3,10~14세,32359
2015,2,11710,4,15~19세,40817
2015,2,11710,5,20~24세,45595
2015,2,11710,6,25~29세,50090
2015,2,11710,7,30~34세,61233
2015,2,11710,8,35~39세,56177
2015,2,11710,9,40~44세,59791
2015,2,11710,10,45~49세,56800
2015,2,11710,11,50~54세,54691
2015,2,11710,12,55~59세,52028
2015,2,11710,13,60~64세,37700
2015,2,11710,14,65~69세,26274
2015,2,11710,15,70~74세,17924
2015,2,11710,16,75~79세,11153
2015,2,11710,17,80~84세,6467
2015,2,11710,18,85~89세,3379
2015,2,11710,19,90~94세,1337
2015,2,11710,20,95~99세,357
2015,2,11710,21,100세 이상,185
2015,2,11740,1,0~4세,19217
2015,2,11740,2,5~9세,18814
2015,2,11740,3,10~14세,20738
2015,2,11740,4,15~19세,28036
2015,2,11740,5,20~24세,32403
2015,2,11740,6,25~29세,33810
2015,2,11740,7,30~34세,40451
2015,2,11740,8,35~39세,37716
2015,2,11740,9,40~44세,39235
2015,2,11740,10,45~49세,39233
2015,2,11740,11,50~54세,41033
2015,2,11740,12,55~59세,40095
2015,2,11740,13,60~64세,28607
2015,2,11740,14,65~69세,20114
2015,2,11740,15,70~74세,13610
2015,2,11740,16,75~79세,8339
2015,2,11740,17,80~84세,4943
2015,2,11740,18,85~89세,2727
2015,2,11740,19,90~94세,1012
2015,2,11740,20,95~99세,262
2015,2,11740,21,100세 이상,177
2015,3,11110,1,0~4세,4500
2015,3,11110,2,5~9세,4979
2015,3,11110,3,10~14세,6150
2015,3,11110,4,15~19세,9238
2015,3,11110,5,20~24세,13567
2015,3,11110,6,25~29세,13191
2015,3,11110,7,30~34세,12388
2015,3,11110,8,35~39세,11123
2015,3,11110,9,40~44세,13678
2015,3,11110,10,45~49세,14222
2015,3,11110,11,50~54세,13997
2015,3,11110,12,55~59세,12991
2015,3,11110,13,60~64세,9645
2015,3,11110,14,65~69세,7677
2015,3,11110,15,70~74세,6950
2015,3,11110,16,75~79세,4922
2015,3,11110,17,80~84세,2843
2015,3,11110,18,85~89세,1418
2015,3,11110,19,90~94세,591
2015,3,11110,20,95~99세,222
2015,3,11110,21,100세 이상,207
2015,3,11140,1,0~4세,4591
2015,3,11140,2,5~9세,4028
2015,3,11140,3,10~14세,3896
2015,3,11140,4,15~19세,5857
2015,3,11140,5,20~24세,9392
2015,3,11140,6,25~29세,10641
2015,3,11140,7,30~34세,11795
2015,3,11140,8,35~39세,10533
2015,3,11140,9,40~44세,11113
2015,3,11140,10,45~49세,11003
2015,3,11140,11,50~54세,11585
2015,3,11140,12,55~59세,11698
2015,3,11140,13,60~64세,8457
2015,3,11140,14,65~69세,6513
2015,3,11140,15,70~74세,5620
2015,3,11140,16,75~79세,3930
2015,3,11140,17,80~84세,2267
2015,3,11140,18,85~89세,1155
2015,3,11140,19,90~94세,455
2015,3,11140,20,95~99세,160
2015,3,11140,21,100세 이상,139
2015,3,11170,1,0~4세,9597
2015,3,11170,2,5~9세,8952
2015,3,11170,3,10~14세,9307
2015,3,11170,4,15~19세,11719
2015,3,11170,5,20~24세,15499
2015,3,11170,6,25~29세,18405
2015,3,11170,7,30~34세,22519
2015,3,11170,8,35~39세,20948
2015,3,11170,9,40~44세,22429
2015,3,11170,10,45~49세,21083
2015,3,11170,11,50~54세,19999
2015,3,11170,12,55~59세,19026
2015,3,11170,13,60~64세,13770
2015,3,11170,14,65~69세,11116
2015,3,11170,15,70~74세,9692
2015,3,11170,16,75~79세,7232
2015,3,11170,17,80~84세,4096
2015,3,11170,18,85~89세,2105
2015,3,11170,19,90~94세,833
2015,3,11170,20,95~99세,246
2015,3,11170,21,100세 이상,286
2015,3,11200,1,0~4세,12734
2015,3,11200,2,5~9세,11106
2015,3,11200,3,10~14세,11157
2015,3,11200,4,15~19세,15477
2015,3,11200,5,20~24세,22543
2015,3,11200,6,25~29세,24102
2015,3,11200,7,30~34세,27322
2015,3,11200,8,35~39세,25747
2015,3,11200,9,40~44세,26781
2015,3,11200,10,45~49세,25401
2015,3,11200,11,50~54세,25396
2015,3,11200,12,55~59세,23925
2015,3,11200,13,60~64세,16785
2015,3,11200,14,65~69세,12977
2015,3,11200,15,70~74세,10854
2015,3,11200,16,75~79세,7330
2015,3,11200,17,80~84세,3896
2015,3,11200,18,85~89세,1776
2015,3,11200,19,90~94세,697
2015,3,11200,20,95~99세,207
2015,3,11200,21,100세 이상,171
2015,3,11215,1,0~4세,13570
2015,3,11215,2,5~9세,12934
2015,3,11215,3,10~14세,14534
2015,3,11215,4,15~19세,21132
2015,3,11215,5,20~24세,29969
2015,3,11215,6,25~29세,34104
2015,3,11215,7,30~34세,35904
2015,3,11215,8,35~39세,29902
2015,3,11215,9,40~44세,31494
2015,3,11215,10,45~49세,32032
2015,3,11215,11,50~54세,31116
2015,3,11215,12,55~59세,29265
2015,3,11215,13,60~64세,19960
2015,3,11215,14,65~69세,14470
2015,3,11215,15,70~74세,11230
2015,3,11215,16,75~79세,7474
2015,3,11215,17,80~84세,3935
2015,3,11215,18,85~89세,1869
2015,3,11215,19,90~94세,703
2015,3,11215,20,95~99세,197
2015,3,11215,21,100세 이상,157
2015,3,11230,1,0~4세,13619
2015,3,11230,2,5~9세,12956
2015,3,11230,3,10~14세,13458
2015,3,11230,4,15~19세,19242
2015,3,11230,5,20~24세,30679
2015,3,11230,6,25~29세,30449
2015,3,11230,7,30~34세,30969
2015,3,11230,8,35~39세,28993
2015,3,11230,9,40~44세,30640
2015,3,11230,10,45~49세,29584
2015,3,11230,11,50~54세,29597
2015,3,11230,12,55~59세,29912
2015,3,11230,13,60~64세,22577
2015,3,11230,14,65~69세,17672
2015,3,11230,15,70~74세,15227
2015,3,11230,16,75~79세,10207
2015,3,11230,17,80~84세,5317
2015,3,11230,18,85~89세,2381
2015,3,11230,19,90~94세,861
2015,3,11230,20,95~99세,255
2015,3,11230,21,100세 이상,228
2015,3,11260,1,0~4세,16014
2015,3,11260,2,5~9세,14368
2015,3,11260,3,10~14세,15413
2015,3,11260,4,15~19세,22657
2015,3,11260,5,20~24세,29760
2015,3,11260,6,25~29세,30279
2015,3,11260,7,30~34세,35454
2015,3,11260,8,35~39세,32388
2015,3,11260,9,40~44세,33970
2015,3,11260,10,45~49세,36027
2015,3,11260,11,50~54세,37580
2015,3,11260,12,55~59세,36546
2015,3,11260,13,60~64세,26088
2015,3,11260,14,65~69세,19634
2015,3,11260,15,70~74세,15358
2015,3,11260,16,75~79세,9804
2015,3,11260,17,80~84세,5181
2015,3,11260,18,85~89세,2402
2015,3,11260,19,90~94세,847
2015,3,11260,20,95~99세,231
2015,3,11260,21,100세 이상,150
2015,3,11290,1,0~4세,18351
2015,3,11290,2,5~9세,19513
2015,3,11290,3,10~14세,20363
2015,3,11290,4,15~19세,25898
2015,3,11290,5,20~24세,36456
2015,3,11290,6,25~29세,34885
2015,3,11290,7,30~34세,36818
2015,3,11290,8,35~39세,36659
2015,3,11290,9,40~44세,42591
2015,3,11290,10,45~49세,39230
2015,3,11290,11,50~54세,36397
2015,3,11290,12,55~59세,35712
2015,3,11290,13,60~64세,26328
2015,3,11290,14,65~69세,21315
2015,3,11290,15,70~74세,18231
2015,3,11290,16,75~79세,12399
2015,3,11290,17,80~84세,6513
2015,3,11290,18,85~89세,2986
2015,3,11290,19,90~94세,1043
2015,3,11290,20,95~99세,346
2015,3,11290,21,100세 이상,275
2015,3,11305,1,0~4세,11653
2015,3,11305,2,5~9세,11432
2015,3,11305,3,10~14세,12831
2015,3,11305,4,15~19세,18101
2015,3,11305,5,20~24세,22687
2015,3,11305,6,25~29세,21553
2015,3,11305,7,30~34세,25675
2015,3,11305,8,35~39세,25374
2015,3,11305,9,40~44세,28580
2015,3,11305,10,45~49세,28283
2015,3,11305,11,50~54세,27899
2015,3,11305,12,55~59세,27994
2015,3,11305,13,60~64세,21473
2015,3,11305,14,65~69세,18179
2015,3,11305,15,70~74세,15740
2015,3,11305,16,75~79세,10124
2015,3,11305,17,80~84세,4840
2015,3,11305,18,85~89세,2187
2015,3,11305,19,90~94세,788
2015,3,11305,20,95~99세,234
2015,3,11305,21,100세 이상,226
2015,3,11320,1,0~4세,12879
2015,3,11320,2,5~9세,13129
2015,3,11320,3,10~14세,15229
2015,3,11320,4,15~19세,21380
2015,3,11320,5,20~24세,25204
2015,3,11320,6,25~29세,23356
2015,3,11320,7,30~34세,26143
2015,3,11320,8,35~39세,25263
2015,3,11320,9,40~44세,29353
2015,3,11320,10,45~49세,30750
2015,3,11320,11,50~54세,30749
2015,3,11320,12,55~59세,30929
2015,3,11320,13,60~64세,21915
2015,3,11320,14,65~69세,16418
2015,3,11320,15,70~74세,13591
2015,3,11320,16,75~79세,9361
2015,3,11320,17,80~84세,5141
2015,3,11320,18,85~89세,2461
2015,3,11320,19,90~94세,878
2015,3,11320,20,95~99세,200
2015,3,11320,21,100세 이상,125
2015,3,11350,1,0~4세,22087
2015,3,11350,2,5~9세,23729
2015,3,11350,3,10~14세,31075
2015,3,11350,4,15~19세,42036
2015,3,11350,5,20~24세,43416
2015,3,11350,6,25~29세,35946
2015,3,11350,7,30~34세,41429
2015,3,11350,8,35~39세,42541
2015,3,11350,9,40~44세,52465
2015,3,11350,10,45~49세,53773
2015,3,11350,11,50~54세,48481
2015,3,11350,12,55~59세,44516
2015,3,11350,13,60~64세,31158
2015,3,11350,14,65~69세,22769
2015,3,11350,15,70~74세,18510
2015,3,11350,16,75~79세,13404
2015,3,11350,17,80~84세,7983
2015,3,11350,18,85~89세,3808
2015,3,11350,19,90~94세,1421
2015,3,11350,20,95~99세,323
2015,3,11350,21,100세 이상,218
2015,3,11380,1,0~4세,19958
2015,3,11380,2,5~9세,20105
2015,3,11380,3,10~14세,21741
2015,3,11380,4,15~19세,28696
2015,3,11380,5,20~24세,33287
2015,3,11380,6,25~29세,33105
2015,3,11380,7,30~34세,40907
2015,3,11380,8,35~39세,41038
2015,3,11380,9,40~44세,44978
2015,3,11380,10,45~49세,42056
2015,3,11380,11,50~54세,40199
2015,3,11380,12,55~59세,39551
2015,3,11380,13,60~64세,29459
2015,3,11380,14,65~69세,24035
2015,3,11380,15,70~74세,19884
2015,3,11380,16,75~79세,13504
2015,3,11380,17,80~84세,6883
2015,3,11380,18,85~89세,3131
2015,3,11380,19,90~94세,1203
2015,3,11380,20,95~99세,287
2015,3,11380,21,100세 이상,338
2015,3,11410,1,0~4세,11148
2015,3,11410,2,5~9세,10650
2015,3,11410,3,10~14세,12575
2015,3,11410,4,15~19세,17567
2015,3,11410,5,20~24세,26264
2015,3,11410,6,25~29세,25366
2015,3,11410,7,30~34세,25105
2015,3,11410,8,35~39세,23239
2015,3,11410,9,40~44세,26597
2015,3,11410,10,45~49세,26435
2015,3,11410,11,50~54세,25168
2015,3,11410,12,55~59세,24101
2015,3,11410,13,60~64세,17557
2015,3,11410,14,65~69세,14759
2015,3,11410,15,70~74세,13086
2015,3,11410,16,75~79세,9688
2015,3,11410,17,80~84세,5017
2015,3,11410,18,85~89세,2335
2015,3,11410,19,90~94세,877
2015,3,11410,20,95~99세,250
2015,3,11410,21,100세 이상,199
2015,3,11440,1,0~4세,16578
2015,3,11440,2,5~9세,15714
2015,3,11440,3,10~14세,16034
2015,3,11440,4,15~19세,20054
2015,3,11440,5,20~24세,28926
2015,3,11440,6,25~29세,34157
2015,3,11440,7,30~34세,39751
2015,3,11440,8,35~39세,35739
2015,3,11440,9,40~44세,37028
2015,3,11440,10,45~49세,31830
2015,3,11440,11,50~54세,29396
2015,3,11440,12,55~59세,27330
2015,3,11440,13,60~64세,19575
2015,3,11440,14,65~69세,15762
2015,3,11440,15,70~74세,13660
2015,3,11440,16,75~79세,9713
2015,3,11440,17,80~84세,5449
2015,3,11440,18,85~89세,2454
2015,3,11440,19,90~94세,949
2015,3,11440,20,95~99세,263
2015,3,11440,21,100세 이상,234
2015,3,11470,1,0~4세,17826
2015,3,11470,2,5~9세,21162
2015,3,11470,3,10~14세,27613
2015,3,11470,4,15~19세,36562
2015,3,11470,5,20~24세,35627
2015,3,11470,6,25~29세,30548
2015,3,11470,7,30~34세,35373
2015,3,11470,8,35~39세,35138
2015,3,11470,9,40~44세,44258
2015,3,11470,10,45~49세,47873
2015,3,11470,11,50~54세,43406
2015,3,11470,12,55~59세,37937
2015,3,11470,13,60~64세,26408
2015,3,11470,14,65~69세,18646
2015,3,11470,15,70~74세,13276
2015,3,11470,16,75~79세,8939
2015,3,11470,17,80~84세,5184
2015,3,11470,18,85~89세,2664
2015,3,11470,19,90~94세,990
2015,3,11470,20,95~99세,225
2015,3,11470,21,100세 이상,133
2015,3,11500,1,0~4세,27144
2015,3,11500,2,5~9세,23672
2015,3,11500,3,10~14세,24787
2015,3,11500,4,15~19세,32112
2015,3,11500,5,20~24세,40423
2015,3,11500,6,25~29세,44895
2015,3,11500,7,30~34세,56681
2015,3,11500,8,35~39세,52207
2015,3,11500,9,40~44세,50646
2015,3,11500,10,45~49세,46346
2015,3,11500,11,50~54세,47439
2015,3,11500,12,55~59세,47961
2015,3,11500,13,60~64세,34739
2015,3,11500,14,65~69세,25509
2015,3,11500,15,70~74세,17743
2015,3,11500,16,75~79세,11600
2015,3,11500,17,80~84세,6967
2015,3,11500,18,85~89세,3628
2015,3,11500,19,90~94세,1307
2015,3,11500,20,95~99세,321
2015,3,11500,21,100세 이상,192
2015,3,11530,1,0~4세,21278
2015,3,11530,2,5~9세,18413
2015,3,11530,3,10~14세,16631
2015,3,11530,4,15~19세,21536
2015,3,11530,5,20~24세,27783
2015,3,11530,6,25~29세,32930
2015,3,11530,7,30~34세,42229
2015,3,11530,8,35~39세,40624
2015,3,11530,9,40~44세,39677
2015,3,11530,10,45~49세,37275
2015,3,11530,11,50~54세,38618
2015,3,11530,12,55~59세,38829
2015,3,11530,13,60~64세,27520
2015,3,11530,14,65~69세,20466
2015,3,11530,15,70~74세,14988
2015,3,11530,16,75~79세,9508
2015,3,11530,17,80~84세,4888
2015,3,11530,18,85~89세,2271
2015,3,11530,19,90~94세,753
2015,3,11530,20,95~99세,197
2015,3,11530,21,100세 이상,133
2015,3,11545,1,0~4세,9264
2015,3,11545,2,5~9세,8115
2015,3,11545,3,10~14세,8690
2015,3,11545,4,15~19세,12779
2015,3,11545,5,20~24세,16910
2015,3,11545,6,25~29세,20089
2015,3,11545,7,30~34세,22045
2015,3,11545,8,35~39세,19700
2015,3,11545,9,40~44세,21507
2015,3,11545,10,45~49세,23619
2015,3,11545,11,50~54세,25126
2015,3,11545,12,55~59세,23474
2015,3,11545,13,60~64세,15767
2015,3,11545,14,65~69세,11571
2015,3,11545,15,70~74세,8917
2015,3,11545,16,75~79세,5518
2015,3,11545,17,80~84세,2893
2015,3,11545,18,85~89세,1247
2015,3,11545,19,90~94세,454
2015,3,11545,20,95~99세,144
2015,3,11545,21,100세 이상,125
2015,3,11560,1,0~4세,17072
2015,3,11560,2,5~9세,14553
2015,3,11560,3,10~14세,13803
2015,3,11560,4,15~19세,18432
2015,3,11560,5,20~24세,25226
2015,3,11560,6,25~29세,34284
2015,3,11560,7,30~34세,40194
2015,3,11560,8,35~39세,35394
2015,3,11560,9,40~44세,36044
2015,3,11560,10,45~49세,35749
2015,3,11560,11,50~54세,37372
2015,3,11560,12,55~59세,36396
2015,3,11560,13,60~64세,24656
2015,3,11560,14,65~69세,18371
2015,3,11560,15,70~74세,14165
2015,3,11560,16,75~79세,9712
2015,3,11560,17,80~84세,5262
2015,3,11560,18,85~89세,2342
2015,3,11560,19,90~94세,919
2015,3,11560,20,95~99세,243
2015,3,11560,21,100세 이상,260
2015,3,11590,1,0~4세,16681
2015,3,11590,2,5~9세,15215
2015,3,11590,3,10~14세,15207
2015,3,11590,4,15~19세,20377
2015,3,11590,5,20~24세,30989
2015,3,11590,6,25~29세,36309
2015,3,11590,7,30~34세,38986
2015,3,11590,8,35~39세,34934
2015,3,11590,9,40~44세,34557
2015,3,11590,10,45~49세,31835
2015,3,11590,11,50~54세,31841
2015,3,11590,12,55~59세,31814
2015,3,11590,13,60~64세,23409
2015,3,11590,14,65~69세,19048
2015,3,11590,15,70~74세,15042
2015,3,11590,16,75~79세,9928
2015,3,11590,17,80~84세,5383
2015,3,11590,18,85~89세,2562
2015,3,11590,19,90~94세,951
2015,3,11590,20,95~99세,306
2015,3,11590,21,100세 이상,224
2015,3,11620,1,0~4세,18397
2015,3,11620,2,5~9세,16032
2015,3,11620,3,10~14세,16454
2015,3,11620,4,15~19세,23292
2015,3,11620,5,20~24세,40375
2015,3,11620,6,25~29세,58385
2015,3,11620,7,30~34세,57716
2015,3,11620,8,35~39세,45275
2015,3,11620,9,40~44세,43388
2015,3,11620,10,45~49세,39159
2015,3,11620,11,50~54세,39165
2015,3,11620,12,55~59세,39002
2015,3,11620,13,60~64세,29962
2015,3,11620,14,65~69세,24240
2015,3,11620,15,70~74세,19140
2015,3,11620,16,75~79세,11624
2015,3,11620,17,80~84세,5565
2015,3,11620,18,85~89세,2547
2015,3,11620,19,90~94세,933
2015,3,11620,20,95~99세,254
2015,3,11620,21,100세 이상,240
2015,3,11650,1,0~4세,20766
2015,3,11650,2,5~9세,21847
2015,3,11650,3,10~14세,23452
2015,3,11650,4,15~19세,27748
2015,3,11650,5,20~24세,28862
2015,3,11650,6,25~29세,31722
2015,3,11650,7,30~34세,39213
2015,3,11650,8,35~39세,39300
2015,3,11650,9,40~44세,43052
2015,3,11650,10,45~49세,39407
2015,3,11650,11,50~54세,33095
2015,3,11650,12,55~59세,31219
2015,3,11650,13,60~64세,23754
2015,3,11650,14,65~69세,18790
2015,3,11650,15,70~74세,13236
2015,3,11650,16,75~79세,8143
2015,3,11650,17,80~84세,4694
2015,3,11650,18,85~89세,2578
2015,3,11650,19,90~94세,1110
2015,3,11650,20,95~99세,325
2015,3,11650,21,100세 이상,175
2015,3,11680,1,0~4세,21996
2015,3,11680,2,5~9세,22733
2015,3,11680,3,10~14세,28180
2015,3,11680,4,15~19세,40654
2015,3,11680,5,20~24세,40547
2015,3,11680,6,25~29세,44859
2015,3,11680,7,30~34세,53829
2015,3,11680,8,35~39세,49133
2015,3,11680,9,40~44세,51730
2015,3,11680,10,45~49세,53335
2015,3,11680,11,50~54세,45357
2015,3,11680,12,55~59세,39880
2015,3,11680,13,60~64세,30289
2015,3,11680,14,65~69세,23207
2015,3,11680,15,70~74세,15955
2015,3,11680,16,75~79세,9753
2015,3,11680,17,80~84세,5561
2015,3,11680,18,85~89세,3185
2015,3,11680,19,90~94세,1341
2015,3,11680,20,95~99세,381
2015,3,11680,21,100세 이상,204
2015,3,11710,1,0~4세,28620
2015,3,11710,2,5~9세,28669
2015,3,11710,3,10~14세,31649
2015,3,11710,4,15~19세,40509
2015,3,11710,5,20~24세,45582
2015,3,11710,6,25~29세,50007
2015,3,11710,7,30~34세,60421
2015,3,11710,8,35~39세,56396
2015,3,11710,9,40~44세,59077
2015,3,11710,10,45~49세,56870
2015,3,11710,11,50~54세,54206
2015,3,11710,12,55~59세,52384
2015,3,11710,13,60~64세,38390
2015,3,11710,14,65~69세,26504
2015,3,11710,15,70~74세,18060
2015,3,11710,16,75~79세,11238
2015,3,11710,17,80~84세,6564
2015,3,11710,18,85~89세,3403
2015,3,11710,19,90~94세,1389
2015,3,11710,20,95~99세,359
2015,3,11710,21,100세 이상,192
2015,3,11740,1,0~4세,18746
2015,3,11740,2,5~9세,18779
2015,3,11740,3,10~14세,20213
2015,3,11740,4,15~19세,27636
2015,3,11740,5,20~24세,32357
2015,3,11740,6,25~29세,33347
2015,3,11740,7,30~34세,39370
2015,3,11740,8,35~39세,37566
2015,3,11740,9,40~44세,38525
2015,3,11740,10,45~49세,39180
2015,3,11740,11,50~54세,40331
2015,3,11740,12,55~59세,40346
2015,3,11740,13,60~64세,28873
2015,3,11740,14,65~69세,20254
2015,3,11740,15,70~74세,13698
2015,3,11740,16,75~79세,8372
2015,3,11740,17,80~84세,4993
2015,3,11740,18,85~89세,2782
2015,3,11740,19,90~94세,1021
2015,3,11740,20,95~99세,268
2015,3,11740,21,100세 이상,181
2015,4,11110,1,0~4세,4516
2015,4,11110,2,5~9세,5008
2015,4,11110,3,10~14세,6000
2015,4,11110,4,15~19세,9127
2015,4,11110,5,20~24세,13416
2015,4,11110,6,25~29세,13167
2015,4,11110,7,30~34세,12282
2015,4,11110,8,35~39세,11071
2015,4,11110,9,40~44세,13435
2015,4,11110,10,45~49세,14149
2015,4,11110,11,50~54세,13956
2015,4,11110,12,55~59세,13099
2015,4,11110,13,60~64세,9704
2015,4,11110,14,65~69세,7759
2015,4,11110,15,70~74세,6867
2015,4,11110,16,75~79세,4968
2015,4,11110,17,80~84세,2871
2015,4,11110,18,85~89세,1405
2015,4,11110,19,90~94세,589
2015,4,11110,20,95~99세,223
2015,4,11110,21,100세 이상,210
2015,4,11140,1,0~4세,4564
2015,4,11140,2,5~9세,4063
2015,4,11140,3,10~14세,3755
2015,4,11140,4,15~19세,5791
2015,4,11140,5,20~24세,9405
2015,4,11140,6,25~29세,10599
2015,4,11140,7,30~34세,11682
2015,4,11140,8,35~39세,10565
2015,4,11140,9,40~44세,10918
2015,4,11140,10,45~49세,10994
2015,4,11140,11,50~54세,11417
2015,4,11140,12,55~59세,11788
2015,4,11140,13,60~64세,8486
2015,4,11140,14,65~69세,6580
2015,4,11140,15,70~74세,5532
2015,4,11140,16,75~79세,3935
2015,4,11140,17,80~84세,2325
2015,4,11140,18,85~89세,1181
2015,4,11140,19,90~94세,447
2015,4,11140,20,95~99세,162
2015,4,11140,21,100세 이상,140
2015,4,11170,1,0~4세,9572
2015,4,11170,2,5~9세,8919
2015,4,11170,3,10~14세,9078
2015,4,11170,4,15~19세,11644
2015,4,11170,5,20~24세,15443
2015,4,11170,6,25~29세,18361
2015,4,11170,7,30~34세,22198
2015,4,11170,8,35~39세,20937
2015,4,11170,9,40~44세,22070
2015,4,11170,10,45~49세,21162
2015,4,11170,11,50~54세,19842
2015,4,11170,12,55~59세,19067
2015,4,11170,13,60~64세,13901
2015,4,11170,14,65~69세,11223
2015,4,11170,15,70~74세,9521
2015,4,11170,16,75~79세,7268
2015,4,11170,17,80~84세,4198
2015,4,11170,18,85~89세,2115
2015,4,11170,19,90~94세,852
2015,4,11170,20,95~99세,247
2015,4,11170,21,100세 이상,291
2015,4,11200,1,0~4세,12688
2015,4,11200,2,5~9세,11109
2015,4,11200,3,10~14세,10863
2015,4,11200,4,15~19세,15286
2015,4,11200,5,20~24세,22429
2015,4,11200,6,25~29세,23964
2015,4,11200,7,30~34세,26915
2015,4,11200,8,35~39세,25699
2015,4,11200,9,40~44세,26311
2015,4,11200,10,45~49세,25268
2015,4,11200,11,50~54세,25234
2015,4,11200,12,55~59세,24177
2015,4,11200,13,60~64세,16958
2015,4,11200,14,65~69세,13128
2015,4,11200,15,70~74세,10680
2015,4,11200,16,75~79세,7486
2015,4,11200,17,80~84세,3979
2015,4,11200,18,85~89세,1820
2015,4,11200,19,90~94세,685
2015,4,11200,20,95~99세,208
2015,4,11200,21,100세 이상,178
2015,4,11215,1,0~4세,13483
2015,4,11215,2,5~9세,12997
2015,4,11215,3,10~14세,14107
2015,4,11215,4,15~19세,21061
2015,4,11215,5,20~24세,29994
2015,4,11215,6,25~29세,33809
2015,4,11215,7,30~34세,35633
2015,4,11215,8,35~39세,29917
2015,4,11215,9,40~44세,31168
2015,4,11215,10,45~49세,31993
2015,4,11215,11,50~54세,30997
2015,4,11215,12,55~59세,29430
2015,4,11215,13,60~64세,20223
2015,4,11215,14,65~69세,14703
2015,4,11215,15,70~74세,11123
2015,4,11215,16,75~79세,7544
2015,4,11215,17,80~84세,4017
2015,4,11215,18,85~89세,1925
2015,4,11215,19,90~94세,692
2015,4,11215,20,95~99세,209
2015,4,11215,21,100세 이상,155
2015,4,11230,1,0~4세,13487
2015,4,11230,2,5~9세,12943
2015,4,11230,3,10~14세,13120
2015,4,11230,4,15~19세,19328
2015,4,11230,5,20~24세,30629
2015,4,11230,6,25~29세,30188
2015,4,11230,7,30~34세,30587
2015,4,11230,8,35~39세,28961
2015,4,11230,9,40~44세,30235
2015,4,11230,10,45~49세,29597
2015,4,11230,11,50~54세,29358
2015,4,11230,12,55~59세,30121
2015,4,11230,13,60~64세,22780
2015,4,11230,14,65~69세,17899
2015,4,11230,15,70~74세,15000
2015,4,11230,16,75~79세,10327
2015,4,11230,17,80~84세,5488
2015,4,11230,18,85~89세,2412
2015,4,11230,19,90~94세,870
2015,4,11230,20,95~99세,266
2015,4,11230,21,100세 이상,228
2015,4,11260,1,0~4세,15889
2015,4,11260,2,5~9세,14351
2015,4,11260,3,10~14세,14927
2015,4,11260,4,15~19세,22342
2015,4,11260,5,20~24세,29676
2015,4,11260,6,25~29세,30121
2015,4,11260,7,30~34세,34830
2015,4,11260,8,35~39세,32406
2015,4,11260,9,40~44세,33511
2015,4,11260,10,45~49세,35834
2015,4,11260,11,50~54세,37355
2015,4,11260,12,55~59세,36816
2015,4,11260,13,60~64세,26467
2015,4,11260,14,65~69세,19926
2015,4,11260,15,70~74세,15295
2015,4,11260,16,75~79세,9891
2015,4,11260,17,80~84세,5312
2015,4,11260,18,85~89세,2436
2015,4,11260,19,90~94세,857
2015,4,11260,20,95~99세,231
2015,4,11260,21,100세 이상,147
2015,4,11290,1,0~4세,18115
2015,4,11290,2,5~9세,19463
2015,4,11290,3,10~14세,19923
2015,4,11290,4,15~19세,25908
2015,4,11290,5,20~24세,36329
2015,4,11290,6,25~29세,34304
2015,4,11290,7,30~34세,36154
2015,4,11290,8,35~39세,36430
2015,4,11290,9,40~44세,42066
2015,4,11290,10,45~49세,39120
2015,4,11290,11,50~54세,36025
2015,4,11290,12,55~59세,35771
2015,4,11290,13,60~64세,26671
2015,4,11290,14,65~69세,21443
2015,4,11290,15,70~74세,17938
2015,4,11290,16,75~79세,12441
2015,4,11290,17,80~84세,6723
2015,4,11290,18,85~89세,3049
2015,4,11290,19,90~94세,1059
2015,4,11290,20,95~99세,345
2015,4,11290,21,100세 이상,283
2015,4,11305,1,0~4세,11396
2015,4,11305,2,5~9세,11394
2015,4,11305,3,10~14세,12494
2015,4,11305,4,15~19세,17876
2015,4,11305,5,20~24세,22835
2015,4,11305,6,25~29세,21437
2015,4,11305,7,30~34세,25235
2015,4,11305,8,35~39세,25180
2015,4,11305,9,40~44세,28104
2015,4,11305,10,45~49세,28166
2015,4,11305,11,50~54세,27790
2015,4,11305,12,55~59세,28187
2015,4,11305,13,60~64세,21734
2015,4,11305,14,65~69세,18401
2015,4,11305,15,70~74세,15555
2015,4,11305,16,75~79세,10191
2015,4,11305,17,80~84세,4984
2015,4,11305,18,85~89세,2223
2015,4,11305,19,90~94세,783
2015,4,11305,20,95~99세,233
2015,4,11305,21,100세 이상,228
2015,4,11320,1,0~4세,12733
2015,4,11320,2,5~9세,13218
2015,4,11320,3,10~14세,14726
2015,4,11320,4,15~19세,21128
2015,4,11320,5,20~24세,25151
2015,4,11320,6,25~29세,23175
2015,4,11320,7,30~34세,25739
2015,4,11320,8,35~39세,25297
2015,4,11320,9,40~44세,28847
2015,4,11320,10,45~49세,30659
2015,4,11320,11,50~54세,30430
2015,4,11320,12,55~59세,31214
2015,4,11320,13,60~64세,22334
2015,4,11320,14,65~69세,16597
2015,4,11320,15,70~74세,13457
2015,4,11320,16,75~79세,9495
2015,4,11320,17,80~84세,5317
2015,4,11320,18,85~89세,2514
2015,4,11320,19,90~94세,890
2015,4,11320,20,95~99세,196
2015,4,11320,21,100세 이상,124
2015,4,11350,1,0~4세,21800
2015,4,11350,2,5~9세,23760
2015,4,11350,3,10~14세,30240
2015,4,11350,4,15~19세,41647
2015,4,11350,5,20~24세,43383
2015,4,11350,6,25~29세,35542
2015,4,11350,7,30~34세,40689
2015,4,11350,8,35~39세,42448
2015,4,11350,9,40~44세,51435
2015,4,11350,10,45~49세,53847
2015,4,11350,11,50~54세,48039
2015,4,11350,12,55~59세,44827
2015,4,11350,13,60~64세,31655
2015,4,11350,14,65~69세,23171
2015,4,11350,15,70~74세,18308
2015,4,11350,16,75~79세,13474
2015,4,11350,17,80~84세,8119
2015,4,11350,18,85~89세,3884
2015,4,11350,19,90~94세,1402
2015,4,11350,20,95~99세,332
2015,4,11350,21,100세 이상,219
2015,4,11380,1,0~4세,19622
2015,4,11380,2,5~9세,20056
2015,4,11380,3,10~14세,21092
2015,4,11380,4,15~19세,28622
2015,4,11380,5,20~24세,33382
2015,4,11380,6,25~29세,32851
2015,4,11380,7,30~34세,40297
2015,4,11380,8,35~39세,40798
2015,4,11380,9,40~44세,44349
2015,4,11380,10,45~49세,42097
2015,4,11380,11,50~54세,39974
2015,4,11380,12,55~59세,39929
2015,4,11380,13,60~64세,29756
2015,4,11380,14,65~69세,24296
2015,4,11380,15,70~74세,19709
2015,4,11380,16,75~79세,13664
2015,4,11380,17,80~84세,7078
2015,4,11380,18,85~89세,3203
2015,4,11380,19,90~94세,1172
2015,4,11380,20,95~99세,290
2015,4,11380,21,100세 이상,341
2015,4,11410,1,0~4세,11657
2015,4,11410,2,5~9세,11136
2015,4,11410,3,10~14세,12546
2015,4,11410,4,15~19세,17579
2015,4,11410,5,20~24세,26611
2015,4,11410,6,25~29세,25561
2015,4,11410,7,30~34세,25531
2015,4,11410,8,35~39세,23982
2015,4,11410,9,40~44세,26890
2015,4,11410,10,45~49세,26791
2015,4,11410,11,50~54세,25474
2015,4,11410,12,55~59세,24561
2015,4,11410,13,60~64세,18028
2015,4,11410,14,65~69세,14984
2015,4,11410,15,70~74세,12962
2015,4,11410,16,75~79세,9837
2015,4,11410,17,80~84세,5237
2015,4,11410,18,85~89세,2391
2015,4,11410,19,90~94세,890
2015,4,11410,20,95~99세,256
2015,4,11410,21,100세 이상,201
2015,4,11440,1,0~4세,16237
2015,4,11440,2,5~9세,15717
2015,4,11440,3,10~14세,15566
2015,4,11440,4,15~19세,19767
2015,4,11440,5,20~24세,28948
2015,4,11440,6,25~29세,33752
2015,4,11440,7,30~34세,39437
2015,4,11440,8,35~39세,35546
2015,4,11440,9,40~44세,36439
2015,4,11440,10,45~49세,31882
2015,4,11440,11,50~54세,29163
2015,4,11440,12,55~59세,27484
2015,4,11440,13,60~64세,19815
2015,4,11440,14,65~69세,15826
2015,4,11440,15,70~74세,13498
2015,4,11440,16,75~79세,9726
2015,4,11440,17,80~84세,5581
2015,4,11440,18,85~89세,2496
2015,4,11440,19,90~94세,947
2015,4,11440,20,95~99세,273
2015,4,11440,21,100세 이상,251
2015,4,11470,1,0~4세,17876
2015,4,11470,2,5~9세,21324
2015,4,11470,3,10~14세,27134
2015,4,11470,4,15~19세,36312
2015,4,11470,5,20~24세,35700
2015,4,11470,6,25~29세,30401
2015,4,11470,7,30~34세,34936
2015,4,11470,8,35~39세,35296
2015,4,11470,9,40~44세,43657
2015,4,11470,10,45~49세,47748
2015,4,11470,11,50~54세,43139
2015,4,11470,12,55~59세,38217
2015,4,11470,13,60~64세,26872
2015,4,11470,14,65~69세,18965
2015,4,11470,15,70~74세,13121
2015,4,11470,16,75~79세,8985
2015,4,11470,17,80~84세,5272
2015,4,11470,18,85~89세,2720
2015,4,11470,19,90~94세,966
2015,4,11470,20,95~99세,236
2015,4,11470,21,100세 이상,133
2015,4,11500,1,0~4세,27034
2015,4,11500,2,5~9세,23615
2015,4,11500,3,10~14세,24238
2015,4,11500,4,15~19세,31882
2015,4,11500,5,20~24세,40509
2015,4,11500,6,25~29세,44699
2015,4,11500,7,30~34세,56217
2015,4,11500,8,35~39세,52269
2015,4,11500,9,40~44세,50332
2015,4,11500,10,45~49세,46383
2015,4,11500,11,50~54세,46982
2015,4,11500,12,55~59세,48228
2015,4,11500,13,60~64세,35353
2015,4,11500,14,65~69세,25940
2015,4,11500,15,70~74세,17615
2015,4,11500,16,75~79세,11748
2015,4,11500,17,80~84세,7162
2015,4,11500,18,85~89세,3657
2015,4,11500,19,90~94세,1311
2015,4,11500,20,95~99세,326
2015,4,11500,21,100세 이상,191
2015,4,11530,1,0~4세,21119
2015,4,11530,2,5~9세,18398
2015,4,11530,3,10~14세,16353
2015,4,11530,4,15~19세,21222
2015,4,11530,5,20~24세,27779
2015,4,11530,6,25~29세,32784
2015,4,11530,7,30~34세,41405
2015,4,11530,8,35~39세,40314
2015,4,11530,9,40~44세,39256
2015,4,11530,10,45~49세,37286
2015,4,11530,11,50~54세,38289
2015,4,11530,12,55~59세,38940
2015,4,11530,13,60~64세,27740
2015,4,11530,14,65~69세,20777
2015,4,11530,15,70~74세,14877
2015,4,11530,16,75~79세,9661
2015,4,11530,17,80~84세,5016
2015,4,11530,18,85~89세,2300
2015,4,11530,19,90~94세,750
2015,4,11530,20,95~99세,201
2015,4,11530,21,100세 이상,137
2015,4,11545,1,0~4세,9183
2015,4,11545,2,5~9세,8076
2015,4,11545,3,10~14세,8511
2015,4,11545,4,15~19세,12459
2015,4,11545,5,20~24세,16845
2015,4,11545,6,25~29세,19980
2015,4,11545,7,30~34세,21690
2015,4,11545,8,35~39세,19466
2015,4,11545,9,40~44세,21102
2015,4,11545,10,45~49세,23404
2015,4,11545,11,50~54세,24884
2015,4,11545,12,55~59세,23525
2015,4,11545,13,60~64세,15972
2015,4,11545,14,65~69세,11698
2015,4,11545,15,70~74세,8854
2015,4,11545,16,75~79세,5561
2015,4,11545,17,80~84세,2952
2015,4,11545,18,85~89세,1275
2015,4,11545,19,90~94세,457
2015,4,11545,20,95~99세,144
2015,4,11545,21,100세 이상,129
2015,4,11560,1,0~4세,16983
2015,4,11560,2,5~9세,14456
2015,4,11560,3,10~14세,13428
2015,4,11560,4,15~19세,18178
2015,4,11560,5,20~24세,25194
2015,4,11560,6,25~29세,34053
2015,4,11560,7,30~34세,39749
2015,4,11560,8,35~39세,35301
2015,4,11560,9,40~44세,35486
2015,4,11560,10,45~49세,35401
2015,4,11560,11,50~54세,36988
2015,4,11560,12,55~59세,36415
2015,4,11560,13,60~64세,24698
2015,4,11560,14,65~69세,18624
2015,4,11560,15,70~74세,13955
2015,4,11560,16,75~79세,9738
2015,4,11560,17,80~84세,5417
2015,4,11560,18,85~89세,2357
2015,4,11560,19,90~94세,919
2015,4,11560,20,95~99세,253
2015,4,11560,21,100세 이상,218
2015,4,11590,1,0~4세,16525
2015,4,11590,2,5~9세,15221
2015,4,11590,3,10~14세,14870
2015,4,11590,4,15~19세,20062
2015,4,11590,5,20~24세,30982
2015,4,11590,6,25~29세,35604
2015,4,11590,7,30~34세,38286
2015,4,11590,8,35~39세,34773
2015,4,11590,9,40~44세,34056
2015,4,11590,10,45~49세,31691
2015,4,11590,11,50~54세,31558
2015,4,11590,12,55~59세,31850
2015,4,11590,13,60~64세,23686
2015,4,11590,14,65~69세,19154
2015,4,11590,15,70~74세,14867
2015,4,11590,16,75~79세,10026
2015,4,11590,17,80~84세,5497
2015,4,11590,18,85~89세,2575
2015,4,11590,19,90~94세,965
2015,4,11590,20,95~99세,300
2015,4,11590,21,100세 이상,226
2015,4,11620,1,0~4세,18185
2015,4,11620,2,5~9세,15920
2015,4,11620,3,10~14세,16106
2015,4,11620,4,15~19세,23009
2015,4,11620,5,20~24세,40352
2015,4,11620,6,25~29세,58156
2015,4,11620,7,30~34세,56988
2015,4,11620,8,35~39세,45042
2015,4,11620,9,40~44세,42845
2015,4,11620,10,45~49세,39184
2015,4,11620,11,50~54세,38875
2015,4,11620,12,55~59세,39252
2015,4,11620,13,60~64세,30132
2015,4,11620,14,65~69세,24532
2015,4,11620,15,70~74세,18933
2015,4,11620,16,75~79세,11788
2015,4,11620,17,80~84세,5721
2015,4,11620,18,85~89세,2613
2015,4,11620,19,90~94세,905
2015,4,11620,20,95~99세,250
2015,4,11620,21,100세 이상,243
2015,4,11650,1,0~4세,20419
2015,4,11650,2,5~9세,22079
2015,4,11650,3,10~14세,23026
2015,4,11650,4,15~19세,27641
2015,4,11650,5,20~24세,28806
2015,4,11650,6,25~29세,31448
2015,4,11650,7,30~34세,38562
2015,4,11650,8,35~39세,39418
2015,4,11650,9,40~44세,42551
2015,4,11650,10,45~49세,39677
2015,4,11650,11,50~54세,33063
2015,4,11650,12,55~59세,31305
2015,4,11650,13,60~64세,23983
2015,4,11650,14,65~69세,18833
2015,4,11650,15,70~74세,13195
2015,4,11650,16,75~79세,8221
2015,4,11650,17,80~84세,4804
2015,4,11650,18,85~89세,2603
2015,4,11650,19,90~94세,1124
2015,4,11650,20,95~99세,317
2015,4,11650,21,100세 이상,183
2015,4,11680,1,0~4세,21917
2015,4,11680,2,5~9세,23122
2015,4,11680,3,10~14세,27811
2015,4,11680,4,15~19세,40394
2015,4,11680,5,20~24세,40443
2015,4,11680,6,25~29세,44306
2015,4,11680,7,30~34세,52913
2015,4,11680,8,35~39세,49421
2015,4,11680,9,40~44세,51463
2015,4,11680,10,45~49세,53580
2015,4,11680,11,50~54세,45399
2015,4,11680,12,55~59세,39960
2015,4,11680,13,60~64세,30701
2015,4,11680,14,65~69세,23536
2015,4,11680,15,70~74세,15961
2015,4,11680,16,75~79세,9902
2015,4,11680,17,80~84세,5725
2015,4,11680,18,85~89세,3234
2015,4,11680,19,90~94세,1363
2015,4,11680,20,95~99세,395
2015,4,11680,21,100세 이상,214
2015,4,11710,1,0~4세,28287
2015,4,11710,2,5~9세,28832
2015,4,11710,3,10~14세,30823
2015,4,11710,4,15~19세,40202
2015,4,11710,5,20~24세,45513
2015,4,11710,6,25~29세,49339
2015,4,11710,7,30~34세,59431
2015,4,11710,8,35~39세,56457
2015,4,11710,9,40~44세,58384
2015,4,11710,10,45~49세,56677
2015,4,11710,11,50~54세,53724
2015,4,11710,12,55~59세,52590
2015,4,11710,13,60~64세,38929
2015,4,11710,14,65~69세,26888
2015,4,11710,15,70~74세,17981
2015,4,11710,16,75~79세,11279
2015,4,11710,17,80~84세,6779
2015,4,11710,18,85~89세,3435
2015,4,11710,19,90~94세,1371
2015,4,11710,20,95~99세,359
2015,4,11710,21,100세 이상,200
2015,4,11740,1,0~4세,18449
2015,4,11740,2,5~9세,18693
2015,4,11740,3,10~14세,19576
2015,4,11740,4,15~19세,27429
2015,4,11740,5,20~24세,32144
2015,4,11740,6,25~29세,32812
2015,4,11740,7,30~34세,38670
2015,4,11740,8,35~39세,37257
2015,4,11740,9,40~44세,38024
2015,4,11740,10,45~49세,38962
2015,4,11740,11,50~54세,39639
2015,4,11740,12,55~59세,40419
2015,4,11740,13,60~64세,29312
2015,4,11740,14,65~69세,20523
2015,4,11740,15,70~74세,13575
2015,4,11740,16,75~79세,8478
2015,4,11740,17,80~84세,5105
2015,4,11740,18,85~89세,2784
2015,4,11740,19,90~94세,1014
2015,4,11740,20,95~99세,271
2015,4,11740,21,100세 이상,185
2016,1,11110,1,0~4세,4453
2016,1,11110,2,5~9세,4986
2016,1,11110,3,10~14세,5861
2016,1,11110,4,15~19세,8994
2016,1,11110,5,20~24세,13793
2016,1,11110,6,25~29세,13265
2016,1,11110,7,30~34세,12144
2016,1,11110,8,35~39세,11145
2016,1,11110,9,40~44세,12981
2016,1,11110,10,45~49세,14226
2016,1,11110,11,50~54세,13806
2016,1,11110,12,55~59세,13336
2016,1,11110,13,60~64세,10004
2016,1,11110,14,65~69세,7773
2016,1,11110,15,70~74세,6776
2016,1,11110,16,75~79세,5062
2016,1,11110,17,80~84세,2910
2016,1,11110,18,85~89세,1428
2016,1,11110,19,90~94세,606
2016,1,11110,20,95~99세,223
2016,1,11110,21,100세 이상,221
2016,1,11140,1,0~4세,4531
2016,1,11140,2,5~9세,4124
2016,1,11140,3,10~14세,3654
2016,1,11140,4,15~19세,5682
2016,1,11140,5,20~24세,9421
2016,1,11140,6,25~29세,10615
2016,1,11140,7,30~34세,11609
2016,1,11140,8,35~39세,10635
2016,1,11140,9,40~44세,10692
2016,1,11140,10,45~49세,11086
2016,1,11140,11,50~54세,11337
2016,1,11140,12,55~59세,11809
2016,1,11140,13,60~64세,8810
2016,1,11140,14,65~69세,6623
2016,1,11140,15,70~74세,5465
2016,1,11140,16,75~79세,3958
2016,1,11140,17,80~84세,2420
2016,1,11140,18,85~89세,1204
2016,1,11140,19,90~94세,459
2016,1,11140,20,95~99세,156
2016,1,11140,21,100세 이상,146
2016,1,11170,1,0~4세,9270
2016,1,11170,2,5~9세,8868
2016,1,11170,3,10~14세,8971
2016,1,11170,4,15~19세,11554
2016,1,11170,5,20~24세,15415
2016,1,11170,6,25~29세,18120
2016,1,11170,7,30~34세,21933
2016,1,11170,8,35~39세,21065
2016,1,11170,9,40~44세,21820
2016,1,11170,10,45~49세,21345
2016,1,11170,11,50~54세,19541
2016,1,11170,12,55~59세,19131
2016,1,11170,13,60~64세,14352
2016,1,11170,14,65~69세,11278
2016,1,11170,15,70~74세,9413
2016,1,11170,16,75~79세,7302
2016,1,11170,17,80~84세,4360
2016,1,11170,18,85~89세,2121
2016,1,11170,19,90~94세,889
2016,1,11170,20,95~99세,250
2016,1,11170,21,100세 이상,299
2016,1,11200,1,0~4세,12505
2016,1,11200,2,5~9세,11051
2016,1,11200,3,10~14세,10639
2016,1,11200,4,15~19세,15065
2016,1,11200,5,20~24세,22313
2016,1,11200,6,25~29세,24034
2016,1,11200,7,30~34세,26445
2016,1,11200,8,35~39세,25712
2016,1,11200,9,40~44세,25809
2016,1,11200,10,45~49세,25594
2016,1,11200,11,50~54세,24999
2016,1,11200,12,55~59세,24469
2016,1,11200,13,60~64세,17371
2016,1,11200,14,65~69세,13275
2016,1,11200,15,70~74세,10619
2016,1,11200,16,75~79세,7591
2016,1,11200,17,80~84세,4144
2016,1,11200,18,85~89세,1867
2016,1,11200,19,90~94세,666
2016,1,11200,20,95~99세,213
2016,1,11200,21,100세 이상,184
2016,1,11215,1,0~4세,13325
2016,1,11215,2,5~9세,12960
2016,1,11215,3,10~14세,13878
2016,1,11215,4,15~19세,20505
2016,1,11215,5,20~24세,30123
2016,1,11215,6,25~29세,33959
2016,1,11215,7,30~34세,35203
2016,1,11215,8,35~39세,30150
2016,1,11215,9,40~44세,30627
2016,1,11215,10,45~49세,31971
2016,1,11215,11,50~54세,30683
2016,1,11215,12,55~59세,29726
2016,1,11215,13,60~64세,20924
2016,1,11215,14,65~69세,14798
2016,1,11215,15,70~74세,11131
2016,1,11215,16,75~79세,7692
2016,1,11215,17,80~84세,4120
2016,1,11215,18,85~89세,1939
2016,1,11215,19,90~94세,703
2016,1,11215,20,95~99세,213
2016,1,11215,21,100세 이상,168
2016,1,11230,1,0~4세,13279
2016,1,11230,2,5~9세,12868
2016,1,11230,3,10~14세,12804
2016,1,11230,4,15~19세,18831
2016,1,11230,5,20~24세,31059
2016,1,11230,6,25~29세,30446
2016,1,11230,7,30~34세,30127
2016,1,11230,8,35~39세,28991
2016,1,11230,9,40~44세,29676
2016,1,11230,10,45~49세,29838
2016,1,11230,11,50~54세,29040
2016,1,11230,12,55~59세,30269
2016,1,11230,13,60~64세,23464
2016,1,11230,14,65~69세,17913
2016,1,11230,15,70~74세,14988
2016,1,11230,16,75~79세,10516
2016,1,11230,17,80~84세,5691
2016,1,11230,18,85~89세,2461
2016,1,11230,19,90~94세,882
2016,1,11230,20,95~99세,283
2016,1,11230,21,100세 이상,231
2016,1,11260,1,0~4세,15719
2016,1,11260,2,5~9세,14352
2016,1,11260,3,10~14세,14539
2016,1,11260,4,15~19세,21960
2016,1,11260,5,20~24세,29672
2016,1,11260,6,25~29세,30095
2016,1,11260,7,30~34세,34318
2016,1,11260,8,35~39세,32555
2016,1,11260,9,40~44세,32911
2016,1,11260,10,45~49세,36062
2016,1,11260,11,50~54세,36815
2016,1,11260,12,55~59세,37360
2016,1,11260,13,60~64세,27296
2016,1,11260,14,65~69세,20150
2016,1,11260,15,70~74세,15219
2016,1,11260,16,75~79세,10122
2016,1,11260,17,80~84세,5435
2016,1,11260,18,85~89세,2507
2016,1,11260,19,90~94세,863
2016,1,11260,20,95~99세,241
2016,1,11260,21,100세 이상,150
2016,1,11290,1,0~4세,17725
2016,1,11290,2,5~9세,19403
2016,1,11290,3,10~14세,19555
2016,1,11290,4,15~19세,25619
2016,1,11290,5,20~24세,36605
2016,1,11290,6,25~29세,34250
2016,1,11290,7,30~34세,35581
2016,1,11290,8,35~39세,36150
2016,1,11290,9,40~44세,41425
2016,1,11290,10,45~49세,39610
2016,1,11290,11,50~54세,35696
2016,1,11290,12,55~59세,35973
2016,1,11290,13,60~64세,27325
2016,1,11290,14,65~69세,21596
2016,1,11290,15,70~74세,17724
2016,1,11290,16,75~79세,12704
2016,1,11290,17,80~84세,6918
2016,1,11290,18,85~89세,3129
2016,1,11290,19,90~94세,1073
2016,1,11290,20,95~99세,344
2016,1,11290,21,100세 이상,294
2016,1,11305,1,0~4세,11223
2016,1,11305,2,5~9세,11334
2016,1,11305,3,10~14세,12181
2016,1,11305,4,15~19세,17623
2016,1,11305,5,20~24세,22795
2016,1,11305,6,25~29세,21388
2016,1,11305,7,30~34세,24728
2016,1,11305,8,35~39세,25074
2016,1,11305,9,40~44세,27714
2016,1,11305,10,45~49세,28355
2016,1,11305,11,50~54세,27473
2016,1,11305,12,55~59세,28408
2016,1,11305,13,60~64세,22296
2016,1,11305,14,65~69세,18452
2016,1,11305,15,70~74세,15410
2016,1,11305,16,75~79세,10432
2016,1,11305,17,80~84세,5182
2016,1,11305,18,85~89세,2270
2016,1,11305,19,90~94세,800
2016,1,11305,20,95~99세,245
2016,1,11305,21,100세 이상,232
2016,1,11320,1,0~4세,12609
2016,1,11320,2,5~9세,13142
2016,1,11320,3,10~14세,14455
2016,1,11320,4,15~19세,20870
2016,1,11320,5,20~24세,25025
2016,1,11320,6,25~29세,22966
2016,1,11320,7,30~34세,25371
2016,1,11320,8,35~39세,25221
2016,1,11320,9,40~44세,28446
2016,1,11320,10,45~49세,30791
2016,1,11320,11,50~54세,29973
2016,1,11320,12,55~59세,31571
2016,1,11320,13,60~64세,22920
2016,1,11320,14,65~69세,16824
2016,1,11320,15,70~74세,13340
2016,1,11320,16,75~79세,9687
2016,1,11320,17,80~84세,5491
2016,1,11320,18,85~89세,2583
2016,1,11320,19,90~94세,896
2016,1,11320,20,95~99세,211
2016,1,11320,21,100세 이상,129
2016,1,11350,1,0~4세,21612
2016,1,11350,2,5~9세,23726
2016,1,11350,3,10~14세,29445
2016,1,11350,4,15~19세,41456
2016,1,11350,5,20~24세,43874
2016,1,11350,6,25~29세,35504
2016,1,11350,7,30~34세,40060
2016,1,11350,8,35~39세,42473
2016,1,11350,9,40~44세,50554
2016,1,11350,10,45~49세,54191
2016,1,11350,11,50~54세,47374
2016,1,11350,12,55~59세,45359
2016,1,11350,13,60~64세,32599
2016,1,11350,14,65~69세,23464
2016,1,11350,15,70~74세,18145
2016,1,11350,16,75~79세,13730
2016,1,11350,17,80~84세,8285
2016,1,11350,18,85~89세,3960
2016,1,11350,19,90~94세,1419
2016,1,11350,20,95~99세,356
2016,1,11350,21,100세 이상,219
2016,1,11380,1,0~4세,19325
2016,1,11380,2,5~9세,19922
2016,1,11380,3,10~14세,20691
2016,1,11380,4,15~19세,28230
2016,1,11380,5,20~24세,33253
2016,1,11380,6,25~29세,33005
2016,1,11380,7,30~34세,39365
2016,1,11380,8,35~39세,40702
2016,1,11380,9,40~44세,43801
2016,1,11380,10,45~49세,42463
2016,1,11380,11,50~54세,39440
2016,1,11380,12,55~59세,40258
2016,1,11380,13,60~64세,30476
2016,1,11380,14,65~69세,24445
2016,1,11380,15,70~74세,19534
2016,1,11380,16,75~79세,13879
2016,1,11380,17,80~84세,7341
2016,1,11380,18,85~89세,3284
2016,1,11380,19,90~94세,1182
2016,1,11380,20,95~99세,296
2016,1,11380,21,100세 이상,350
2016,1,11410,1,0~4세,11851
2016,1,11410,2,5~9세,11323
2016,1,11410,3,10~14세,12388
2016,1,11410,4,15~19세,17419
2016,1,11410,5,20~24세,26971
2016,1,11410,6,25~29세,26071
2016,1,11410,7,30~34세,25704
2016,1,11410,8,35~39세,24326
2016,1,11410,9,40~44세,26778
2016,1,11410,10,45~49세,27364
2016,1,11410,11,50~54세,25530
2016,1,11410,12,55~59세,25045
2016,1,11410,13,60~64세,18657
2016,1,11410,14,65~69세,15144
2016,1,11410,15,70~74세,12925
2016,1,11410,16,75~79세,9944
2016,1,11410,17,80~84세,5494
2016,1,11410,18,85~89세,2467
2016,1,11410,19,90~94세,877
2016,1,11410,20,95~99세,258
2016,1,11410,21,100세 이상,210
2016,1,11440,1,0~4세,16081
2016,1,11440,2,5~9세,15568
2016,1,11440,3,10~14세,15314
2016,1,11440,4,15~19세,19396
2016,1,11440,5,20~24세,28839
2016,1,11440,6,25~29세,33712
2016,1,11440,7,30~34세,39003
2016,1,11440,8,35~39세,35609
2016,1,11440,9,40~44세,35882
2016,1,11440,10,45~49세,32370
2016,1,11440,11,50~54세,28894
2016,1,11440,12,55~59세,27690
2016,1,11440,13,60~64세,20309
2016,1,11440,14,65~69세,15968
2016,1,11440,15,70~74세,13312
2016,1,11440,16,75~79세,9874
2016,1,11440,17,80~84세,5716
2016,1,11440,18,85~89세,2552
2016,1,11440,19,90~94세,941
2016,1,11440,20,95~99세,290
2016,1,11440,21,100세 이상,255
2016,1,11470,1,0~4세,17715
2016,1,11470,2,5~9세,21393
2016,1,11470,3,10~14세,26566
2016,1,11470,4,15~19세,35740
2016,1,11470,5,20~24세,35309
2016,1,11470,6,25~29세,30300
2016,1,11470,7,30~34세,34385
2016,1,11470,8,35~39세,35404
2016,1,11470,9,40~44세,43094
2016,1,11470,10,45~49세,47745
2016,1,11470,11,50~54세,42602
2016,1,11470,12,55~59세,38557
2016,1,11470,13,60~64세,27653
2016,1,11470,14,65~69세,19147
2016,1,11470,15,70~74세,13107
2016,1,11470,16,75~79세,9135
2016,1,11470,17,80~84세,5421
2016,1,11470,18,85~89세,2725
2016,1,11470,19,90~94세,985
2016,1,11470,20,95~99세,244
2016,1,11470,21,100세 이상,141
2016,1,11500,1,0~4세,26994
2016,1,11500,2,5~9세,23711
2016,1,11500,3,10~14세,23815
2016,1,11500,4,15~19세,31555
2016,1,11500,5,20~24세,40426
2016,1,11500,6,25~29세,44846
2016,1,11500,7,30~34세,55798
2016,1,11500,8,35~39세,52794
2016,1,11500,9,40~44세,50115
2016,1,11500,10,45~49세,46787
2016,1,11500,11,50~54세,46281
2016,1,11500,12,55~59세,48952
2016,1,11500,13,60~64세,36464
2016,1,11500,14,65~69세,26334
2016,1,11500,15,70~74세,17669
2016,1,11500,16,75~79세,12038
2016,1,11500,17,80~84세,7303
2016,1,11500,18,85~89세,3718
2016,1,11500,19,90~94세,1337
2016,1,11500,20,95~99세,343
2016,1,11500,21,100세 이상,193
2016,1,11530,1,0~4세,20719
2016,1,11530,2,5~9세,18417
2016,1,11530,3,10~14세,16098
2016,1,11530,4,15~19세,21101
2016,1,11530,5,20~24세,27790
2016,1,11530,6,25~29세,32430
2016,1,11530,7,30~34세,40793
2016,1,11530,8,35~39세,40276
2016,1,11530,9,40~44세,38621
2016,1,11530,10,45~49세,37445
2016,1,11530,11,50~54세,38054
2016,1,11530,12,55~59세,39147
2016,1,11530,13,60~64세,28956
2016,1,11530,14,65~69세,21032
2016,1,11530,15,70~74세,14914
2016,1,11530,16,75~79세,9800
2016,1,11530,17,80~84세,5194
2016,1,11530,18,85~89세,2349
2016,1,11530,19,90~94세,765
2016,1,11530,20,95~99세,208
2016,1,11530,21,100세 이상,143
2016,1,11545,1,0~4세,8976
2016,1,11545,2,5~9세,8102
2016,1,11545,3,10~14세,8274
2016,1,11545,4,15~19세,12190
2016,1,11545,5,20~24세,16720
2016,1,11545,6,25~29세,19643
2016,1,11545,7,30~34세,21503
2016,1,11545,8,35~39세,19420
2016,1,11545,9,40~44세,20534
2016,1,11545,10,45~49세,23126
2016,1,11545,11,50~54세,24916
2016,1,11545,12,55~59세,23631
2016,1,11545,13,60~64세,16790
2016,1,11545,14,65~69세,11883
2016,1,11545,15,70~74세,8820
2016,1,11545,16,75~79세,5663
2016,1,11545,17,80~84세,3031
2016,1,11545,18,85~89세,1311
2016,1,11545,19,90~94세,455
2016,1,11545,20,95~99세,151
2016,1,11545,21,100세 이상,135
2016,1,11560,1,0~4세,16762
2016,1,11560,2,5~9세,14449
2016,1,11560,3,10~14세,13190
2016,1,11560,4,15~19세,17957
2016,1,11560,5,20~24세,25033
2016,1,11560,6,25~29세,33488
2016,1,11560,7,30~34세,39812
2016,1,11560,8,35~39세,35387
2016,1,11560,9,40~44세,34573
2016,1,11560,10,45~49세,35343
2016,1,11560,11,50~54세,36793
2016,1,11560,12,55~59세,36405
2016,1,11560,13,60~64세,25987
2016,1,11560,14,65~69세,18823
2016,1,11560,15,70~74세,13905
2016,1,11560,16,75~79세,9867
2016,1,11560,17,80~84세,5632
2016,1,11560,18,85~89세,2387
2016,1,11560,19,90~94세,922
2016,1,11560,20,95~99세,268
2016,1,11560,21,100세 이상,226
2016,1,11590,1,0~4세,16322
2016,1,11590,2,5~9세,15165
2016,1,11590,3,10~14세,14575
2016,1,11590,4,15~19세,19857
2016,1,11590,5,20~24세,31288
2016,1,11590,6,25~29세,35804
2016,1,11590,7,30~34세,37878
2016,1,11590,8,35~39세,34744
2016,1,11590,9,40~44세,33720
2016,1,11590,10,45~49세,31966
2016,1,11590,11,50~54세,31294
2016,1,11590,12,55~59세,32088
2016,1,11590,13,60~64세,24359
2016,1,11590,14,65~69세,19326
2016,1,11590,15,70~74세,14862
2016,1,11590,16,75~79세,10200
2016,1,11590,17,80~84세,5695
2016,1,11590,18,85~89세,2618
2016,1,11590,19,90~94세,978
2016,1,11590,20,95~99세,306
2016,1,11590,21,100세 이상,237
2016,1,11620,1,0~4세,17822
2016,1,11620,2,5~9세,15929
2016,1,11620,3,10~14세,15814
2016,1,11620,4,15~19세,22742
2016,1,11620,5,20~24세,41131
2016,1,11620,6,25~29세,58309
2016,1,11620,7,30~34세,56441
2016,1,11620,8,35~39세,45148
2016,1,11620,9,40~44세,42199
2016,1,11620,10,45~49세,39576
2016,1,11620,11,50~54세,38658
2016,1,11620,12,55~59세,39451
2016,1,11620,13,60~64세,31080
2016,1,11620,14,65~69세,24709
2016,1,11620,15,70~74세,18905
2016,1,11620,16,75~79세,12151
2016,1,11620,17,80~84세,5913
2016,1,11620,18,85~89세,2650
2016,1,11620,19,90~94세,942
2016,1,11620,20,95~99세,249
2016,1,11620,21,100세 이상,253
2016,1,11650,1,0~4세,19932
2016,1,11650,2,5~9세,22226
2016,1,11650,3,10~14세,22814
2016,1,11650,4,15~19세,27224
2016,1,11650,5,20~24세,28680
2016,1,11650,6,25~29세,31424
2016,1,11650,7,30~34세,37737
2016,1,11650,8,35~39세,39406
2016,1,11650,9,40~44세,42282
2016,1,11650,10,45~49세,40107
2016,1,11650,11,50~54세,32754
2016,1,11650,12,55~59세,31335
2016,1,11650,13,60~64세,24359
2016,1,11650,14,65~69세,19000
2016,1,11650,15,70~74세,13308
2016,1,11650,16,75~79세,8380
2016,1,11650,17,80~84세,4873
2016,1,11650,18,85~89세,2607
2016,1,11650,19,90~94세,1116
2016,1,11650,20,95~99세,336
2016,1,11650,21,100세 이상,185
2016,1,11680,1,0~4세,21480
2016,1,11680,2,5~9세,23343
2016,1,11680,3,10~14세,27395
2016,1,11680,4,15~19세,39503
2016,1,11680,5,20~24세,40010
2016,1,11680,6,25~29세,43887
2016,1,11680,7,30~34세,51941
2016,1,11680,8,35~39세,49506
2016,1,11680,9,40~44세,50910
2016,1,11680,10,45~49세,53985
2016,1,11680,11,50~54세,44682
2016,1,11680,12,55~59세,39943
2016,1,11680,13,60~64세,31319
2016,1,11680,14,65~69세,23748
2016,1,11680,15,70~74세,15956
2016,1,11680,16,75~79세,10154
2016,1,11680,17,80~84세,5863
2016,1,11680,18,85~89세,3226
2016,1,11680,19,90~94세,1384
2016,1,11680,20,95~99세,405
2016,1,11680,21,100세 이상,222
2016,1,11710,1,0~4세,27775
2016,1,11710,2,5~9세,28694
2016,1,11710,3,10~14세,30055
2016,1,11710,4,15~19세,39546
2016,1,11710,5,20~24세,45077
2016,1,11710,6,25~29세,48847
2016,1,11710,7,30~34세,58267
2016,1,11710,8,35~39세,56702
2016,1,11710,9,40~44세,57364
2016,1,11710,10,45~49세,56940
2016,1,11710,11,50~54세,53080
2016,1,11710,12,55~59세,52761
2016,1,11710,13,60~64세,39809
2016,1,11710,14,65~69세,27218
2016,1,11710,15,70~74세,17922
2016,1,11710,16,75~79세,11488
2016,1,11710,17,80~84세,6918
2016,1,11710,18,85~89세,3484
2016,1,11710,19,90~94세,1374
2016,1,11710,20,95~99세,380
2016,1,11710,21,100세 이상,203
2016,1,11740,1,0~4세,17992
2016,1,11740,2,5~9세,18505
2016,1,11740,3,10~14세,19163
2016,1,11740,4,15~19세,26841
2016,1,11740,5,20~24세,31783
2016,1,11740,6,25~29세,32528
2016,1,11740,7,30~34세,37646
2016,1,11740,8,35~39세,37159
2016,1,11740,9,40~44세,37337
2016,1,11740,10,45~49세,38868
2016,1,11740,11,50~54세,38872
2016,1,11740,12,55~59세,40633
2016,1,11740,13,60~64세,30022
2016,1,11740,14,65~69세,20710
2016,1,11740,15,70~74세,13532
2016,1,11740,16,75~79세,8638
2016,1,11740,17,80~84세,5180
2016,1,11740,18,85~89세,2839
2016,1,11740,19,90~94세,1037
2016,1,11740,20,95~99세,273
2016,1,11740,21,100세 이상,192
2016,2,11110,1,0~4세,4473
2016,2,11110,2,5~9세,4983
2016,2,11110,3,10~14세,5711
2016,2,11110,4,15~19세,8794
2016,2,11110,5,20~24세,13791
2016,2,11110,6,25~29세,13216
2016,2,11110,7,30~34세,11946
2016,2,11110,8,35~39세,11203
2016,2,11110,9,40~44세,12690
2016,2,11110,10,45~49세,14262
2016,2,11110,11,50~54세,13580
2016,2,11110,12,55~59세,13440
2016,2,11110,13,60~64세,10137
2016,2,11110,14,65~69세,7665
2016,2,11110,15,70~74세,6752
2016,2,11110,16,75~79세,5136
2016,2,11110,17,80~84세,2958
2016,2,11110,18,85~89세,1440
2016,2,11110,19,90~94세,613
2016,2,11110,20,95~99세,225
2016,2,11110,21,100세 이상,220
2016,2,11140,1,0~4세,4523
2016,2,11140,2,5~9세,4135
2016,2,11140,3,10~14세,3624
2016,2,11140,4,15~19세,5601
2016,2,11140,5,20~24세,9385
2016,2,11140,6,25~29세,10652
2016,2,11140,7,30~34세,11422
2016,2,11140,8,35~39세,10745
2016,2,11140,9,40~44세,10543
2016,2,11140,10,45~49세,11138
2016,2,11140,11,50~54세,11185
2016,2,11140,12,55~59세,11834
2016,2,11140,13,60~64세,8954
2016,2,11140,14,65~69세,6554
2016,2,11140,15,70~74세,5432
2016,2,11140,16,75~79세,4007
2016,2,11140,17,80~84세,2447
2016,2,11140,18,85~89세,1216
2016,2,11140,19,90~94세,471
2016,2,11140,20,95~99세,152
2016,2,11140,21,100세 이상,155
2016,2,11170,1,0~4세,9195
2016,2,11170,2,5~9세,8871
2016,2,11170,3,10~14세,8801
2016,2,11170,4,15~19세,11451
2016,2,11170,5,20~24세,15371
2016,2,11170,6,25~29세,18286
2016,2,11170,7,30~34세,21638
2016,2,11170,8,35~39세,21198
2016,2,11170,9,40~44세,21420
2016,2,11170,10,45~49세,21577
2016,2,11170,11,50~54세,19273
2016,2,11170,12,55~59세,19185
2016,2,11170,13,60~64세,14678
2016,2,11170,14,65~69세,11155
2016,2,11170,15,70~74세,9342
2016,2,11170,16,75~79세,7406
2016,2,11170,17,80~84세,4467
2016,2,11170,18,85~89세,2157
2016,2,11170,19,90~94세,905
2016,2,11170,20,95~99세,250
2016,2,11170,21,100세 이상,308
2016,2,11200,1,0~4세,12588
2016,2,11200,2,5~9세,11098
2016,2,11200,3,10~14세,10569
2016,2,11200,4,15~19세,14968
2016,2,11200,5,20~24세,22300
2016,2,11200,6,25~29세,24289
2016,2,11200,7,30~34세,26389
2016,2,11200,8,35~39세,26079
2016,2,11200,9,40~44세,25476
2016,2,11200,10,45~49세,25880
2016,2,11200,11,50~54세,24690
2016,2,11200,12,55~59세,24839
2016,2,11200,13,60~64세,17621
2016,2,11200,14,65~69세,13211
2016,2,11200,15,70~74세,10582
2016,2,11200,16,75~79세,7782
2016,2,11200,17,80~84세,4213
2016,2,11200,18,85~89세,1884
2016,2,11200,19,90~94세,666
2016,2,11200,20,95~99세,217
2016,2,11200,21,100세 이상,184
2016,2,11215,1,0~4세,13298
2016,2,11215,2,5~9세,12950
2016,2,11215,3,10~14세,13708
2016,2,11215,4,15~19세,20205
2016,2,11215,5,20~24세,30211
2016,2,11215,6,25~29세,34065
2016,2,11215,7,30~34세,34672
2016,2,11215,8,35~39세,30301
2016,2,11215,9,40~44세,30154
2016,2,11215,10,45~49세,32111
2016,2,11215,11,50~54세,30182
2016,2,11215,12,55~59세,30042
2016,2,11215,13,60~64세,21164
2016,2,11215,14,65~69세,14802
2016,2,11215,15,70~74세,11154
2016,2,11215,16,75~79세,7807
2016,2,11215,17,80~84세,4191
2016,2,11215,18,85~89세,1960
2016,2,11215,19,90~94세,691
2016,2,11215,20,95~99세,216
2016,2,11215,21,100세 이상,169
2016,2,11230,1,0~4세,13172
2016,2,11230,2,5~9세,12887
2016,2,11230,3,10~14세,12592
2016,2,11230,4,15~19세,18840
2016,2,11230,5,20~24세,30897
2016,2,11230,6,25~29세,30403
2016,2,11230,7,30~34세,29542
2016,2,11230,8,35~39세,28933
2016,2,11230,9,40~44세,29176
2016,2,11230,10,45~49세,30025
2016,2,11230,11,50~54세,28380
2016,2,11230,12,55~59세,30589
2016,2,11230,13,60~64세,23638
2016,2,11230,14,65~69세,17887
2016,2,11230,15,70~74세,14887
2016,2,11230,16,75~79세,10668
2016,2,11230,17,80~84세,5811
2016,2,11230,18,85~89세,2495
2016,2,11230,19,90~94세,878
2016,2,11230,20,95~99세,282
2016,2,11230,21,100세 이상,232
2016,2,11260,1,0~4세,15567
2016,2,11260,2,5~9세,14334
2016,2,11260,3,10~14세,14415
2016,2,11260,4,15~19세,21673
2016,2,11260,5,20~24세,29620
2016,2,11260,6,25~29세,30260
2016,2,11260,7,30~34세,33801
2016,2,11260,8,35~39세,32786
2016,2,11260,9,40~44세,32249
2016,2,11260,10,45~49세,36237
2016,2,11260,11,50~54세,36298
2016,2,11260,12,55~59세,37962
2016,2,11260,13,60~64세,27799
2016,2,11260,14,65~69세,20166
2016,2,11260,15,70~74세,15217
2016,2,11260,16,75~79세,10396
2016,2,11260,17,80~84세,5568
2016,2,11260,18,85~89세,2503
2016,2,11260,19,90~94세,884
2016,2,11260,20,95~99세,251
2016,2,11260,21,100세 이상,148
2016,2,11290,1,0~4세,17511
2016,2,11290,2,5~9세,19331
2016,2,11290,3,10~14세,19367
2016,2,11290,4,15~19세,25637
2016,2,11290,5,20~24세,36444
2016,2,11290,6,25~29세,34193
2016,2,11290,7,30~34세,34828
2016,2,11290,8,35~39세,36205
2016,2,11290,9,40~44세,40550
2016,2,11290,10,45~49세,40127
2016,2,11290,11,50~54세,35117
2016,2,11290,12,55~59세,36205
2016,2,11290,13,60~64세,27728
2016,2,11290,14,65~69세,21384
2016,2,11290,15,70~74세,17645
2016,2,11290,16,75~79세,12932
2016,2,11290,17,80~84세,7037
2016,2,11290,18,85~89세,3160
2016,2,11290,19,90~94세,1092
2016,2,11290,20,95~99세,350
2016,2,11290,21,100세 이상,299
2016,2,11305,1,0~4세,11052
2016,2,11305,2,5~9세,11294
2016,2,11305,3,10~14세,12000
2016,2,11305,4,15~19세,17360
2016,2,11305,5,20~24세,22723
2016,2,11305,6,25~29세,21515
2016,2,11305,7,30~34세,24226
2016,2,11305,8,35~39세,25199
2016,2,11305,9,40~44세,27160
2016,2,11305,10,45~49세,28563
2016,2,11305,11,50~54세,26978
2016,2,11305,12,55~59세,28832
2016,2,11305,13,60~64세,22587
2016,2,11305,14,65~69세,18351
2016,2,11305,15,70~74세,15292
2016,2,11305,16,75~79세,10672
2016,2,11305,17,80~84세,5338
2016,2,11305,18,85~89세,2312
2016,2,11305,19,90~94세,807
2016,2,11305,20,95~99세,243
2016,2,11305,21,100세 이상,233
2016,2,11320,1,0~4세,12507
2016,2,11320,2,5~9세,13107
2016,2,11320,3,10~14세,14197
2016,2,11320,4,15~19세,20650
2016,2,11320,5,20~24세,25026
2016,2,11320,6,25~29세,22983
2016,2,11320,7,30~34세,24870
2016,2,11320,8,35~39세,25424
2016,2,11320,9,40~44세,27914
2016,2,11320,10,45~49세,30956
2016,2,11320,11,50~54세,29528
2016,2,11320,12,55~59세,32021
2016,2,11320,13,60~64세,23405
2016,2,11320,14,65~69세,16882
2016,2,11320,15,70~74세,13358
2016,2,11320,16,75~79세,9863
2016,2,11320,17,80~84세,5624
2016,2,11320,18,85~89세,2614
2016,2,11320,19,90~94세,895
2016,2,11320,20,95~99세,211
2016,2,11320,21,100세 이상,129
2016,2,11350,1,0~4세,21633
2016,2,11350,2,5~9세,23529
2016,2,11350,3,10~14세,28950
2016,2,11350,4,15~19세,41035
2016,2,11350,5,20~24세,43778
2016,2,11350,6,25~29세,35686
2016,2,11350,7,30~34세,39297
2016,2,11350,8,35~39세,42799
2016,2,11350,9,40~44세,49547
2016,2,11350,10,45~49세,54667
2016,2,11350,11,50~54세,46745
2016,2,11350,12,55~59세,45878
2016,2,11350,13,60~64세,33173
2016,2,11350,14,65~69세,23526
2016,2,11350,15,70~74세,18127
2016,2,11350,16,75~79세,14024
2016,2,11350,17,80~84세,8385
2016,2,11350,18,85~89세,4004
2016,2,11350,19,90~94세,1406
2016,2,11350,20,95~99세,373
2016,2,11350,21,100세 이상,220
2016,2,11380,1,0~4세,19129
2016,2,11380,2,5~9세,19866
2016,2,11380,3,10~14세,20429
2016,2,11380,4,15~19세,27989
2016,2,11380,5,20~24세,33111
2016,2,11380,6,25~29세,33026
2016,2,11380,7,30~34세,38432
2016,2,11380,8,35~39세,40946
2016,2,11380,9,40~44세,43023
2016,2,11380,10,45~49세,42890
2016,2,11380,11,50~54세,38860
2016,2,11380,12,55~59세,40684
2016,2,11380,13,60~64세,30875
2016,2,11380,14,65~69세,24242
2016,2,11380,15,70~74세,19576
2016,2,11380,16,75~79세,14119
2016,2,11380,17,80~84세,7511
2016,2,11380,18,85~89세,3287
2016,2,11380,19,90~94세,1207
2016,2,11380,20,95~99세,291
2016,2,11380,21,100세 이상,357
2016,2,11410,1,0~4세,11910
2016,2,11410,2,5~9세,11279
2016,2,11410,3,10~14세,12280
2016,2,11410,4,15~19세,17311
2016,2,11410,5,20~24세,26935
2016,2,11410,6,25~29세,26305
2016,2,11410,7,30~34세,25467
2016,2,11410,8,35~39세,24570
2016,2,11410,9,40~44세,26327
2016,2,11410,10,45~49세,27620
2016,2,11410,11,50~54세,25276
2016,2,11410,12,55~59세,25491
2016,2,11410,13,60~64세,18931
2016,2,11410,14,65~69세,15101
2016,2,11410,15,70~74세,12824
2016,2,11410,16,75~79세,10059
2016,2,11410,17,80~84세,5596
2016,2,11410,18,85~89세,2457
2016,2,11410,19,90~94세,902
2016,2,11410,20,95~99세,260
2016,2,11410,21,100세 이상,212
2016,2,11440,1,0~4세,16119
2016,2,11440,2,5~9세,15476
2016,2,11440,3,10~14세,15163
2016,2,11440,4,15~19세,19214
2016,2,11440,5,20~24세,28745
2016,2,11440,6,25~29세,33657
2016,2,11440,7,30~34세,38367
2016,2,11440,8,35~39세,35574
2016,2,11440,9,40~44세,35382
2016,2,11440,10,45~49세,32726
2016,2,11440,11,50~54세,28266
2016,2,11440,12,55~59세,27897
2016,2,11440,13,60~64세,20517
2016,2,11440,14,65~69세,15678
2016,2,11440,15,70~74세,13181
2016,2,11440,16,75~79세,9944
2016,2,11440,17,80~84세,5724
2016,2,11440,18,85~89세,2577
2016,2,11440,19,90~94세,920
2016,2,11440,20,95~99세,300
2016,2,11440,21,100세 이상,260
2016,2,11470,1,0~4세,17565
2016,2,11470,2,5~9세,21355
2016,2,11470,3,10~14세,26248
2016,2,11470,4,15~19세,35237
2016,2,11470,5,20~24세,35224
2016,2,11470,6,25~29세,30428
2016,2,11470,7,30~34세,33864
2016,2,11470,8,35~39세,35590
2016,2,11470,9,40~44세,42316
2016,2,11470,10,45~49세,47985
2016,2,11470,11,50~54세,42046
2016,2,11470,12,55~59세,39111
2016,2,11470,13,60~64세,28011
2016,2,11470,14,65~69세,19246
2016,2,11470,15,70~74세,13126
2016,2,11470,16,75~79세,9279
2016,2,11470,17,80~84세,5494
2016,2,11470,18,85~89세,2754
2016,2,11470,19,90~94세,986
2016,2,11470,20,95~99세,247
2016,2,11470,21,100세 이상,146
2016,2,11500,1,0~4세,26908
2016,2,11500,2,5~9세,23826
2016,2,11500,3,10~14세,23612
2016,2,11500,4,15~19세,31195
2016,2,11500,5,20~24세,40348
2016,2,11500,6,25~29세,45249
2016,2,11500,7,30~34세,55158
2016,2,11500,8,35~39세,53403
2016,2,11500,9,40~44세,49638
2016,2,11500,10,45~49세,47171
2016,2,11500,11,50~54세,45330
2016,2,11500,12,55~59세,49744
2016,2,11500,13,60~64세,37057
2016,2,11500,14,65~69세,26427
2016,2,11500,15,70~74세,17756
2016,2,11500,16,75~79세,12269
2016,2,11500,17,80~84세,7396
2016,2,11500,18,85~89세,3775
2016,2,11500,19,90~94세,1382
2016,2,11500,20,95~99세,350
2016,2,11500,21,100세 이상,196
2016,2,11530,1,0~4세,20586
2016,2,11530,2,5~9세,18469
2016,2,11530,3,10~14세,15977
2016,2,11530,4,15~19세,20831
2016,2,11530,5,20~24세,27858
2016,2,11530,6,25~29세,32592
2016,2,11530,7,30~34세,39971
2016,2,11530,8,35~39세,40365
2016,2,11530,9,40~44세,38193
2016,2,11530,10,45~49세,37731
2016,2,11530,11,50~54세,37494
2016,2,11530,12,55~59세,39380
2016,2,11530,13,60~64세,29216
2016,2,11530,14,65~69세,21044
2016,2,11530,15,70~74세,14939
2016,2,11530,16,75~79세,10050
2016,2,11530,17,80~84세,5331
2016,2,11530,18,85~89세,2360
2016,2,11530,19,90~94세,788
2016,2,11530,20,95~99세,207
2016,2,11530,21,100세 이상,144
2016,2,11545,1,0~4세,8977
2016,2,11545,2,5~9세,8087
2016,2,11545,3,10~14세,8163
2016,2,11545,4,15~19세,12019
2016,2,11545,5,20~24세,16696
2016,2,11545,6,25~29세,19742
2016,2,11545,7,30~34세,21133
2016,2,11545,8,35~39세,19460
2016,2,11545,9,40~44세,20178
2016,2,11545,10,45~49세,23119
2016,2,11545,11,50~54세,24540
2016,2,11545,12,55~59세,23940
2016,2,11545,13,60~64세,16904
2016,2,11545,14,65~69세,11911
2016,2,11545,15,70~74세,8842
2016,2,11545,16,75~79세,5780
2016,2,11545,17,80~84세,3080
2016,2,11545,18,85~89세,1346
2016,2,11545,19,90~94세,454
2016,2,11545,20,95~99세,149
2016,2,11545,21,100세 이상,142
2016,2,11560,1,0~4세,16787
2016,2,11560,2,5~9세,14490
2016,2,11560,3,10~14세,12978
2016,2,11560,4,15~19세,17757
2016,2,11560,5,20~24세,24843
2016,2,11560,6,25~29세,33677
2016,2,11560,7,30~34세,39020
2016,2,11560,8,35~39세,35464
2016,2,11560,9,40~44세,34044
2016,2,11560,10,45~49세,35398
2016,2,11560,11,50~54세,35831
2016,2,11560,12,55~59세,36578
2016,2,11560,13,60~64세,25956
2016,2,11560,14,65~69세,18698
2016,2,11560,15,70~74세,13909
2016,2,11560,16,75~79세,9879
2016,2,11560,17,80~84세,5759
2016,2,11560,18,85~89세,2412
2016,2,11560,19,90~94세,920
2016,2,11560,20,95~99세,272
2016,2,11560,21,100세 이상,229
2016,2,11590,1,0~4세,16252
2016,2,11590,2,5~9세,15161
2016,2,11590,3,10~14세,14527
2016,2,11590,4,15~19세,19702
2016,2,11590,5,20~24세,31389
2016,2,11590,6,25~29세,36178
2016,2,11590,7,30~34세,37490
2016,2,11590,8,35~39세,34968
2016,2,11590,9,40~44세,33405
2016,2,11590,10,45~49세,32405
2016,2,11590,11,50~54세,30814
2016,2,11590,12,55~59세,32488
2016,2,11590,13,60~64세,24610
2016,2,11590,14,65~69세,19257
2016,2,11590,15,70~74세,14883
2016,2,11590,16,75~79세,10395
2016,2,11590,17,80~84세,5845
2016,2,11590,18,85~89세,2657
2016,2,11590,19,90~94세,997
2016,2,11590,20,95~99세,307
2016,2,11590,21,100세 이상,239
2016,2,11620,1,0~4세,17686
2016,2,11620,2,5~9세,15859
2016,2,11620,3,10~14세,15668
2016,2,11620,4,15~19세,22413
2016,2,11620,5,20~24세,41427
2016,2,11620,6,25~29세,58884
2016,2,11620,7,30~34세,55589
2016,2,11620,8,35~39세,45170
2016,2,11620,9,40~44세,41639
2016,2,11620,10,45~49세,39820
2016,2,11620,11,50~54세,38004
2016,2,11620,12,55~59세,39748
2016,2,11620,13,60~64세,31316
2016,2,11620,14,65~69세,24659
2016,2,11620,15,70~74세,18789
2016,2,11620,16,75~79세,12454
2016,2,11620,17,80~84세,6009
2016,2,11620,18,85~89세,2653
2016,2,11620,19,90~94세,953
2016,2,11620,20,95~99세,254
2016,2,11620,21,100세 이상,260
2016,2,11650,1,0~4세,19757
2016,2,11650,2,5~9세,22241
2016,2,11650,3,10~14세,22631
2016,2,11650,4,15~19세,26939
2016,2,11650,5,20~24세,28649
2016,2,11650,6,25~29세,31454
2016,2,11650,7,30~34세,37333
2016,2,11650,8,35~39세,39496
2016,2,11650,9,40~44세,41883
2016,2,11650,10,45~49세,40651
2016,2,11650,11,50~54세,32350
2016,2,11650,12,55~59세,31740
2016,2,11650,13,60~64세,24756
2016,2,11650,14,65~69세,18842
2016,2,11650,15,70~74세,13486
2016,2,11650,16,75~79세,8563
2016,2,11650,17,80~84세,4959
2016,2,11650,18,85~89세,2631
2016,2,11650,19,90~94세,1115
2016,2,11650,20,95~99세,341
2016,2,11650,21,100세 이상,188
2016,2,11680,1,0~4세,21106
2016,2,11680,2,5~9세,23364
2016,2,11680,3,10~14세,27058
2016,2,11680,4,15~19세,39116
2016,2,11680,5,20~24세,39860
2016,2,11680,6,25~29세,43860
2016,2,11680,7,30~34세,50748
2016,2,11680,8,35~39세,49633
2016,2,11680,9,40~44세,50098
2016,2,11680,10,45~49세,54539
2016,2,11680,11,50~54세,43995
2016,2,11680,12,55~59세,40151
2016,2,11680,13,60~64세,31707
2016,2,11680,14,65~69세,23538
2016,2,11680,15,70~74세,16132
2016,2,11680,16,75~79세,10308
2016,2,11680,17,80~84세,5946
2016,2,11680,18,85~89세,3225
2016,2,11680,19,90~94세,1390
2016,2,11680,20,95~99세,413
2016,2,11680,21,100세 이상,226
2016,2,11710,1,0~4세,27539
2016,2,11710,2,5~9세,28659
2016,2,11710,3,10~14세,29679
2016,2,11710,4,15~19세,39084
2016,2,11710,5,20~24세,44909
2016,2,11710,6,25~29세,48759
2016,2,11710,7,30~34세,57556
2016,2,11710,8,35~39세,57060
2016,2,11710,9,40~44세,56416
2016,2,11710,10,45~49세,57414
2016,2,11710,11,50~54세,52218
2016,2,11710,12,55~59세,53429
2016,2,11710,13,60~64세,40364
2016,2,11710,14,65~69세,27229
2016,2,11710,15,70~74세,18047
2016,2,11710,16,75~79세,11715
2016,2,11710,17,80~84세,7015
2016,2,11710,18,85~89세,3524
2016,2,11710,19,90~94세,1410
2016,2,11710,20,95~99세,369
2016,2,11710,21,100세 이상,210
2016,2,11740,1,0~4세,17777
2016,2,11740,2,5~9세,18398
2016,2,11740,3,10~14세,18826
2016,2,11740,4,15~19세,26292
2016,2,11740,5,20~24세,31295
2016,2,11740,6,25~29세,32243
2016,2,11740,7,30~34세,36780
2016,2,11740,8,35~39세,37293
2016,2,11740,9,40~44세,36488
2016,2,11740,10,45~49세,38889
2016,2,11740,11,50~54세,37696
2016,2,11740,12,55~59세,40683
2016,2,11740,13,60~64세,30211
2016,2,11740,14,65~69세,20659
2016,2,11740,15,70~74세,13546
2016,2,11740,16,75~79세,8745
2016,2,11740,17,80~84세,5244
2016,2,11740,18,85~89세,2856
2016,2,11740,19,90~94세,1055
2016,2,11740,20,95~99세,275
2016,2,11740,21,100세 이상,193
2016,3,11110,1,0~4세,4467
2016,3,11110,2,5~9세,4975
2016,3,11110,3,10~14세,5622
2016,3,11110,4,15~19세,8870
2016,3,11110,5,20~24세,13962
2016,3,11110,6,25~29세,13183
2016,3,11110,7,30~34세,11741
2016,3,11110,8,35~39세,11188
2016,3,11110,9,40~44세,12428
2016,3,11110,10,45~49세,14365
2016,3,11110,11,50~54세,13430
2016,3,11110,12,55~59세,13393
2016,3,11110,13,60~64세,10293
2016,3,11110,14,65~69세,7537
2016,3,11110,15,70~74세,6744
2016,3,11110,16,75~79세,5222
2016,3,11110,17,80~84세,3018
2016,3,11110,18,85~89세,1470
2016,3,11110,19,90~94세,600
2016,3,11110,20,95~99세,228
2016,3,11110,21,100세 이상,221
2016,3,11140,1,0~4세,4551
2016,3,11140,2,5~9세,4142
2016,3,11140,3,10~14세,3575
2016,3,11140,4,15~19세,5551
2016,3,11140,5,20~24세,9481
2016,3,11140,6,25~29세,10773
2016,3,11140,7,30~34세,11402
2016,3,11140,8,35~39세,10837
2016,3,11140,9,40~44세,10383
2016,3,11140,10,45~49세,11220
2016,3,11140,11,50~54세,11042
2016,3,11140,12,55~59세,11893
2016,3,11140,13,60~64세,9075
2016,3,11140,14,65~69세,6524
2016,3,11140,15,70~74세,5400
2016,3,11140,16,75~79세,4087
2016,3,11140,17,80~84세,2497
2016,3,11140,18,85~89세,1245
2016,3,11140,19,90~94세,473
2016,3,11140,20,95~99세,154
2016,3,11140,21,100세 이상,158
2016,3,11170,1,0~4세,9085
2016,3,11170,2,5~9세,8885
2016,3,11170,3,10~14세,8702
2016,3,11170,4,15~19세,11324
2016,3,11170,5,20~24세,15408
2016,3,11170,6,25~29세,18352
2016,3,11170,7,30~34세,21314
2016,3,11170,8,35~39세,21222
2016,3,11170,9,40~44세,20969
2016,3,11170,10,45~49세,21824
2016,3,11170,11,50~54세,19152
2016,3,11170,12,55~59세,19130
2016,3,11170,13,60~64세,14952
2016,3,11170,14,65~69세,10979
2016,3,11170,15,70~74세,9352
2016,3,11170,16,75~79세,7489
2016,3,11170,17,80~84세,4493
2016,3,11170,18,85~89세,2210
2016,3,11170,19,90~94세,905
2016,3,11170,20,95~99세,258
2016,3,11170,21,100세 이상,312
2016,3,11200,1,0~4세,12581
2016,3,11200,2,5~9세,11100
2016,3,11200,3,10~14세,10421
2016,3,11200,4,15~19세,14700
2016,3,11200,5,20~24세,22485
2016,3,11200,6,25~29세,24254
2016,3,11200,7,30~34세,26291
2016,3,11200,8,35~39세,26264
2016,3,11200,9,40~44세,25027
2016,3,11200,10,45~49세,26119
2016,3,11200,11,50~54세,24429
2016,3,11200,12,55~59세,24917
2016,3,11200,13,60~64세,17987
2016,3,11200,14,65~69세,13051
2016,3,11200,15,70~74세,10710
2016,3,11200,16,75~79세,7860
2016,3,11200,17,80~84세,4340
2016,3,11200,18,85~89세,1905
2016,3,11200,19,90~94세,664
2016,3,11200,20,95~99세,210
2016,3,11200,21,100세 이상,191
2016,3,11215,1,0~4세,13234
2016,3,11215,2,5~9세,12895
2016,3,11215,3,10~14세,13550
2016,3,11215,4,15~19세,20074
2016,3,11215,5,20~24세,30410
2016,3,11215,6,25~29세,34141
2016,3,11215,7,30~34세,34115
2016,3,11215,8,35~39세,30491
2016,3,11215,9,40~44세,29585
2016,3,11215,10,45~49세,32353
2016,3,11215,11,50~54세,29994
2016,3,11215,12,55~59세,30080
2016,3,11215,13,60~64세,21515
2016,3,11215,14,65~69세,14597
2016,3,11215,15,70~74세,11313
2016,3,11215,16,75~79세,8002
2016,3,11215,17,80~84세,4259
2016,3,11215,18,85~89세,1988
2016,3,11215,19,90~94세,700
2016,3,11215,20,95~99세,213
2016,3,11215,21,100세 이상,171
2016,3,11230,1,0~4세,13043
2016,3,11230,2,5~9세,12832
2016,3,11230,3,10~14세,12442
2016,3,11230,4,15~19세,18836
2016,3,11230,5,20~24세,31344
2016,3,11230,6,25~29세,30270
2016,3,11230,7,30~34세,28934
2016,3,11230,8,35~39세,28994
2016,3,11230,9,40~44세,28588
2016,3,11230,10,45~49세,30156
2016,3,11230,11,50~54세,28108
2016,3,11230,12,55~59세,30536
2016,3,11230,13,60~64세,23923
2016,3,11230,14,65~69세,17715
2016,3,11230,15,70~74세,14950
2016,3,11230,16,75~79세,10802
2016,3,11230,17,80~84세,5871
2016,3,11230,18,85~89세,2504
2016,3,11230,19,90~94세,886
2016,3,11230,20,95~99세,282
2016,3,11230,21,100세 이상,237
2016,3,11260,1,0~4세,15429
2016,3,11260,2,5~9세,14208
2016,3,11260,3,10~14세,14289
2016,3,11260,4,15~19세,21249
2016,3,11260,5,20~24세,29394
2016,3,11260,6,25~29세,30351
2016,3,11260,7,30~34세,33384
2016,3,11260,8,35~39세,33049
2016,3,11260,9,40~44세,31452
2016,3,11260,10,45~49세,36344
2016,3,11260,11,50~54세,35914
2016,3,11260,12,55~59세,38045
2016,3,11260,13,60~64세,28285
2016,3,11260,14,65~69세,20042
2016,3,11260,15,70~74세,15376
2016,3,11260,16,75~79세,10567
2016,3,11260,17,80~84세,5681
2016,3,11260,18,85~89세,2527
2016,3,11260,19,90~94세,895
2016,3,11260,20,95~99세,252
2016,3,11260,21,100세 이상,154
2016,3,11290,1,0~4세,17190
2016,3,11290,2,5~9세,19094
2016,3,11290,3,10~14세,19208
2016,3,11290,4,15~19세,25388
2016,3,11290,5,20~24세,36696
2016,3,11290,6,25~29세,34009
2016,3,11290,7,30~34세,33983
2016,3,11290,8,35~39세,35908
2016,3,11290,9,40~44세,39688
2016,3,11290,10,45~49세,40509
2016,3,11290,11,50~54세,34723
2016,3,11290,12,55~59세,36074
2016,3,11290,13,60~64세,28093
2016,3,11290,14,65~69세,20971
2016,3,11290,15,70~74세,17735
2016,3,11290,16,75~79세,13155
2016,3,11290,17,80~84세,7109
2016,3,11290,18,85~89세,3214
2016,3,11290,19,90~94세,1099
2016,3,11290,20,95~99세,359
2016,3,11290,21,100세 이상,300
2016,3,11305,1,0~4세,10784
2016,3,11305,2,5~9세,11272
2016,3,11305,3,10~14세,11835
2016,3,11305,4,15~19세,17146
2016,3,11305,5,20~24세,22583
2016,3,11305,6,25~29세,21718
2016,3,11305,7,30~34세,23743
2016,3,11305,8,35~39세,25286
2016,3,11305,9,40~44세,26486
2016,3,11305,10,45~49세,28880
2016,3,11305,11,50~54세,26708
2016,3,11305,12,55~59세,29029
2016,3,11305,13,60~64세,22936
2016,3,11305,14,65~69세,18254
2016,3,11305,15,70~74세,15371
2016,3,11305,16,75~79세,10944
2016,3,11305,17,80~84세,5477
2016,3,11305,18,85~89세,2328
2016,3,11305,19,90~94세,837
2016,3,11305,20,95~99세,259
2016,3,11305,21,100세 이상,240
2016,3,11320,1,0~4세,12339
2016,3,11320,2,5~9세,13113
2016,3,11320,3,10~14세,13936
2016,3,11320,4,15~19세,20379
2016,3,11320,5,20~24세,24867
2016,3,11320,6,25~29세,23018
2016,3,11320,7,30~34세,24442
2016,3,11320,8,35~39세,25459
2016,3,11320,9,40~44세,27335
2016,3,11320,10,45~49세,31163
2016,3,11320,11,50~54세,29251
2016,3,11320,12,55~59세,32012
2016,3,11320,13,60~64세,23906
2016,3,11320,14,65~69세,16806
2016,3,11320,15,70~74세,13507
2016,3,11320,16,75~79세,10114
2016,3,11320,17,80~84세,5679
2016,3,11320,18,85~89세,2657
2016,3,11320,19,90~94세,924
2016,3,11320,20,95~99세,218
2016,3,11320,21,100세 이상,128
2016,3,11350,1,0~4세,21280
2016,3,11350,2,5~9세,23382
2016,3,11350,3,10~14세,28503
2016,3,11350,4,15~19세,40536
2016,3,11350,5,20~24세,43635
2016,3,11350,6,25~29세,35770
2016,3,11350,7,30~34세,38692
2016,3,11350,8,35~39세,42754
2016,3,11350,9,40~44세,48389
2016,3,11350,10,45~49세,55139
2016,3,11350,11,50~54세,46359
2016,3,11350,12,55~59세,45818
2016,3,11350,13,60~64세,33799
2016,3,11350,14,65~69세,23393
2016,3,11350,15,70~74세,18235
2016,3,11350,16,75~79세,14307
2016,3,11350,17,80~84세,8468
2016,3,11350,18,85~89세,4020
2016,3,11350,19,90~94세,1415
2016,3,11350,20,95~99세,385
2016,3,11350,21,100세 이상,219
2016,3,11380,1,0~4세,18795
2016,3,11380,2,5~9세,19733
2016,3,11380,3,10~14세,20228
2016,3,11380,4,15~19세,27608
2016,3,11380,5,20~24세,33028
2016,3,11380,6,25~29세,33137
2016,3,11380,7,30~34세,37536
2016,3,11380,8,35~39세,41082
2016,3,11380,9,40~44세,42213
2016,3,11380,10,45~49세,43379
2016,3,11380,11,50~54세,38531
2016,3,11380,12,55~59세,40745
2016,3,11380,13,60~64세,31483
2016,3,11380,14,65~69세,23997
2016,3,11380,15,70~74세,19716
2016,3,11380,16,75~79세,14407
2016,3,11380,17,80~84세,7656
2016,3,11380,18,85~89세,3361
2016,3,11380,19,90~94세,1216
2016,3,11380,20,95~99세,304
2016,3,11380,21,100세 이상,359
2016,3,11410,1,0~4세,11739
2016,3,11410,2,5~9세,11283
2016,3,11410,3,10~14세,12075
2016,3,11410,4,15~19세,17259
2016,3,11410,5,20~24세,27088
2016,3,11410,6,25~29세,26323
2016,3,11410,7,30~34세,25001
2016,3,11410,8,35~39세,24646
2016,3,11410,9,40~44세,25723
2016,3,11410,10,45~49세,27878
2016,3,11410,11,50~54세,24985
2016,3,11410,12,55~59세,25570
2016,3,11410,13,60~64세,19282
2016,3,11410,14,65~69세,14834
2016,3,11410,15,70~74세,12896
2016,3,11410,16,75~79세,10198
2016,3,11410,17,80~84세,5724
2016,3,11410,18,85~89세,2475
2016,3,11410,19,90~94세,896
2016,3,11410,20,95~99세,271
2016,3,11410,21,100세 이상,213
2016,3,11440,1,0~4세,16038
2016,3,11440,2,5~9세,15389
2016,3,11440,3,10~14세,14935
2016,3,11440,4,15~19세,18988
2016,3,11440,5,20~24세,28793
2016,3,11440,6,25~29세,33619
2016,3,11440,7,30~34세,37763
2016,3,11440,8,35~39세,35589
2016,3,11440,9,40~44세,34648
2016,3,11440,10,45~49세,33104
2016,3,11440,11,50~54세,27985
2016,3,11440,12,55~59세,27771
2016,3,11440,13,60~64세,20659
2016,3,11440,14,65~69세,15384
2016,3,11440,15,70~74세,13160
2016,3,11440,16,75~79세,10058
2016,3,11440,17,80~84세,5794
2016,3,11440,18,85~89세,2593
2016,3,11440,19,90~94세,930
2016,3,11440,20,95~99세,294
2016,3,11440,21,100세 이상,272
2016,3,11470,1,0~4세,17581
2016,3,11470,2,5~9세,21351
2016,3,11470,3,10~14세,25917
2016,3,11470,4,15~19세,34824
2016,3,11470,5,20~24세,34977
2016,3,11470,6,25~29세,30569
2016,3,11470,7,30~34세,33435
2016,3,11470,8,35~39세,35897
2016,3,11470,9,40~44세,41407
2016,3,11470,10,45~49세,48409
2016,3,11470,11,50~54세,41659
2016,3,11470,12,55~59세,39144
2016,3,11470,13,60~64세,28546
2016,3,11470,14,65~69세,19229
2016,3,11470,15,70~74세,13356
2016,3,11470,16,75~79세,9445
2016,3,11470,17,80~84세,5574
2016,3,11470,18,85~89세,2798
2016,3,11470,19,90~94세,982
2016,3,11470,20,95~99세,255
2016,3,11470,21,100세 이상,150
2016,3,11500,1,0~4세,26923
2016,3,11500,2,5~9세,23974
2016,3,11500,3,10~14세,23342
2016,3,11500,4,15~19세,30919
2016,3,11500,5,20~24세,40149
2016,3,11500,6,25~29세,45984
2016,3,11500,7,30~34세,54782
2016,3,11500,8,35~39세,54016
2016,3,11500,9,40~44세,49113
2016,3,11500,10,45~49세,47681
2016,3,11500,11,50~54세,44994
2016,3,11500,12,55~59세,49769
2016,3,11500,13,60~64세,37782
2016,3,11500,14,65~69세,26349
2016,3,11500,15,70~74세,18076
2016,3,11500,16,75~79세,12524
2016,3,11500,17,80~84세,7430
2016,3,11500,18,85~89세,3854
2016,3,11500,19,90~94세,1391
2016,3,11500,20,95~99세,362
2016,3,11500,21,100세 이상,197
2016,3,11530,1,0~4세,20285
2016,3,11530,2,5~9세,18378
2016,3,11530,3,10~14세,15819
2016,3,11530,4,15~19세,20655
2016,3,11530,5,20~24세,27604
2016,3,11530,6,25~29세,32673
2016,3,11530,7,30~34세,39017
2016,3,11530,8,35~39세,40397
2016,3,11530,9,40~44세,37676
2016,3,11530,10,45~49세,37901
2016,3,11530,11,50~54세,37331
2016,3,11530,12,55~59세,39228
2016,3,11530,13,60~64세,29525
2016,3,11530,14,65~69세,20932
2016,3,11530,15,70~74세,15149
2016,3,11530,16,75~79세,10215
2016,3,11530,17,80~84세,5432
2016,3,11530,18,85~89세,2371
2016,3,11530,19,90~94세,810
2016,3,11530,20,95~99세,211
2016,3,11530,21,100세 이상,145
2016,3,11545,1,0~4세,8892
2016,3,11545,2,5~9세,7993
2016,3,11545,3,10~14세,8055
2016,3,11545,4,15~19세,11814
2016,3,11545,5,20~24세,16512
2016,3,11545,6,25~29세,19833
2016,3,11545,7,30~34세,20742
2016,3,11545,8,35~39세,19425
2016,3,11545,9,40~44세,19807
2016,3,11545,10,45~49세,23192
2016,3,11545,11,50~54세,24319
2016,3,11545,12,55~59세,24022
2016,3,11545,13,60~64세,17078
2016,3,11545,14,65~69세,11871
2016,3,11545,15,70~74세,8902
2016,3,11545,16,75~79세,5956
2016,3,11545,17,80~84세,3149
2016,3,11545,18,85~89세,1353
2016,3,11545,19,90~94세,458
2016,3,11545,20,95~99세,149
2016,3,11545,21,100세 이상,145
2016,3,11560,1,0~4세,16646
2016,3,11560,2,5~9세,14291
2016,3,11560,3,10~14세,12850
2016,3,11560,4,15~19세,17376
2016,3,11560,5,20~24세,24422
2016,3,11560,6,25~29세,33556
2016,3,11560,7,30~34세,38347
2016,3,11560,8,35~39세,35325
2016,3,11560,9,40~44세,33223
2016,3,11560,10,45~49세,35437
2016,3,11560,11,50~54세,35333
2016,3,11560,12,55~59세,36041
2016,3,11560,13,60~64세,25932
2016,3,11560,14,65~69세,18339
2016,3,11560,15,70~74세,13976
2016,3,11560,16,75~79세,10000
2016,3,11560,17,80~84세,5803
2016,3,11560,18,85~89세,2438
2016,3,11560,19,90~94세,919
2016,3,11560,20,95~99세,277
2016,3,11560,21,100세 이상,226
2016,3,11590,1,0~4세,16126
2016,3,11590,2,5~9세,15264
2016,3,11590,3,10~14세,14364
2016,3,11590,4,15~19세,19680
2016,3,11590,5,20~24세,31503
2016,3,11590,6,25~29세,36212
2016,3,11590,7,30~34세,36983
2016,3,11590,8,35~39세,35153
2016,3,11590,9,40~44세,32995
2016,3,11590,10,45~49세,32764
2016,3,11590,11,50~54세,30689
2016,3,11590,12,55~59세,32535
2016,3,11590,13,60~64세,25040
2016,3,11590,14,65~69세,19058
2016,3,11590,15,70~74세,15030
2016,3,11590,16,75~79세,10676
2016,3,11590,17,80~84세,5938
2016,3,11590,18,85~89세,2693
2016,3,11590,19,90~94세,997
2016,3,11590,20,95~99세,313
2016,3,11590,21,100세 이상,248
2016,3,11620,1,0~4세,17380
2016,3,11620,2,5~9세,15733
2016,3,11620,3,10~14세,15456
2016,3,11620,4,15~19세,22004
2016,3,11620,5,20~24세,41536
2016,3,11620,6,25~29세,59465
2016,3,11620,7,30~34세,54670
2016,3,11620,8,35~39세,45347
2016,3,11620,9,40~44세,40863
2016,3,11620,10,45~49세,40180
2016,3,11620,11,50~54세,37719
2016,3,11620,12,55~59세,39670
2016,3,11620,13,60~64세,31672
2016,3,11620,14,65~69세,24498
2016,3,11620,15,70~74세,18950
2016,3,11620,16,75~79세,12718
2016,3,11620,17,80~84세,6112
2016,3,11620,18,85~89세,2712
2016,3,11620,19,90~94세,973
2016,3,11620,20,95~99세,264
2016,3,11620,21,100세 이상,265
2016,3,11650,1,0~4세,19523
2016,3,11650,2,5~9세,22370
2016,3,11650,3,10~14세,22568
2016,3,11650,4,15~19세,26955
2016,3,11650,5,20~24세,28595
2016,3,11650,6,25~29세,31617
2016,3,11650,7,30~34세,36841
2016,3,11650,8,35~39세,39634
2016,3,11650,9,40~44세,41551
2016,3,11650,10,45~49세,41384
2016,3,11650,11,50~54세,32235
2016,3,11650,12,55~59세,31843
2016,3,11650,13,60~64세,25257
2016,3,11650,14,65~69세,18657
2016,3,11650,15,70~74세,13757
2016,3,11650,16,75~79세,8796
2016,3,11650,17,80~84세,5014
2016,3,11650,18,85~89세,2652
2016,3,11650,19,90~94세,1125
2016,3,11650,20,95~99세,342
2016,3,11650,21,100세 이상,190
2016,3,11680,1,0~4세,20730
2016,3,11680,2,5~9세,23389
2016,3,11680,3,10~14세,27019
2016,3,11680,4,15~19세,38890
2016,3,11680,5,20~24세,39842
2016,3,11680,6,25~29세,43634
2016,3,11680,7,30~34세,49711
2016,3,11680,8,35~39세,49801
2016,3,11680,9,40~44세,49337
2016,3,11680,10,45~49세,55052
2016,3,11680,11,50~54세,43751
2016,3,11680,12,55~59세,40041
2016,3,11680,13,60~64세,32313
2016,3,11680,14,65~69세,23150
2016,3,11680,15,70~74세,16511
2016,3,11680,16,75~79세,10515
2016,3,11680,17,80~84세,6032
2016,3,11680,18,85~89세,3210
2016,3,11680,19,90~94세,1382
2016,3,11680,20,95~99세,435
2016,3,11680,21,100세 이상,229
2016,3,11710,1,0~4세,27420
2016,3,11710,2,5~9세,28632
2016,3,11710,3,10~14세,29420
2016,3,11710,4,15~19세,38520
2016,3,11710,5,20~24세,44761
2016,3,11710,6,25~29세,48723
2016,3,11710,7,30~34세,56996
2016,3,11710,8,35~39세,57537
2016,3,11710,9,40~44세,55556
2016,3,11710,10,45~49세,58044
2016,3,11710,11,50~54세,51836
2016,3,11710,12,55~59세,53610
2016,3,11710,13,60~64세,41150
2016,3,11710,14,65~69세,27129
2016,3,11710,15,70~74세,18361
2016,3,11710,16,75~79세,12007
2016,3,11710,17,80~84세,7099
2016,3,11710,18,85~89세,3581
2016,3,11710,19,90~94세,1428
2016,3,11710,20,95~99세,390
2016,3,11710,21,100세 이상,213
2016,3,11740,1,0~4세,17472
2016,3,11740,2,5~9세,18121
2016,3,11740,3,10~14세,18515
2016,3,11740,4,15~19세,25795
2016,3,11740,5,20~24세,30998
2016,3,11740,6,25~29세,32269
2016,3,11740,7,30~34세,36037
2016,3,11740,8,35~39세,37246
2016,3,11740,9,40~44세,35754
2016,3,11740,10,45~49세,38900
2016,3,11740,11,50~54세,37090
2016,3,11740,12,55~59세,40567
2016,3,11740,13,60~64세,30674
2016,3,11740,14,65~69세,20424
2016,3,11740,15,70~74세,13834
2016,3,11740,16,75~79세,8916
2016,3,11740,17,80~84세,5279
2016,3,11740,18,85~89세,2855
2016,3,11740,19,90~94세,1069
2016,3,11740,20,95~99세,285
2016,3,11740,21,100세 이상,199
2016,4,11110,1,0~4세,4438
2016,4,11110,2,5~9세,4923
2016,4,11110,3,10~14세,5552
2016,4,11110,4,15~19세,8777
2016,4,11110,5,20~24세,13759
2016,4,11110,6,25~29세,13088
2016,4,11110,7,30~34세,11559
2016,4,11110,8,35~39세,11045
2016,4,11110,9,40~44세,12194
2016,4,11110,10,45~49세,14425
2016,4,11110,11,50~54세,13347
2016,4,11110,12,55~59세,13342
2016,4,11110,13,60~64세,10382
2016,4,11110,14,65~69세,7500
2016,4,11110,15,70~74세,6661
2016,4,11110,16,75~79세,5274
2016,4,11110,17,80~84세,3112
2016,4,11110,18,85~89세,1487
2016,4,11110,19,90~94세,603
2016,4,11110,20,95~99세,234
2016,4,11110,21,100세 이상,220
2016,4,11140,1,0~4세,4538
2016,4,11140,2,5~9세,4080
2016,4,11140,3,10~14세,3541
2016,4,11140,4,15~19세,5640
2016,4,11140,5,20~24세,9600
2016,4,11140,6,25~29세,10797
2016,4,11140,7,30~34세,11284
2016,4,11140,8,35~39세,10827
2016,4,11140,9,40~44세,10194
2016,4,11140,10,45~49세,11310
2016,4,11140,11,50~54세,10948
2016,4,11140,12,55~59세,11861
2016,4,11140,13,60~64세,9183
2016,4,11140,14,65~69세,6497
2016,4,11140,15,70~74세,5369
2016,4,11140,16,75~79세,4161
2016,4,11140,17,80~84세,2521
2016,4,11140,18,85~89세,1266
2016,4,11140,19,90~94세,474
2016,4,11140,20,95~99세,158
2016,4,11140,21,100세 이상,160
2016,4,11170,1,0~4세,9011
2016,4,11170,2,5~9세,8802
2016,4,11170,3,10~14세,8604
2016,4,11170,4,15~19세,11212
2016,4,11170,5,20~24세,15281
2016,4,11170,6,25~29세,18467
2016,4,11170,7,30~34세,21088
2016,4,11170,8,35~39세,21061
2016,4,11170,9,40~44세,20716
2016,4,11170,10,45~49세,21833
2016,4,11170,11,50~54세,18974
2016,4,11170,12,55~59세,19059
2016,4,11170,13,60~64세,15079
2016,4,11170,14,65~69세,10886
2016,4,11170,15,70~74세,9179
2016,4,11170,16,75~79세,7515
2016,4,11170,17,80~84세,4570
2016,4,11170,18,85~89세,2263
2016,4,11170,19,90~94세,921
2016,4,11170,20,95~99세,264
2016,4,11170,21,100세 이상,317
2016,4,11200,1,0~4세,12703
2016,4,11200,2,5~9세,11206
2016,4,11200,3,10~14세,10354
2016,4,11200,4,15~19세,14511
2016,4,11200,5,20~24세,22458
2016,4,11200,6,25~29세,24559
2016,4,11200,7,30~34세,26365
2016,4,11200,8,35~39세,26537
2016,4,11200,9,40~44세,25032
2016,4,11200,10,45~49세,26266
2016,4,11200,11,50~54세,24506
2016,4,11200,12,55~59세,24979
2016,4,11200,13,60~64세,18423
2016,4,11200,14,65~69세,13006
2016,4,11200,15,70~74세,10764
2016,4,11200,16,75~79세,7997
2016,4,11200,17,80~84세,4458
2016,4,11200,18,85~89세,1947
2016,4,11200,19,90~94세,680
2016,4,11200,20,95~99세,211
2016,4,11200,21,100세 이상,199
2016,4,11215,1,0~4세,13107
2016,4,11215,2,5~9세,12741
2016,4,11215,3,10~14세,13407
2016,4,11215,4,15~19세,19709
2016,4,11215,5,20~24세,30188
2016,4,11215,6,25~29세,34205
2016,4,11215,7,30~34세,33629
2016,4,11215,8,35~39세,30401
2016,4,11215,9,40~44세,29233
2016,4,11215,10,45~49세,32350
2016,4,11215,11,50~54세,29851
2016,4,11215,12,55~59세,30052
2016,4,11215,13,60~64세,21790
2016,4,11215,14,65~69세,14486
2016,4,11215,15,70~74세,11323
2016,4,11215,16,75~79세,8139
2016,4,11215,17,80~84세,4365
2016,4,11215,18,85~89세,2032
2016,4,11215,19,90~94세,693
2016,4,11215,20,95~99세,229
2016,4,11215,21,100세 이상,174
2016,4,11230,1,0~4세,12805
2016,4,11230,2,5~9세,12689
2016,4,11230,3,10~14세,12316
2016,4,11230,4,15~19세,18909
2016,4,11230,5,20~24세,31339
2016,4,11230,6,25~29세,30380
2016,4,11230,7,30~34세,28435
2016,4,11230,8,35~39세,28841
2016,4,11230,9,40~44세,28333
2016,4,11230,10,45~49세,30148
2016,4,11230,11,50~54세,28133
2016,4,11230,12,55~59세,30349
2016,4,11230,13,60~64세,24175
2016,4,11230,14,65~69세,17598
2016,4,11230,15,70~74세,14894
2016,4,11230,16,75~79세,11029
2016,4,11230,17,80~84세,5938
2016,4,11230,18,85~89세,2582
2016,4,11230,19,90~94세,889
2016,4,11230,20,95~99세,288
2016,4,11230,21,100세 이상,242
2016,4,11260,1,0~4세,15248
2016,4,11260,2,5~9세,14195
2016,4,11260,3,10~14세,14043
2016,4,11260,4,15~19세,20880
2016,4,11260,5,20~24세,29020
2016,4,11260,6,25~29세,30502
2016,4,11260,7,30~34세,32894
2016,4,11260,8,35~39세,33080
2016,4,11260,9,40~44세,31160
2016,4,11260,10,45~49세,36197
2016,4,11260,11,50~54세,35853
2016,4,11260,12,55~59세,37965
2016,4,11260,13,60~64세,28726
2016,4,11260,14,65~69세,20010
2016,4,11260,15,70~74세,15424
2016,4,11260,16,75~79세,10784
2016,4,11260,17,80~84세,5789
2016,4,11260,18,85~89세,2599
2016,4,11260,19,90~94세,897
2016,4,11260,20,95~99세,257
2016,4,11260,21,100세 이상,154
2016,4,11290,1,0~4세,16856
2016,4,11290,2,5~9세,18918
2016,4,11290,3,10~14세,18993
2016,4,11290,4,15~19세,25482
2016,4,11290,5,20~24세,36312
2016,4,11290,6,25~29세,33896
2016,4,11290,7,30~34세,33154
2016,4,11290,8,35~39세,35626
2016,4,11290,9,40~44세,39017
2016,4,11290,10,45~49세,40658
2016,4,11290,11,50~54세,34622
2016,4,11290,12,55~59세,35735
2016,4,11290,13,60~64세,28333
2016,4,11290,14,65~69세,20679
2016,4,11290,15,70~74세,17665
2016,4,11290,16,75~79세,13328
2016,4,11290,17,80~84세,7304
2016,4,11290,18,85~89세,3281
2016,4,11290,19,90~94세,1100
2016,4,11290,20,95~99세,352
2016,4,11290,21,100세 이상,306
2016,4,11305,1,0~4세,10596
2016,4,11305,2,5~9세,11170
2016,4,11305,3,10~14세,11676
2016,4,11305,4,15~19세,16780
2016,4,11305,5,20~24세,22374
2016,4,11305,6,25~29세,21916
2016,4,11305,7,30~34세,23137
2016,4,11305,8,35~39세,25076
2016,4,11305,9,40~44세,26152
2016,4,11305,10,45~49세,28973
2016,4,11305,11,50~54세,26727
2016,4,11305,12,55~59세,28866
2016,4,11305,13,60~64세,23208
2016,4,11305,14,65~69세,18224
2016,4,11305,15,70~74세,15341
2016,4,11305,16,75~79세,11110
2016,4,11305,17,80~84세,5658
2016,4,11305,18,85~89세,2377
2016,4,11305,19,90~94세,844
2016,4,11305,20,95~99세,257
2016,4,11305,21,100세 이상,242
2016,4,11320,1,0~4세,12178
2016,4,11320,2,5~9세,13007
2016,4,11320,3,10~14세,13709
2016,4,11320,4,15~19세,20064
2016,4,11320,5,20~24세,24621
2016,4,11320,6,25~29세,23172
2016,4,11320,7,30~34세,23892
2016,4,11320,8,35~39세,25507
2016,4,11320,9,40~44세,26995
2016,4,11320,10,45~49세,31139
2016,4,11320,11,50~54세,29137
2016,4,11320,12,55~59세,31851
2016,4,11320,13,60~64세,24490
2016,4,11320,14,65~69세,16851
2016,4,11320,15,70~74세,13565
2016,4,11320,16,75~79세,10269
2016,4,11320,17,80~84세,5830
2016,4,11320,18,85~89세,2697
2016,4,11320,19,90~94세,938
2016,4,11320,20,95~99세,231
2016,4,11320,21,100세 이상,129
2016,4,11350,1,0~4세,21020
2016,4,11350,2,5~9세,23150
2016,4,11350,3,10~14세,28127
2016,4,11350,4,15~19세,39968
2016,4,11350,5,20~24세,43265
2016,4,11350,6,25~29세,35670
2016,4,11350,7,30~34세,37836
2016,4,11350,8,35~39세,42257
2016,4,11350,9,40~44세,47729
2016,4,11350,10,45~49세,55151
2016,4,11350,11,50~54세,46281
2016,4,11350,12,55~59세,45458
2016,4,11350,13,60~64세,34413
2016,4,11350,14,65~69세,23344
2016,4,11350,15,70~74세,18368
2016,4,11350,16,75~79세,14400
2016,4,11350,17,80~84세,8616
2016,4,11350,18,85~89세,4095
2016,4,11350,19,90~94세,1452
2016,4,11350,20,95~99세,385
2016,4,11350,21,100세 이상,227
2016,4,11380,1,0~4세,18371
2016,4,11380,2,5~9세,19505
2016,4,11380,3,10~14세,20032
2016,4,11380,4,15~19세,27196
2016,4,11380,5,20~24세,32691
2016,4,11380,6,25~29세,33157
2016,4,11380,7,30~34세,36619
2016,4,11380,8,35~39세,40704
2016,4,11380,9,40~44세,41787
2016,4,11380,10,45~49세,43518
2016,4,11380,11,50~54세,38421
2016,4,11380,12,55~59세,40620
2016,4,11380,13,60~64세,31859
2016,4,11380,14,65~69세,23949
2016,4,11380,15,70~74세,19612
2016,4,11380,16,75~79세,14673
2016,4,11380,17,80~84세,7884
2016,4,11380,18,85~89세,3453
2016,4,11380,19,90~94세,1210
2016,4,11380,20,95~99세,315
2016,4,11380,21,100세 이상,361
2016,4,11410,1,0~4세,11586
2016,4,11410,2,5~9세,11216
2016,4,11410,3,10~14세,12000
2016,4,11410,4,15~19세,17197
2016,4,11410,5,20~24세,27074
2016,4,11410,6,25~29세,26357
2016,4,11410,7,30~34세,24565
2016,4,11410,8,35~39세,24662
2016,4,11410,9,40~44세,25328
2016,4,11410,10,45~49세,28133
2016,4,11410,11,50~54세,25005
2016,4,11410,12,55~59세,25495
2016,4,11410,13,60~64세,19600
2016,4,11410,14,65~69세,14697
2016,4,11410,15,70~74세,12858
2016,4,11410,16,75~79세,10305
2016,4,11410,17,80~84세,5886
2016,4,11410,18,85~89세,2505
2016,4,11410,19,90~94세,904
2016,4,11410,20,95~99세,282
2016,4,11410,21,100세 이상,216
2016,4,11440,1,0~4세,15792
2016,4,11440,2,5~9세,15278
2016,4,11440,3,10~14세,14719
2016,4,11440,4,15~19세,18833
2016,4,11440,5,20~24세,28519
2016,4,11440,6,25~29세,33650
2016,4,11440,7,30~34세,37129
2016,4,11440,8,35~39세,35243
2016,4,11440,9,40~44세,34269
2016,4,11440,10,45~49세,33172
2016,4,11440,11,50~54세,27748
2016,4,11440,12,55~59세,27503
2016,4,11440,13,60~64세,20729
2016,4,11440,14,65~69세,15176
2016,4,11440,15,70~74세,13046
2016,4,11440,16,75~79세,10105
2016,4,11440,17,80~84세,5822
2016,4,11440,18,85~89세,2649
2016,4,11440,19,90~94세,931
2016,4,11440,20,95~99세,294
2016,4,11440,21,100세 이상,280
2016,4,11470,1,0~4세,17288
2016,4,11470,2,5~9세,21298
2016,4,11470,3,10~14세,25700
2016,4,11470,4,15~19세,34263
2016,4,11470,5,20~24세,34390
2016,4,11470,6,25~29세,30386
2016,4,11470,7,30~34세,32732
2016,4,11470,8,35~39세,35620
2016,4,11470,9,40~44세,40868
2016,4,11470,10,45~49세,48282
2016,4,11470,11,50~54세,41396
2016,4,11470,12,55~59세,38690
2016,4,11470,13,60~64세,28869
2016,4,11470,14,65~69세,19187
2016,4,11470,15,70~74세,13468
2016,4,11470,16,75~79세,9537
2016,4,11470,17,80~84세,5622
2016,4,11470,18,85~89세,2843
2016,4,11470,19,90~94세,985
2016,4,11470,20,95~99세,267
2016,4,11470,21,100세 이상,154
2016,4,11500,1,0~4세,26863
2016,4,11500,2,5~9세,24165
2016,4,11500,3,10~14세,23137
2016,4,11500,4,15~19세,30547
2016,4,11500,5,20~24세,39989
2016,4,11500,6,25~29세,46585
2016,4,11500,7,30~34세,54568
2016,4,11500,8,35~39세,54495
2016,4,11500,9,40~44세,49161
2016,4,11500,10,45~49세,48130
2016,4,11500,11,50~54세,45064
2016,4,11500,12,55~59세,49683
2016,4,11500,13,60~64세,38655
2016,4,11500,14,65~69세,26374
2016,4,11500,15,70~74세,18412
2016,4,11500,16,75~79세,12760
2016,4,11500,17,80~84세,7616
2016,4,11500,18,85~89세,3924
2016,4,11500,19,90~94세,1399
2016,4,11500,20,95~99세,376
2016,4,11500,21,100세 이상,201
2016,4,11530,1,0~4세,19913
2016,4,11530,2,5~9세,18268
2016,4,11530,3,10~14세,15598
2016,4,11530,4,15~19세,20378
2016,4,11530,5,20~24세,27281
2016,4,11530,6,25~29세,32584
2016,4,11530,7,30~34세,38315
2016,4,11530,8,35~39세,39921
2016,4,11530,9,40~44세,37568
2016,4,11530,10,45~49세,37996
2016,4,11530,11,50~54세,37289
2016,4,11530,12,55~59세,38962
2016,4,11530,13,60~64세,29822
2016,4,11530,14,65~69세,20890
2016,4,11530,15,70~74세,15299
2016,4,11530,16,75~79세,10357
2016,4,11530,17,80~84세,5588
2016,4,11530,18,85~89세,2397
2016,4,11530,19,90~94세,816
2016,4,11530,20,95~99세,208
2016,4,11530,21,100세 이상,150
2016,4,11545,1,0~4세,9056
2016,4,11545,2,5~9세,8007
2016,4,11545,3,10~14세,7993
2016,4,11545,4,15~19세,11688
2016,4,11545,5,20~24세,16459
2016,4,11545,6,25~29세,19969
2016,4,11545,7,30~34세,20749
2016,4,11545,8,35~39세,19505
2016,4,11545,9,40~44세,19765
2016,4,11545,10,45~49세,23259
2016,4,11545,11,50~54세,24552
2016,4,11545,12,55~59세,24008
2016,4,11545,13,60~64세,17365
2016,4,11545,14,65~69세,11875
2016,4,11545,15,70~74세,8981
2016,4,11545,16,75~79세,6077
2016,4,11545,17,80~84세,3223
2016,4,11545,18,85~89세,1373
2016,4,11545,19,90~94세,462
2016,4,11545,20,95~99세,140
2016,4,11545,21,100세 이상,148
2016,4,11560,1,0~4세,16489
2016,4,11560,2,5~9세,14103
2016,4,11560,3,10~14세,12664
2016,4,11560,4,15~19세,17084
2016,4,11560,5,20~24세,23928
2016,4,11560,6,25~29세,33631
2016,4,11560,7,30~34세,37573
2016,4,11560,8,35~39세,34940
2016,4,11560,9,40~44세,32743
2016,4,11560,10,45~49세,35195
2016,4,11560,11,50~54세,35055
2016,4,11560,12,55~59세,35653
2016,4,11560,13,60~64세,25877
2016,4,11560,14,65~69세,18162
2016,4,11560,15,70~74세,13817
2016,4,11560,16,75~79세,10023
2016,4,11560,17,80~84세,5950
2016,4,11560,18,85~89세,2447
2016,4,11560,19,90~94세,926
2016,4,11560,20,95~99세,291
2016,4,11560,21,100세 이상,228
2016,4,11590,1,0~4세,16012
2016,4,11590,2,5~9세,15201
2016,4,11590,3,10~14세,14240
2016,4,11590,4,15~19세,19416
2016,4,11590,5,20~24세,31299
2016,4,11590,6,25~29세,36319
2016,4,11590,7,30~34세,36546
2016,4,11590,8,35~39세,35107
2016,4,11590,9,40~44세,32761
2016,4,11590,10,45~49세,32912
2016,4,11590,11,50~54세,30517
2016,4,11590,12,55~59세,32411
2016,4,11590,13,60~64세,25275
2016,4,11590,14,65~69세,18969
2016,4,11590,15,70~74세,15043
2016,4,11590,16,75~79세,10800
2016,4,11590,17,80~84세,6110
2016,4,11590,18,85~89세,2745
2016,4,11590,19,90~94세,1008
2016,4,11590,20,95~99세,303
2016,4,11590,21,100세 이상,253
2016,4,11620,1,0~4세,17097
2016,4,11620,2,5~9세,15595
2016,4,11620,3,10~14세,15255
2016,4,11620,4,15~19세,21582
2016,4,11620,5,20~24세,41008
2016,4,11620,6,25~29세,60000
2016,4,11620,7,30~34세,53671
2016,4,11620,8,35~39세,45017
2016,4,11620,9,40~44세,40270
2016,4,11620,10,45~49세,40376
2016,4,11620,11,50~54세,37583
2016,4,11620,12,55~59세,39417
2016,4,11620,13,60~64세,31784
2016,4,11620,14,65~69세,24402
2016,4,11620,15,70~74세,18975
2016,4,11620,16,75~79세,13017
2016,4,11620,17,80~84세,6265
2016,4,11620,18,85~89세,2749
2016,4,11620,19,90~94세,1009
2016,4,11620,20,95~99세,266
2016,4,11620,21,100세 이상,269
2016,4,11650,1,0~4세,19325
2016,4,11650,2,5~9세,22452
2016,4,11650,3,10~14세,22643
2016,4,11650,4,15~19세,26751
2016,4,11650,5,20~24세,28330
2016,4,11650,6,25~29세,31695
2016,4,11650,7,30~34세,36337
2016,4,11650,8,35~39세,39709
2016,4,11650,9,40~44세,41457
2016,4,11650,10,45~49세,41978
2016,4,11650,11,50~54세,32311
2016,4,11650,12,55~59세,31733
2016,4,11650,13,60~64세,25772
2016,4,11650,14,65~69세,18608
2016,4,11650,15,70~74세,13971
2016,4,11650,16,75~79세,8959
2016,4,11650,17,80~84세,5099
2016,4,11650,18,85~89세,2680
2016,4,11650,19,90~94세,1139
2016,4,11650,20,95~99세,334
2016,4,11650,21,100세 이상,194
2016,4,11680,1,0~4세,20342
2016,4,11680,2,5~9세,23318
2016,4,11680,3,10~14세,26940
2016,4,11680,4,15~19세,38324
2016,4,11680,5,20~24세,39328
2016,4,11680,6,25~29세,43526
2016,4,11680,7,30~34세,48499
2016,4,11680,8,35~39세,49432
2016,4,11680,9,40~44세,49023
2016,4,11680,10,45~49세,55395
2016,4,11680,11,50~54세,43568
2016,4,11680,12,55~59세,39723
2016,4,11680,13,60~64세,32791
2016,4,11680,14,65~69세,22953
2016,4,11680,15,70~74세,16798
2016,4,11680,16,75~79세,10716
2016,4,11680,17,80~84세,6114
2016,4,11680,18,85~89세,3279
2016,4,11680,19,90~94세,1392
2016,4,11680,20,95~99세,442
2016,4,11680,21,100세 이상,237
2016,4,11710,1,0~4세,27444
2016,4,11710,2,5~9세,28627
2016,4,11710,3,10~14세,29212
2016,4,11710,4,15~19세,38088
2016,4,11710,5,20~24세,44609
2016,4,11710,6,25~29세,49518
2016,4,11710,7,30~34세,57125
2016,4,11710,8,35~39세,57859
2016,4,11710,9,40~44세,55625
2016,4,11710,10,45~49세,58444
2016,4,11710,11,50~54세,51822
2016,4,11710,12,55~59세,53623
2016,4,11710,13,60~64세,41886
2016,4,11710,14,65~69세,27152
2016,4,11710,15,70~74세,18700
2016,4,11710,16,75~79세,12162
2016,4,11710,17,80~84세,7319
2016,4,11710,18,85~89세,3663
2016,4,11710,19,90~94세,1455
2016,4,11710,20,95~99세,391
2016,4,11710,21,100세 이상,222
2016,4,11740,1,0~4세,17080
2016,4,11740,2,5~9세,17893
2016,4,11740,3,10~14세,18205
2016,4,11740,4,15~19세,25277
2016,4,11740,5,20~24세,30435
2016,4,11740,6,25~29세,32163
2016,4,11740,7,30~34세,35238
2016,4,11740,8,35~39세,37004
2016,4,11740,9,40~44세,35349
2016,4,11740,10,45~49세,38649
2016,4,11740,11,50~54세,36812
2016,4,11740,12,55~59세,40121
2016,4,11740,13,60~64세,31050
2016,4,11740,14,65~69세,20329
2016,4,11740,15,70~74세,14029
2016,4,11740,16,75~79세,9028
2016,4,11740,17,80~84세,5339
2016,4,11740,18,85~89세,2879
2016,4,11740,19,90~94세,1087
2016,4,11740,20,95~99세,299
2016,4,11740,21,100세 이상,205
2017,1,11110,1,0~4세,4434
2017,1,11110,2,5~9세,4994
2017,1,11110,3,10~14세,5504
2017,1,11110,4,15~19세,8494
2017,1,11110,5,20~24세,14264
2017,1,11110,6,25~29세,13276
2017,1,11110,7,30~34세,11508
2017,1,11110,8,35~39세,11192
2017,1,11110,9,40~44세,11996
2017,1,11110,10,45~49세,14424
2017,1,11110,11,50~54세,13347
2017,1,11110,12,55~59세,13423
2017,1,11110,13,60~64세,10539
2017,1,11110,14,65~69세,7568
2017,1,11110,15,70~74세,6647
2017,1,11110,16,75~79세,5462
2017,1,11110,17,80~84세,3184
2017,1,11110,18,85~89세,1506
2017,1,11110,19,90~94세,607
2017,1,11110,20,95~99세,237
2017,1,11110,21,100세 이상,214
2017,1,11140,1,0~4세,4320
2017,1,11140,2,5~9세,4006
2017,1,11140,3,10~14세,3462
2017,1,11140,4,15~19세,5401
2017,1,11140,5,20~24세,9513
2017,1,11140,6,25~29세,10812
2017,1,11140,7,30~34세,11069
2017,1,11140,8,35~39세,10794
2017,1,11140,9,40~44세,10000
2017,1,11140,10,45~49세,11176
2017,1,11140,11,50~54세,10800
2017,1,11140,12,55~59세,11812
2017,1,11140,13,60~64세,9311
2017,1,11140,14,65~69세,6536
2017,1,11140,15,70~74세,5343
2017,1,11140,16,75~79세,4249
2017,1,11140,17,80~84세,2560
2017,1,11140,18,85~89세,1275
2017,1,11140,19,90~94세,489
2017,1,11140,20,95~99세,152
2017,1,11140,21,100세 이상,160
2017,1,11170,1,0~4세,8656
2017,1,11170,2,5~9세,8703
2017,1,11170,3,10~14세,8542
2017,1,11170,4,15~19세,11075
2017,1,11170,5,20~24세,15163
2017,1,11170,6,25~29세,18506
2017,1,11170,7,30~34세,20706
2017,1,11170,8,35~39세,21162
2017,1,11170,9,40~44세,20311
2017,1,11170,10,45~49세,21891
2017,1,11170,11,50~54세,18884
2017,1,11170,12,55~59세,19142
2017,1,11170,13,60~64세,15231
2017,1,11170,14,65~69세,10919
2017,1,11170,15,70~74세,9165
2017,1,11170,16,75~79세,7675
2017,1,11170,17,80~84세,4655
2017,1,11170,18,85~89세,2293
2017,1,11170,19,90~94세,942
2017,1,11170,20,95~99세,269
2017,1,11170,21,100세 이상,313
2017,1,11200,1,0~4세,12801
2017,1,11200,2,5~9세,11255
2017,1,11200,3,10~14세,10342
2017,1,11200,4,15~19세,14515
2017,1,11200,5,20~24세,22784
2017,1,11200,6,25~29세,25227
2017,1,11200,7,30~34세,26580
2017,1,11200,8,35~39세,27250
2017,1,11200,9,40~44세,25003
2017,1,11200,10,45~49세,26699
2017,1,11200,11,50~54세,24535
2017,1,11200,12,55~59세,25401
2017,1,11200,13,60~64세,18855
2017,1,11200,14,65~69세,13131
2017,1,11200,15,70~74세,10892
2017,1,11200,16,75~79세,8274
2017,1,11200,17,80~84세,4588
2017,1,11200,18,85~89세,1997
2017,1,11200,19,90~94세,690
2017,1,11200,20,95~99세,220
2017,1,11200,21,100세 이상,205
2017,1,11215,1,0~4세,12912
2017,1,11215,2,5~9세,12757
2017,1,11215,3,10~14세,13326
2017,1,11215,4,15~19세,19094
2017,1,11215,5,20~24세,30550
2017,1,11215,6,25~29세,34399
2017,1,11215,7,30~34세,33244
2017,1,11215,8,35~39세,30607
2017,1,11215,9,40~44세,28921
2017,1,11215,10,45~49세,32142
2017,1,11215,11,50~54세,29597
2017,1,11215,12,55~59세,30167
2017,1,11215,13,60~64세,22234
2017,1,11215,14,65~69세,14690
2017,1,11215,15,70~74세,11384
2017,1,11215,16,75~79세,8404
2017,1,11215,17,80~84세,4515
2017,1,11215,18,85~89세,2095
2017,1,11215,19,90~94세,712
2017,1,11215,20,95~99세,237
2017,1,11215,21,100세 이상,177
2017,1,11230,1,0~4세,12431
2017,1,11230,2,5~9세,12595
2017,1,11230,3,10~14세,12180
2017,1,11230,4,15~19세,18198
2017,1,11230,5,20~24세,31919
2017,1,11230,6,25~29세,30631
2017,1,11230,7,30~34세,27792
2017,1,11230,8,35~39세,28924
2017,1,11230,9,40~44세,27818
2017,1,11230,10,45~49세,30087
2017,1,11230,11,50~54세,28011
2017,1,11230,12,55~59세,30302
2017,1,11230,13,60~64세,24435
2017,1,11230,14,65~69세,17702
2017,1,11230,15,70~74세,14935
2017,1,11230,16,75~79세,11349
2017,1,11230,17,80~84세,6095
2017,1,11230,18,85~89세,2621
2017,1,11230,19,90~94세,924
2017,1,11230,20,95~99세,306
2017,1,11230,21,100세 이상,241
2017,1,11260,1,0~4세,14923
2017,1,11260,2,5~9세,14149
2017,1,11260,3,10~14세,13890
2017,1,11260,4,15~19세,20311
2017,1,11260,5,20~24세,28675
2017,1,11260,6,25~29세,30775
2017,1,11260,7,30~34세,32277
2017,1,11260,8,35~39세,33238
2017,1,11260,9,40~44세,30726
2017,1,11260,10,45~49세,35869
2017,1,11260,11,50~54세,35705
2017,1,11260,12,55~59세,38103
2017,1,11260,13,60~64세,29088
2017,1,11260,14,65~69세,19992
2017,1,11260,15,70~74세,15649
2017,1,11260,16,75~79세,11205
2017,1,11260,17,80~84세,5966
2017,1,11260,18,85~89세,2613
2017,1,11260,19,90~94세,920
2017,1,11260,20,95~99세,271
2017,1,11260,21,100세 이상,158
2017,1,11290,1,0~4세,16599
2017,1,11290,2,5~9세,18734
2017,1,11290,3,10~14세,18865
2017,1,11290,4,15~19세,24841
2017,1,11290,5,20~24세,37004
2017,1,11290,6,25~29세,34089
2017,1,11290,7,30~34세,32603
2017,1,11290,8,35~39세,35646
2017,1,11290,9,40~44세,38384
2017,1,11290,10,45~49세,40829
2017,1,11290,11,50~54세,34629
2017,1,11290,12,55~59세,35786
2017,1,11290,13,60~64세,28559
2017,1,11290,14,65~69세,20775
2017,1,11290,15,70~74세,17599
2017,1,11290,16,75~79세,13711
2017,1,11290,17,80~84세,7472
2017,1,11290,18,85~89세,3317
2017,1,11290,19,90~94세,1145
2017,1,11290,20,95~99세,376
2017,1,11290,21,100세 이상,297
2017,1,11305,1,0~4세,10344
2017,1,11305,2,5~9세,11128
2017,1,11305,3,10~14세,11553
2017,1,11305,4,15~19세,16563
2017,1,11305,5,20~24세,22411
2017,1,11305,6,25~29세,22060
2017,1,11305,7,30~34세,22537
2017,1,11305,8,35~39세,25088
2017,1,11305,9,40~44세,25760
2017,1,11305,10,45~49세,29024
2017,1,11305,11,50~54세,26640
2017,1,11305,12,55~59세,28910
2017,1,11305,13,60~64세,23361
2017,1,11305,14,65~69세,18194
2017,1,11305,15,70~74세,15452
2017,1,11305,16,75~79세,11556
2017,1,11305,17,80~84세,5826
2017,1,11305,18,85~89세,2455
2017,1,11305,19,90~94세,854
2017,1,11305,20,95~99세,257
2017,1,11305,21,100세 이상,219
2017,1,11320,1,0~4세,11869
2017,1,11320,2,5~9세,12865
2017,1,11320,3,10~14세,13525
2017,1,11320,4,15~19세,19590
2017,1,11320,5,20~24세,24360
2017,1,11320,6,25~29세,23095
2017,1,11320,7,30~34세,23398
2017,1,11320,8,35~39세,25472
2017,1,11320,9,40~44세,26488
2017,1,11320,10,45~49세,30902
2017,1,11320,11,50~54세,29050
2017,1,11320,12,55~59세,31788
2017,1,11320,13,60~64세,24932
2017,1,11320,14,65~69세,16919
2017,1,11320,15,70~74세,13639
2017,1,11320,16,75~79세,10652
2017,1,11320,17,80~84세,5986
2017,1,11320,18,85~89세,2786
2017,1,11320,19,90~94세,970
2017,1,11320,20,95~99세,227
2017,1,11320,21,100세 이상,133
2017,1,11350,1,0~4세,20569
2017,1,11350,2,5~9세,22962
2017,1,11350,3,10~14세,27717
2017,1,11350,4,15~19세,39611
2017,1,11350,5,20~24세,43494
2017,1,11350,6,25~29세,35590
2017,1,11350,7,30~34세,37003
2017,1,11350,8,35~39세,42243
2017,1,11350,9,40~44세,46808
2017,1,11350,10,45~49세,54788
2017,1,11350,11,50~54세,46133
2017,1,11350,12,55~59세,45695
2017,1,11350,13,60~64세,34830
2017,1,11350,14,65~69세,23530
2017,1,11350,15,70~74세,18515
2017,1,11350,16,75~79세,14762
2017,1,11350,17,80~84세,8875
2017,1,11350,18,85~89세,4166
2017,1,11350,19,90~94세,1464
2017,1,11350,20,95~99세,406
2017,1,11350,21,100세 이상,223
2017,1,11380,1,0~4세,17906
2017,1,11380,2,5~9세,19324
2017,1,11380,3,10~14세,19857
2017,1,11380,4,15~19세,26737
2017,1,11380,5,20~24세,32676
2017,1,11380,6,25~29세,33116
2017,1,11380,7,30~34세,35748
2017,1,11380,8,35~39세,40664
2017,1,11380,9,40~44세,41185
2017,1,11380,10,45~49세,43499
2017,1,11380,11,50~54세,38453
2017,1,11380,12,55~59세,40557
2017,1,11380,13,60~64세,32332
2017,1,11380,14,65~69세,23797
2017,1,11380,15,70~74세,19800
2017,1,11380,16,75~79세,15128
2017,1,11380,17,80~84세,8134
2017,1,11380,18,85~89세,3513
2017,1,11380,19,90~94세,1281
2017,1,11380,20,95~99세,325
2017,1,11380,21,100세 이상,356
2017,1,11410,1,0~4세,11504
2017,1,11410,2,5~9세,11252
2017,1,11410,3,10~14세,11924
2017,1,11410,4,15~19세,16789
2017,1,11410,5,20~24세,27644
2017,1,11410,6,25~29세,26814
2017,1,11410,7,30~34세,24270
2017,1,11410,8,35~39세,24877
2017,1,11410,9,40~44세,25080
2017,1,11410,10,45~49세,28123
2017,1,11410,11,50~54세,25236
2017,1,11410,12,55~59세,25605
2017,1,11410,13,60~64세,19884
2017,1,11410,14,65~69세,14574
2017,1,11410,15,70~74세,12929
2017,1,11410,16,75~79세,10562
2017,1,11410,17,80~84세,6078
2017,1,11410,18,85~89세,2572
2017,1,11410,19,90~94세,941
2017,1,11410,20,95~99세,292
2017,1,11410,21,100세 이상,213
2017,1,11440,1,0~4세,15455
2017,1,11440,2,5~9세,15106
2017,1,11440,3,10~14세,14587
2017,1,11440,4,15~19세,18387
2017,1,11440,5,20~24세,28567
2017,1,11440,6,25~29세,34005
2017,1,11440,7,30~34세,36424
2017,1,11440,8,35~39세,35324
2017,1,11440,9,40~44세,33777
2017,1,11440,10,45~49세,33280
2017,1,11440,11,50~54세,27640
2017,1,11440,12,55~59세,27489
2017,1,11440,13,60~64세,20843
2017,1,11440,14,65~69세,15150
2017,1,11440,15,70~74세,13043
2017,1,11440,16,75~79세,10322
2017,1,11440,17,80~84세,6004
2017,1,11440,18,85~89세,2700
2017,1,11440,19,90~94세,952
2017,1,11440,20,95~99세,314
2017,1,11440,21,100세 이상,280
2017,1,11470,1,0~4세,17116
2017,1,11470,2,5~9세,21228
2017,1,11470,3,10~14세,25569
2017,1,11470,4,15~19세,33591
2017,1,11470,5,20~24세,33786
2017,1,11470,6,25~29세,30447
2017,1,11470,7,30~34세,31906
2017,1,11470,8,35~39세,35985
2017,1,11470,9,40~44세,40320
2017,1,11470,10,45~49세,47810
2017,1,11470,11,50~54세,41295
2017,1,11470,12,55~59세,38741
2017,1,11470,13,60~64세,29209
2017,1,11470,14,65~69세,19442
2017,1,11470,15,70~74세,13642
2017,1,11470,16,75~79세,9796
2017,1,11470,17,80~84세,5747
2017,1,11470,18,85~89세,2904
2017,1,11470,19,90~94세,1007
2017,1,11470,20,95~99세,283
2017,1,11470,21,100세 이상,154
2017,1,11500,1,0~4세,26250
2017,1,11500,2,5~9세,24055
2017,1,11500,3,10~14세,22957
2017,1,11500,4,15~19세,30260
2017,1,11500,5,20~24세,39792
2017,1,11500,6,25~29세,47291
2017,1,11500,7,30~34세,54096
2017,1,11500,8,35~39세,55183
2017,1,11500,9,40~44세,48905
2017,1,11500,10,45~49세,48422
2017,1,11500,11,50~54세,44896
2017,1,11500,12,55~59세,49837
2017,1,11500,13,60~64세,39280
2017,1,11500,14,65~69세,26691
2017,1,11500,15,70~74세,18836
2017,1,11500,16,75~79세,13259
2017,1,11500,17,80~84세,7747
2017,1,11500,18,85~89세,4004
2017,1,11500,19,90~94세,1424
2017,1,11500,20,95~99세,398
2017,1,11500,21,100세 이상,189
2017,1,11530,1,0~4세,19196
2017,1,11530,2,5~9세,18345
2017,1,11530,3,10~14세,15461
2017,1,11530,4,15~19세,20069
2017,1,11530,5,20~24세,27095
2017,1,11530,6,25~29세,32103
2017,1,11530,7,30~34세,37472
2017,1,11530,8,35~39세,40048
2017,1,11530,9,40~44세,36956
2017,1,11530,10,45~49세,37889
2017,1,11530,11,50~54세,36441
2017,1,11530,12,55~59세,39111
2017,1,11530,13,60~64세,30855
2017,1,11530,14,65~69세,21049
2017,1,11530,15,70~74세,15537
2017,1,11530,16,75~79세,10820
2017,1,11530,17,80~84세,5753
2017,1,11530,18,85~89세,2466
2017,1,11530,19,90~94세,836
2017,1,11530,20,95~99세,227
2017,1,11530,21,100세 이상,145
2017,1,11545,1,0~4세,8962
2017,1,11545,2,5~9세,8139
2017,1,11545,3,10~14세,7968
2017,1,11545,4,15~19세,11481
2017,1,11545,5,20~24세,16431
2017,1,11545,6,25~29세,19802
2017,1,11545,7,30~34세,20591
2017,1,11545,8,35~39세,19905
2017,1,11545,9,40~44세,19390
2017,1,11545,10,45~49세,23047
2017,1,11545,11,50~54세,24293
2017,1,11545,12,55~59세,24252
2017,1,11545,13,60~64세,17851
2017,1,11545,14,65~69세,12018
2017,1,11545,15,70~74세,9123
2017,1,11545,16,75~79세,6335
2017,1,11545,17,80~84세,3307
2017,1,11545,18,85~89세,1402
2017,1,11545,19,90~94세,496
2017,1,11545,20,95~99세,144
2017,1,11545,21,100세 이상,145
2017,1,11560,1,0~4세,15802
2017,1,11560,2,5~9세,13972
2017,1,11560,3,10~14세,12474
2017,1,11560,4,15~19세,16695
2017,1,11560,5,20~24세,23802
2017,1,11560,6,25~29세,33092
2017,1,11560,7,30~34세,36955
2017,1,11560,8,35~39세,34739
2017,1,11560,9,40~44세,31922
2017,1,11560,10,45~49세,34719
2017,1,11560,11,50~54세,34208
2017,1,11560,12,55~59세,35554
2017,1,11560,13,60~64세,26638
2017,1,11560,14,65~69세,18139
2017,1,11560,15,70~74세,13941
2017,1,11560,16,75~79세,10254
2017,1,11560,17,80~84세,6118
2017,1,11560,18,85~89세,2494
2017,1,11560,19,90~94세,948
2017,1,11560,20,95~99세,288
2017,1,11560,21,100세 이상,231
2017,1,11590,1,0~4세,15540
2017,1,11590,2,5~9세,15134
2017,1,11590,3,10~14세,14157
2017,1,11590,4,15~19세,19087
2017,1,11590,5,20~24세,31494
2017,1,11590,6,25~29세,36511
2017,1,11590,7,30~34세,35906
2017,1,11590,8,35~39세,35165
2017,1,11590,9,40~44세,32272
2017,1,11590,10,45~49세,32848
2017,1,11590,11,50~54세,30353
2017,1,11590,12,55~59세,32519
2017,1,11590,13,60~64세,25521
2017,1,11590,14,65~69세,19028
2017,1,11590,15,70~74세,15169
2017,1,11590,16,75~79세,11114
2017,1,11590,17,80~84세,6294
2017,1,11590,18,85~89세,2811
2017,1,11590,19,90~94세,1034
2017,1,11590,20,95~99세,315
2017,1,11590,21,100세 이상,248
2017,1,11620,1,0~4세,16557
2017,1,11620,2,5~9세,15483
2017,1,11620,3,10~14세,15023
2017,1,11620,4,15~19세,21430
2017,1,11620,5,20~24세,41470
2017,1,11620,6,25~29세,60702
2017,1,11620,7,30~34세,52907
2017,1,11620,8,35~39세,45248
2017,1,11620,9,40~44세,39665
2017,1,11620,10,45~49세,40146
2017,1,11620,11,50~54세,37287
2017,1,11620,12,55~59세,39640
2017,1,11620,13,60~64세,31875
2017,1,11620,14,65~69세,24539
2017,1,11620,15,70~74세,19182
2017,1,11620,16,75~79세,13479
2017,1,11620,17,80~84세,6493
2017,1,11620,18,85~89세,2818
2017,1,11620,19,90~94세,1026
2017,1,11620,20,95~99세,272
2017,1,11620,21,100세 이상,273
2017,1,11650,1,0~4세,18797
2017,1,11650,2,5~9세,22599
2017,1,11650,3,10~14세,22592
2017,1,11650,4,15~19세,26394
2017,1,11650,5,20~24세,28003
2017,1,11650,6,25~29세,31666
2017,1,11650,7,30~34세,35628
2017,1,11650,8,35~39세,39685
2017,1,11650,9,40~44세,41221
2017,1,11650,10,45~49세,42098
2017,1,11650,11,50~54세,32461
2017,1,11650,12,55~59세,31549
2017,1,11650,13,60~64세,25884
2017,1,11650,14,65~69세,18691
2017,1,11650,15,70~74세,14210
2017,1,11650,16,75~79세,9206
2017,1,11650,17,80~84세,5224
2017,1,11650,18,85~89세,2731
2017,1,11650,19,90~94세,1166
2017,1,11650,20,95~99세,314
2017,1,11650,21,100세 이상,191
2017,1,11680,1,0~4세,19856
2017,1,11680,2,5~9세,23595
2017,1,11680,3,10~14세,26992
2017,1,11680,4,15~19세,37275
2017,1,11680,5,20~24세,38737
2017,1,11680,6,25~29세,43391
2017,1,11680,7,30~34세,47432
2017,1,11680,8,35~39세,49868
2017,1,11680,9,40~44세,48789
2017,1,11680,10,45~49세,55424
2017,1,11680,11,50~54세,43533
2017,1,11680,12,55~59세,39487
2017,1,11680,13,60~64세,32954
2017,1,11680,14,65~69세,23289
2017,1,11680,15,70~74세,17177
2017,1,11680,16,75~79세,10981
2017,1,11680,17,80~84세,6255
2017,1,11680,18,85~89세,3350
2017,1,11680,19,90~94세,1430
2017,1,11680,20,95~99세,456
2017,1,11680,21,100세 이상,229
2017,1,11710,1,0~4세,27417
2017,1,11710,2,5~9세,29156
2017,1,11710,3,10~14세,29184
2017,1,11710,4,15~19세,37547
2017,1,11710,5,20~24세,44247
2017,1,11710,6,25~29세,49860
2017,1,11710,7,30~34세,57068
2017,1,11710,8,35~39세,58920
2017,1,11710,9,40~44세,55425
2017,1,11710,10,45~49세,58541
2017,1,11710,11,50~54세,51700
2017,1,11710,12,55~59세,53452
2017,1,11710,13,60~64세,42460
2017,1,11710,14,65~69세,27544
2017,1,11710,15,70~74세,19141
2017,1,11710,16,75~79세,12494
2017,1,11710,17,80~84세,7481
2017,1,11710,18,85~89세,3730
2017,1,11710,19,90~94세,1513
2017,1,11710,20,95~99세,388
2017,1,11710,21,100세 이상,215
2017,1,11740,1,0~4세,17332
2017,1,11740,2,5~9세,18377
2017,1,11740,3,10~14세,18286
2017,1,11740,4,15~19세,25043
2017,1,11740,5,20~24세,30357
2017,1,11740,6,25~29세,32633
2017,1,11740,7,30~34세,35208
2017,1,11740,8,35~39세,38101
2017,1,11740,9,40~44세,35497
2017,1,11740,10,45~49세,38737
2017,1,11740,11,50~54세,36922
2017,1,11740,12,55~59세,40381
2017,1,11740,13,60~64세,31737
2017,1,11740,14,65~69세,20748
2017,1,11740,15,70~74세,14394
2017,1,11740,16,75~79세,9439
2017,1,11740,17,80~84세,5447
2017,1,11740,18,85~89세,2944
2017,1,11740,19,90~94세,1143
2017,1,11740,20,95~99세,305
2017,1,11740,21,100세 이상,202
2017,2,11110,1,0~4세,4459
2017,2,11110,2,5~9세,5024
2017,2,11110,3,10~14세,5508
2017,2,11110,4,15~19세,8416
2017,2,11110,5,20~24세,14221
2017,2,11110,6,25~29세,13436
2017,2,11110,7,30~34세,11435
2017,2,11110,8,35~39세,11407
2017,2,11110,9,40~44세,11903
2017,2,11110,10,45~49세,14541
2017,2,11110,11,50~54세,13412
2017,2,11110,12,55~59세,13492
2017,2,11110,13,60~64세,10522
2017,2,11110,14,65~69세,7633
2017,2,11110,15,70~74세,6603
2017,2,11110,16,75~79세,5646
2017,2,11110,17,80~84세,3243
2017,2,11110,18,85~89세,1539
2017,2,11110,19,90~94세,623
2017,2,11110,20,95~99세,244
2017,2,11110,21,100세 이상,214
2017,2,11140,1,0~4세,4308
2017,2,11140,2,5~9세,3958
2017,2,11140,3,10~14세,3510
2017,2,11140,4,15~19세,5305
2017,2,11140,5,20~24세,9514
2017,2,11140,6,25~29세,10890
2017,2,11140,7,30~34세,10879
2017,2,11140,8,35~39세,10846
2017,2,11140,9,40~44세,9825
2017,2,11140,10,45~49세,11182
2017,2,11140,11,50~54세,10764
2017,2,11140,12,55~59세,11708
2017,2,11140,13,60~64세,9175
2017,2,11140,14,65~69세,6610
2017,2,11140,15,70~74세,5324
2017,2,11140,16,75~79세,4366
2017,2,11140,17,80~84세,2582
2017,2,11140,18,85~89세,1300
2017,2,11140,19,90~94세,471
2017,2,11140,20,95~99세,160
2017,2,11140,21,100세 이상,161
2017,2,11170,1,0~4세,8503
2017,2,11170,2,5~9세,8704
2017,2,11170,3,10~14세,8466
2017,2,11170,4,15~19세,10871
2017,2,11170,5,20~24세,14986
2017,2,11170,6,25~29세,18690
2017,2,11170,7,30~34세,20586
2017,2,11170,8,35~39세,21189
2017,2,11170,9,40~44세,19918
2017,2,11170,10,45~49세,21961
2017,2,11170,11,50~54세,18759
2017,2,11170,12,55~59세,19099
2017,2,11170,13,60~64세,15163
2017,2,11170,14,65~69세,11027
2017,2,11170,15,70~74세,9062
2017,2,11170,16,75~79세,7801
2017,2,11170,17,80~84세,4731
2017,2,11170,18,85~89세,2343
2017,2,11170,19,90~94세,950
2017,2,11170,20,95~99세,289
2017,2,11170,21,100세 이상,308
2017,2,11200,1,0~4세,12802
2017,2,11200,2,5~9세,11227
2017,2,11200,3,10~14세,10371
2017,2,11200,4,15~19세,14256
2017,2,11200,5,20~24세,22813
2017,2,11200,6,25~29세,25595
2017,2,11200,7,30~34세,26431
2017,2,11200,8,35~39세,27508
2017,2,11200,9,40~44세,24761
2017,2,11200,10,45~49세,26763
2017,2,11200,11,50~54세,24588
2017,2,11200,12,55~59세,25394
2017,2,11200,13,60~64세,18842
2017,2,11200,14,65~69세,13279
2017,2,11200,15,70~74세,10882
2017,2,11200,16,75~79세,8457
2017,2,11200,17,80~84세,4692
2017,2,11200,18,85~89세,2038
2017,2,11200,19,90~94세,699
2017,2,11200,20,95~99세,226
2017,2,11200,21,100세 이상,207
2017,2,11215,1,0~4세,12766
2017,2,11215,2,5~9세,12701
2017,2,11215,3,10~14세,13225
2017,2,11215,4,15~19세,18828
2017,2,11215,5,20~24세,30385
2017,2,11215,6,25~29세,34753
2017,2,11215,7,30~34세,32888
2017,2,11215,8,35~39세,30827
2017,2,11215,9,40~44세,28497
2017,2,11215,10,45~49세,32192
2017,2,11215,11,50~54세,29552
2017,2,11215,12,55~59세,30106
2017,2,11215,13,60~64세,22132
2017,2,11215,14,65~69세,14924
2017,2,11215,15,70~74세,11530
2017,2,11215,16,75~79세,8548
2017,2,11215,17,80~84세,4617
2017,2,11215,18,85~89세,2105
2017,2,11215,19,90~94세,735
2017,2,11215,20,95~99세,242
2017,2,11215,21,100세 이상,175
2017,2,11230,1,0~4세,12229
2017,2,11230,2,5~9세,12579
2017,2,11230,3,10~14세,12057
2017,2,11230,4,15~19세,18012
2017,2,11230,5,20~24세,31501
2017,2,11230,6,25~29세,30756
2017,2,11230,7,30~34세,27300
2017,2,11230,8,35~39세,28914
2017,2,11230,9,40~44세,27476
2017,2,11230,10,45~49세,30152
2017,2,11230,11,50~54세,27919
2017,2,11230,12,55~59세,30024
2017,2,11230,13,60~64세,24315
2017,2,11230,14,65~69세,17918
2017,2,11230,15,70~74세,14897
2017,2,11230,16,75~79세,11678
2017,2,11230,17,80~84세,6183
2017,2,11230,18,85~89세,2640
2017,2,11230,19,90~94세,961
2017,2,11230,20,95~99세,297
2017,2,11230,21,100세 이상,242
2017,2,11260,1,0~4세,14783
2017,2,11260,2,5~9세,14311
2017,2,11260,3,10~14세,13848
2017,2,11260,4,15~19세,19865
2017,2,11260,5,20~24세,28626
2017,2,11260,6,25~29세,30939
2017,2,11260,7,30~34세,31998
2017,2,11260,8,35~39세,33433
2017,2,11260,9,40~44세,30512
2017,2,11260,10,45~49세,35854
2017,2,11260,11,50~54세,35600
2017,2,11260,12,55~59세,38195
2017,2,11260,13,60~64세,28992
2017,2,11260,14,65~69세,20464
2017,2,11260,15,70~74세,15746
2017,2,11260,16,75~79세,11448
2017,2,11260,17,80~84세,6136
2017,2,11260,18,85~89세,2673
2017,2,11260,19,90~94세,926
2017,2,11260,20,95~99세,279
2017,2,11260,21,100세 이상,155
2017,2,11290,1,0~4세,16300
2017,2,11290,2,5~9세,18669
2017,2,11290,3,10~14세,18832
2017,2,11290,4,15~19세,24615
2017,2,11290,5,20~24세,36470
2017,2,11290,6,25~29세,34094
2017,2,11290,7,30~34세,32044
2017,2,11290,8,35~39세,35699
2017,2,11290,9,40~44세,37752
2017,2,11290,10,45~49세,40897
2017,2,11290,11,50~54세,34584
2017,2,11290,12,55~59세,35655
2017,2,11290,13,60~64세,28310
2017,2,11290,14,65~69세,21034
2017,2,11290,15,70~74세,17556
2017,2,11290,16,75~79세,13959
2017,2,11290,17,80~84세,7633
2017,2,11290,18,85~89세,3354
2017,2,11290,19,90~94세,1128
2017,2,11290,20,95~99세,389
2017,2,11290,21,100세 이상,302
2017,2,11305,1,0~4세,10220
2017,2,11305,2,5~9세,11118
2017,2,11305,3,10~14세,11448
2017,2,11305,4,15~19세,16272
2017,2,11305,5,20~24세,22462
2017,2,11305,6,25~29세,22399
2017,2,11305,7,30~34세,22155
2017,2,11305,8,35~39세,25148
2017,2,11305,9,40~44세,25401
2017,2,11305,10,45~49세,29061
2017,2,11305,11,50~54세,26650
2017,2,11305,12,55~59세,28884
2017,2,11305,13,60~64세,23281
2017,2,11305,14,65~69세,18384
2017,2,11305,15,70~74세,15413
2017,2,11305,16,75~79세,11920
2017,2,11305,17,80~84세,5941
2017,2,11305,18,85~89세,2509
2017,2,11305,19,90~94세,853
2017,2,11305,20,95~99세,270
2017,2,11305,21,100세 이상,215
2017,2,11320,1,0~4세,11644
2017,2,11320,2,5~9세,12834
2017,2,11320,3,10~14세,13417
2017,2,11320,4,15~19세,19191
2017,2,11320,5,20~24세,24290
2017,2,11320,6,25~29세,23224
2017,2,11320,7,30~34세,23026
2017,2,11320,8,35~39세,25632
2017,2,11320,9,40~44세,26000
2017,2,11320,10,45~49세,30955
2017,2,11320,11,50~54세,28948
2017,2,11320,12,55~59세,31688
2017,2,11320,13,60~64세,24918
2017,2,11320,14,65~69세,17289
2017,2,11320,15,70~74세,13699
2017,2,11320,16,75~79세,10913
2017,2,11320,17,80~84세,6059
2017,2,11320,18,85~89세,2839
2017,2,11320,19,90~94세,1002
2017,2,11320,20,95~99세,237
2017,2,11320,21,100세 이상,136
2017,2,11350,1,0~4세,20139
2017,2,11350,2,5~9세,22750
2017,2,11350,3,10~14세,27378
2017,2,11350,4,15~19세,38853
2017,2,11350,5,20~24세,43211
2017,2,11350,6,25~29세,35744
2017,2,11350,7,30~34세,36118
2017,2,11350,8,35~39세,42215
2017,2,11350,9,40~44세,45992
2017,2,11350,10,45~49세,54757
2017,2,11350,11,50~54세,46011
2017,2,11350,12,55~59세,45499
2017,2,11350,13,60~64세,34734
2017,2,11350,14,65~69세,24063
2017,2,11350,15,70~74세,18501
2017,2,11350,16,75~79세,15130
2017,2,11350,17,80~84세,8972
2017,2,11350,18,85~89세,4237
2017,2,11350,19,90~94세,1468
2017,2,11350,20,95~99세,414
2017,2,11350,21,100세 이상,225
2017,2,11380,1,0~4세,17513
2017,2,11380,2,5~9세,19262
2017,2,11380,3,10~14세,19684
2017,2,11380,4,15~19세,26265
2017,2,11380,5,20~24세,32542
2017,2,11380,6,25~29세,33291
2017,2,11380,7,30~34세,35113
2017,2,11380,8,35~39세,40658
2017,2,11380,9,40~44세,40594
2017,2,11380,10,45~49세,43796
2017,2,11380,11,50~54세,38363
2017,2,11380,12,55~59세,40434
2017,2,11380,13,60~64세,32184
2017,2,11380,14,65~69세,24156
2017,2,11380,15,70~74세,19752
2017,2,11380,16,75~79세,15401
2017,2,11380,17,80~84세,8292
2017,2,11380,18,85~89세,3552
2017,2,11380,19,90~94세,1295
2017,2,11380,20,95~99세,333
2017,2,11380,21,100세 이상,355
2017,2,11410,1,0~4세,11430
2017,2,11410,2,5~9세,11206
2017,2,11410,3,10~14세,11809
2017,2,11410,4,15~19세,16579
2017,2,11410,5,20~24세,27251
2017,2,11410,6,25~29세,26918
2017,2,11410,7,30~34세,23933
2017,2,11410,8,35~39세,24982
2017,2,11410,9,40~44세,24857
2017,2,11410,10,45~49세,28131
2017,2,11410,11,50~54세,25286
2017,2,11410,12,55~59세,25663
2017,2,11410,13,60~64세,19813
2017,2,11410,14,65~69세,14729
2017,2,11410,15,70~74세,12890
2017,2,11410,16,75~79세,10746
2017,2,11410,17,80~84세,6156
2017,2,11410,18,85~89세,2587
2017,2,11410,19,90~94세,938
2017,2,11410,20,95~99세,293
2017,2,11410,21,100세 이상,215
2017,2,11440,1,0~4세,15276
2017,2,11440,2,5~9세,15003
2017,2,11440,3,10~14세,14630
2017,2,11440,4,15~19세,18171
2017,2,11440,5,20~24세,28343
2017,2,11440,6,25~29세,34173
2017,2,11440,7,30~34세,35920
2017,2,11440,8,35~39세,35395
2017,2,11440,9,40~44세,33343
2017,2,11440,10,45~49세,33462
2017,2,11440,11,50~54세,27632
2017,2,11440,12,55~59세,27354
2017,2,11440,13,60~64세,20672
2017,2,11440,14,65~69세,15380
2017,2,11440,15,70~74세,12975
2017,2,11440,16,75~79세,10445
2017,2,11440,17,80~84세,6145
2017,2,11440,18,85~89세,2726
2017,2,11440,19,90~94세,936
2017,2,11440,20,95~99세,322
2017,2,11440,21,100세 이상,271
2017,2,11470,1,0~4세,16776
2017,2,11470,2,5~9세,21131
2017,2,11470,3,10~14세,25330
2017,2,11470,4,15~19세,33026
2017,2,11470,5,20~24세,33731
2017,2,11470,6,25~29세,30478
2017,2,11470,7,30~34세,31369
2017,2,11470,8,35~39세,36039
2017,2,11470,9,40~44세,39744
2017,2,11470,10,45~49세,47811
2017,2,11470,11,50~54세,41042
2017,2,11470,12,55~59세,38745
2017,2,11470,13,60~64세,29059
2017,2,11470,14,65~69세,19894
2017,2,11470,15,70~74세,13733
2017,2,11470,16,75~79세,9943
2017,2,11470,17,80~84세,5888
2017,2,11470,18,85~89세,2924
2017,2,11470,19,90~94세,1025
2017,2,11470,20,95~99세,276
2017,2,11470,21,100세 이상,155
2017,2,11500,1,0~4세,26194
2017,2,11500,2,5~9세,24228
2017,2,11500,3,10~14세,22867
2017,2,11500,4,15~19세,29790
2017,2,11500,5,20~24세,39842
2017,2,11500,6,25~29세,48243
2017,2,11500,7,30~34세,53933
2017,2,11500,8,35~39세,56178
2017,2,11500,9,40~44세,48899
2017,2,11500,10,45~49세,48752
2017,2,11500,11,50~54세,44788
2017,2,11500,12,55~59세,49807
2017,2,11500,13,60~64세,39321
2017,2,11500,14,65~69세,27250
2017,2,11500,15,70~74세,19143
2017,2,11500,16,75~79세,13628
2017,2,11500,17,80~84세,7884
2017,2,11500,18,85~89세,4056
2017,2,11500,19,90~94세,1445
2017,2,11500,20,95~99세,387
2017,2,11500,21,100세 이상,188
2017,2,11530,1,0~4세,18924
2017,2,11530,2,5~9세,18312
2017,2,11530,3,10~14세,15445
2017,2,11530,4,15~19세,19777
2017,2,11530,5,20~24세,26828
2017,2,11530,6,25~29세,32222
2017,2,11530,7,30~34세,36831
2017,2,11530,8,35~39세,40030
2017,2,11530,9,40~44세,36554
2017,2,11530,10,45~49세,37899
2017,2,11530,11,50~54세,36213
2017,2,11530,12,55~59세,38868
2017,2,11530,13,60~64세,30307
2017,2,11530,14,65~69세,21312
2017,2,11530,15,70~74세,15583
2017,2,11530,16,75~79세,11144
2017,2,11530,17,80~84세,5855
2017,2,11530,18,85~89세,2452
2017,2,11530,19,90~94세,838
2017,2,11530,20,95~99세,231
2017,2,11530,21,100세 이상,145
2017,2,11545,1,0~4세,8871
2017,2,11545,2,5~9세,8160
2017,2,11545,3,10~14세,7939
2017,2,11545,4,15~19세,11248
2017,2,11545,5,20~24세,16351
2017,2,11545,6,25~29세,20044
2017,2,11545,7,30~34세,20564
2017,2,11545,8,35~39세,20057
2017,2,11545,9,40~44세,19197
2017,2,11545,10,45~49세,22989
2017,2,11545,11,50~54세,24022
2017,2,11545,12,55~59세,24251
2017,2,11545,13,60~64세,17561
2017,2,11545,14,65~69세,12240
2017,2,11545,15,70~74세,9091
2017,2,11545,16,75~79세,6571
2017,2,11545,17,80~84세,3318
2017,2,11545,18,85~89세,1451
2017,2,11545,19,90~94세,487
2017,2,11545,20,95~99세,156
2017,2,11545,21,100세 이상,143
2017,2,11560,1,0~4세,15900
2017,2,11560,2,5~9세,14014
2017,2,11560,3,10~14세,12514
2017,2,11560,4,15~19세,16532
2017,2,11560,5,20~24세,23784
2017,2,11560,6,25~29세,33399
2017,2,11560,7,30~34세,36691
2017,2,11560,8,35~39세,35144
2017,2,11560,9,40~44세,31737
2017,2,11560,10,45~49세,34845
2017,2,11560,11,50~54세,34032
2017,2,11560,12,55~59세,35197
2017,2,11560,13,60~64세,26090
2017,2,11560,14,65~69세,18445
2017,2,11560,15,70~74세,13915
2017,2,11560,16,75~79세,10516
2017,2,11560,17,80~84세,6190
2017,2,11560,18,85~89세,2551
2017,2,11560,19,90~94세,952
2017,2,11560,20,95~99세,286
2017,2,11560,21,100세 이상,233
2017,2,11590,1,0~4세,15321
2017,2,11590,2,5~9세,15107
2017,2,11590,3,10~14세,14062
2017,2,11590,4,15~19세,18870
2017,2,11590,5,20~24세,31385
2017,2,11590,6,25~29세,36703
2017,2,11590,7,30~34세,35264
2017,2,11590,8,35~39세,35201
2017,2,11590,9,40~44세,31856
2017,2,11590,10,45~49세,33046
2017,2,11590,11,50~54세,30133
2017,2,11590,12,55~59세,32468
2017,2,11590,13,60~64세,25257
2017,2,11590,14,65~69세,19209
2017,2,11590,15,70~74세,15182
2017,2,11590,16,75~79세,11345
2017,2,11590,17,80~84세,6365
2017,2,11590,18,85~89세,2854
2017,2,11590,19,90~94세,1034
2017,2,11590,20,95~99세,314
2017,2,11590,21,100세 이상,241
2017,2,11620,1,0~4세,16333
2017,2,11620,2,5~9세,15363
2017,2,11620,3,10~14세,14884
2017,2,11620,4,15~19세,21060
2017,2,11620,5,20~24세,41245
2017,2,11620,6,25~29세,61352
2017,2,11620,7,30~34세,52227
2017,2,11620,8,35~39세,45425
2017,2,11620,9,40~44세,39011
2017,2,11620,10,45~49세,40169
2017,2,11620,11,50~54세,36914
2017,2,11620,12,55~59세,39499
2017,2,11620,13,60~64세,31469
2017,2,11620,14,65~69세,24787
2017,2,11620,15,70~74세,19233
2017,2,11620,16,75~79세,13822
2017,2,11620,17,80~84세,6612
2017,2,11620,18,85~89세,2877
2017,2,11620,19,90~94세,1016
2017,2,11620,20,95~99세,291
2017,2,11620,21,100세 이상,270
2017,2,11650,1,0~4세,18372
2017,2,11650,2,5~9세,22540
2017,2,11650,3,10~14세,22579
2017,2,11650,4,15~19세,25867
2017,2,11650,5,20~24세,27811
2017,2,11650,6,25~29세,31644
2017,2,11650,7,30~34세,35065
2017,2,11650,8,35~39세,39678
2017,2,11650,9,40~44세,40640
2017,2,11650,10,45~49세,42267
2017,2,11650,11,50~54세,32295
2017,2,11650,12,55~59세,31292
2017,2,11650,13,60~64세,25748
2017,2,11650,14,65~69세,18769
2017,2,11650,15,70~74세,14285
2017,2,11650,16,75~79세,9392
2017,2,11650,17,80~84세,5276
2017,2,11650,18,85~89세,2737
2017,2,11650,19,90~94세,1172
2017,2,11650,20,95~99세,324
2017,2,11650,21,100세 이상,183
2017,2,11680,1,0~4세,19501
2017,2,11680,2,5~9세,23396
2017,2,11680,3,10~14세,26853
2017,2,11680,4,15~19세,36893
2017,2,11680,5,20~24세,38608
2017,2,11680,6,25~29세,43573
2017,2,11680,7,30~34세,46549
2017,2,11680,8,35~39세,49950
2017,2,11680,9,40~44세,48188
2017,2,11680,10,45~49세,55449
2017,2,11680,11,50~54세,43606
2017,2,11680,12,55~59세,39168
2017,2,11680,13,60~64세,32716
2017,2,11680,14,65~69세,23621
2017,2,11680,15,70~74세,17331
2017,2,11680,16,75~79세,11210
2017,2,11680,17,80~84세,6299
2017,2,11680,18,85~89세,3356
2017,2,11680,19,90~94세,1460
2017,2,11680,20,95~99세,470
2017,2,11680,21,100세 이상,228
2017,2,11710,1,0~4세,27210
2017,2,11710,2,5~9세,29178
2017,2,11710,3,10~14세,29030
2017,2,11710,4,15~19세,36968
2017,2,11710,5,20~24세,44214
2017,2,11710,6,25~29세,50386
2017,2,11710,7,30~34세,56794
2017,2,11710,8,35~39세,59481
2017,2,11710,9,40~44세,54841
2017,2,11710,10,45~49세,58824
2017,2,11710,11,50~54세,51457
2017,2,11710,12,55~59세,53335
2017,2,11710,13,60~64세,42275
2017,2,11710,14,65~69세,28231
2017,2,11710,15,70~74세,19391
2017,2,11710,16,75~79세,12776
2017,2,11710,17,80~84세,7590
2017,2,11710,18,85~89세,3774
2017,2,11710,19,90~94세,1530
2017,2,11710,20,95~99세,394
2017,2,11710,21,100세 이상,219
2017,2,11740,1,0~4세,17329
2017,2,11740,2,5~9세,18310
2017,2,11740,3,10~14세,18252
2017,2,11740,4,15~19세,24641
2017,2,11740,5,20~24세,30069
2017,2,11740,6,25~29세,32755
2017,2,11740,7,30~34세,34753
2017,2,11740,8,35~39세,38612
2017,2,11740,9,40~44세,35225
2017,2,11740,10,45~49세,38857
2017,2,11740,11,50~54세,36648
2017,2,11740,12,55~59세,40266
2017,2,11740,13,60~64세,31689
2017,2,11740,14,65~69세,21270
2017,2,11740,15,70~74세,14584
2017,2,11740,16,75~79세,9661
2017,2,11740,17,80~84세,5546
2017,2,11740,18,85~89세,2933
2017,2,11740,19,90~94세,1157
2017,2,11740,20,95~99세,301
2017,2,11740,21,100세 이상,202
2017,3,11110,1,0~4세,4371
2017,3,11110,2,5~9세,5035
2017,3,11110,3,10~14세,5517
2017,3,11110,4,15~19세,8558
2017,3,11110,5,20~24세,14665
2017,3,11110,6,25~29세,13496
2017,3,11110,7,30~34세,11509
2017,3,11110,8,35~39세,11468
2017,3,11110,9,40~44세,11805
2017,3,11110,10,45~49세,14580
2017,3,11110,11,50~54세,13488
2017,3,11110,12,55~59세,13467
2017,3,11110,13,60~64세,10647
2017,3,11110,14,65~69세,7702
2017,3,11110,15,70~74세,6626
2017,3,11110,16,75~79세,5751
2017,3,11110,17,80~84세,3285
2017,3,11110,18,85~89세,1578
2017,3,11110,19,90~94세,623
2017,3,11110,20,95~99세,249
2017,3,11110,21,100세 이상,220
2017,3,11140,1,0~4세,4393
2017,3,11140,2,5~9세,4030
2017,3,11140,3,10~14세,3484
2017,3,11140,4,15~19세,5319
2017,3,11140,5,20~24세,9632
2017,3,11140,6,25~29세,11057
2017,3,11140,7,30~34세,11005
2017,3,11140,8,35~39세,11048
2017,3,11140,9,40~44세,9853
2017,3,11140,10,45~49세,11273
2017,3,11140,11,50~54세,10815
2017,3,11140,12,55~59세,11696
2017,3,11140,13,60~64세,9320
2017,3,11140,14,65~69세,6672
2017,3,11140,15,70~74세,5339
2017,3,11140,16,75~79세,4494
2017,3,11140,17,80~84세,2624
2017,3,11140,18,85~89세,1306
2017,3,11140,19,90~94세,488
2017,3,11140,20,95~99세,165
2017,3,11140,21,100세 이상,161
2017,3,11170,1,0~4세,8385
2017,3,11170,2,5~9세,8703
2017,3,11170,3,10~14세,8426
2017,3,11170,4,15~19세,10757
2017,3,11170,5,20~24세,15179
2017,3,11170,6,25~29세,19142
2017,3,11170,7,30~34세,20578
2017,3,11170,8,35~39세,21422
2017,3,11170,9,40~44세,19577
2017,3,11170,10,45~49세,22007
2017,3,11170,11,50~54세,18647
2017,3,11170,12,55~59세,18997
2017,3,11170,13,60~64세,15375
2017,3,11170,14,65~69세,11033
2017,3,11170,15,70~74세,9043
2017,3,11170,16,75~79세,7902
2017,3,11170,17,80~84세,4809
2017,3,11170,18,85~89세,2373
2017,3,11170,19,90~94세,954
2017,3,11170,20,95~99세,306
2017,3,11170,21,100세 이상,307
2017,3,11200,1,0~4세,12747
2017,3,11200,2,5~9세,11195
2017,3,11200,3,10~14세,10334
2017,3,11200,4,15~19세,14120
2017,3,11200,5,20~24세,23197
2017,3,11200,6,25~29세,25837
2017,3,11200,7,30~34세,26284
2017,3,11200,8,35~39세,27738
2017,3,11200,9,40~44세,24589
2017,3,11200,10,45~49세,26839
2017,3,11200,11,50~54세,24581
2017,3,11200,12,55~59세,25389
2017,3,11200,13,60~64세,19181
2017,3,11200,14,65~69세,13364
2017,3,11200,15,70~74세,10913
2017,3,11200,16,75~79세,8667
2017,3,11200,17,80~84세,4762
2017,3,11200,18,85~89세,2053
2017,3,11200,19,90~94세,704
2017,3,11200,20,95~99세,227
2017,3,11200,21,100세 이상,212
2017,3,11215,1,0~4세,12592
2017,3,11215,2,5~9세,12647
2017,3,11215,3,10~14세,13296
2017,3,11215,4,15~19세,18611
2017,3,11215,5,20~24세,30655
2017,3,11215,6,25~29세,35090
2017,3,11215,7,30~34세,32718
2017,3,11215,8,35~39세,31006
2017,3,11215,9,40~44세,28228
2017,3,11215,10,45~49세,32216
2017,3,11215,11,50~54세,29382
2017,3,11215,12,55~59세,30037
2017,3,11215,13,60~64세,22357
2017,3,11215,14,65~69세,15145
2017,3,11215,15,70~74세,11612
2017,3,11215,16,75~79세,8803
2017,3,11215,17,80~84세,4672
2017,3,11215,18,85~89세,2154
2017,3,11215,19,90~94세,767
2017,3,11215,20,95~99세,250
2017,3,11215,21,100세 이상,176
2017,3,11230,1,0~4세,11976
2017,3,11230,2,5~9세,12444
2017,3,11230,3,10~14세,12034
2017,3,11230,4,15~19세,17898
2017,3,11230,5,20~24세,32026
2017,3,11230,6,25~29세,30954
2017,3,11230,7,30~34세,26969
2017,3,11230,8,35~39세,28856
2017,3,11230,9,40~44세,26978
2017,3,11230,10,45~49세,30257
2017,3,11230,11,50~54세,27635
2017,3,11230,12,55~59세,29906
2017,3,11230,13,60~64세,24549
2017,3,11230,14,65~69세,17968
2017,3,11230,15,70~74세,14899
2017,3,11230,16,75~79세,11909
2017,3,11230,17,80~84세,6310
2017,3,11230,18,85~89세,2694
2017,3,11230,19,90~94세,956
2017,3,11230,20,95~99세,307
2017,3,11230,21,100세 이상,244
2017,3,11260,1,0~4세,14544
2017,3,11260,2,5~9세,14267
2017,3,11260,3,10~14세,13830
2017,3,11260,4,15~19세,19447
2017,3,11260,5,20~24세,28356
2017,3,11260,6,25~29세,31257
2017,3,11260,7,30~34세,31635
2017,3,11260,8,35~39세,33563
2017,3,11260,9,40~44세,30201
2017,3,11260,10,45~49세,35813
2017,3,11260,11,50~54세,35198
2017,3,11260,12,55~59세,38296
2017,3,11260,13,60~64세,29472
2017,3,11260,14,65~69세,20703
2017,3,11260,15,70~74세,15794
2017,3,11260,16,75~79세,11834
2017,3,11260,17,80~84세,6216
2017,3,11260,18,85~89세,2747
2017,3,11260,19,90~94세,943
2017,3,11260,20,95~99세,279
2017,3,11260,21,100세 이상,159
2017,3,11290,1,0~4세,15955
2017,3,11290,2,5~9세,18529
2017,3,11290,3,10~14세,18839
2017,3,11290,4,15~19세,24523
2017,3,11290,5,20~24세,36808
2017,3,11290,6,25~29세,34146
2017,3,11290,7,30~34세,31488
2017,3,11290,8,35~39세,35562
2017,3,11290,9,40~44세,37018
2017,3,11290,10,45~49세,41236
2017,3,11290,11,50~54세,34318
2017,3,11290,12,55~59세,35205
2017,3,11290,13,60~64세,28697
2017,3,11290,14,65~69세,21104
2017,3,11290,15,70~74세,17566
2017,3,11290,16,75~79세,14320
2017,3,11290,17,80~84세,7719
2017,3,11290,18,85~89세,3392
2017,3,11290,19,90~94세,1152
2017,3,11290,20,95~99세,382
2017,3,11290,21,100세 이상,302
2017,3,11305,1,0~4세,9955
2017,3,11305,2,5~9세,11059
2017,3,11305,3,10~14세,11366
2017,3,11305,4,15~19세,15976
2017,3,11305,5,20~24세,22385
2017,3,11305,6,25~29세,22587
2017,3,11305,7,30~34세,21767
2017,3,11305,8,35~39세,25050
2017,3,11305,9,40~44세,24974
2017,3,11305,10,45~49세,29101
2017,3,11305,11,50~54세,26461
2017,3,11305,12,55~59세,28782
2017,3,11305,13,60~64세,23501
2017,3,11305,14,65~69세,18453
2017,3,11305,15,70~74세,15425
2017,3,11305,16,75~79세,12235
2017,3,11305,17,80~84세,6082
2017,3,11305,18,85~89세,2510
2017,3,11305,19,90~94세,884
2017,3,11305,20,95~99세,271
2017,3,11305,21,100세 이상,218
2017,3,11320,1,0~4세,11338
2017,3,11320,2,5~9세,12674
2017,3,11320,3,10~14세,13404
2017,3,11320,4,15~19세,18780
2017,3,11320,5,20~24세,24225
2017,3,11320,6,25~29세,23501
2017,3,11320,7,30~34세,22661
2017,3,11320,8,35~39세,25533
2017,3,11320,9,40~44세,25675
2017,3,11320,10,45~49세,30893
2017,3,11320,11,50~54세,28825
2017,3,11320,12,55~59세,31658
2017,3,11320,13,60~64세,25262
2017,3,11320,14,65~69세,17491
2017,3,11320,15,70~74세,13747
2017,3,11320,16,75~79세,11223
2017,3,11320,17,80~84세,6147
2017,3,11320,18,85~89세,2898
2017,3,11320,19,90~94세,1017
2017,3,11320,20,95~99세,248
2017,3,11320,21,100세 이상,138
2017,3,11350,1,0~4세,19624
2017,3,11350,2,5~9세,22474
2017,3,11350,3,10~14세,27228
2017,3,11350,4,15~19세,38084
2017,3,11350,5,20~24세,43168
2017,3,11350,6,25~29세,35759
2017,3,11350,7,30~34세,35185
2017,3,11350,8,35~39세,41711
2017,3,11350,9,40~44세,45234
2017,3,11350,10,45~49세,54514
2017,3,11350,11,50~54세,45454
2017,3,11350,12,55~59세,45118
2017,3,11350,13,60~64세,35137
2017,3,11350,14,65~69세,24235
2017,3,11350,15,70~74세,18459
2017,3,11350,16,75~79세,15436
2017,3,11350,17,80~84세,9040
2017,3,11350,18,85~89세,4287
2017,3,11350,19,90~94세,1487
2017,3,11350,20,95~99세,415
2017,3,11350,21,100세 이상,229
2017,3,11380,1,0~4세,17109
2017,3,11380,2,5~9세,19071
2017,3,11380,3,10~14세,19654
2017,3,11380,4,15~19세,25923
2017,3,11380,5,20~24세,32334
2017,3,11380,6,25~29세,33645
2017,3,11380,7,30~34세,34534
2017,3,11380,8,35~39세,40570
2017,3,11380,9,40~44세,40092
2017,3,11380,10,45~49세,43979
2017,3,11380,11,50~54세,38193
2017,3,11380,12,55~59세,40321
2017,3,11380,13,60~64세,32624
2017,3,11380,14,65~69세,24239
2017,3,11380,15,70~74세,19804
2017,3,11380,16,75~79세,15787
2017,3,11380,17,80~84세,8425
2017,3,11380,18,85~89세,3592
2017,3,11380,19,90~94세,1307
2017,3,11380,20,95~99세,330
2017,3,11380,21,100세 이상,366
2017,3,11410,1,0~4세,11162
2017,3,11410,2,5~9세,11224
2017,3,11410,3,10~14세,11756
2017,3,11410,4,15~19세,16476
2017,3,11410,5,20~24세,27641
2017,3,11410,6,25~29세,27174
2017,3,11410,7,30~34세,23677
2017,3,11410,8,35~39세,24954
2017,3,11410,9,40~44세,24466
2017,3,11410,10,45~49세,28280
2017,3,11410,11,50~54세,25070
2017,3,11410,12,55~59세,25549
2017,3,11410,13,60~64세,20065
2017,3,11410,14,65~69세,14795
2017,3,11410,15,70~74세,12854
2017,3,11410,16,75~79세,11007
2017,3,11410,17,80~84세,6216
2017,3,11410,18,85~89세,2655
2017,3,11410,19,90~94세,945
2017,3,11410,20,95~99세,293
2017,3,11410,21,100세 이상,220
2017,3,11440,1,0~4세,15008
2017,3,11440,2,5~9세,14886
2017,3,11440,3,10~14세,14623
2017,3,11440,4,15~19세,17973
2017,3,11440,5,20~24세,28737
2017,3,11440,6,25~29세,34361
2017,3,11440,7,30~34세,35390
2017,3,11440,8,35~39세,35375
2017,3,11440,9,40~44세,32886
2017,3,11440,10,45~49세,33633
2017,3,11440,11,50~54세,27401
2017,3,11440,12,55~59세,27131
2017,3,11440,13,60~64세,20936
2017,3,11440,14,65~69세,15323
2017,3,11440,15,70~74세,12919
2017,3,11440,16,75~79세,10609
2017,3,11440,17,80~84세,6270
2017,3,11440,18,85~89세,2764
2017,3,11440,19,90~94세,944
2017,3,11440,20,95~99세,330
2017,3,11440,21,100세 이상,277
2017,3,11470,1,0~4세,16470
2017,3,11470,2,5~9세,20964
2017,3,11470,3,10~14세,25370
2017,3,11470,4,15~19세,32580
2017,3,11470,5,20~24세,33565
2017,3,11470,6,25~29세,30431
2017,3,11470,7,30~34세,30788
2017,3,11470,8,35~39세,35978
2017,3,11470,9,40~44세,39176
2017,3,11470,10,45~49세,47867
2017,3,11470,11,50~54세,40766
2017,3,11470,12,55~59세,38694
2017,3,11470,13,60~64세,29380
2017,3,11470,14,65~69세,20081
2017,3,11470,15,70~74세,13970
2017,3,11470,16,75~79세,10106
2017,3,11470,17,80~84세,5995
2017,3,11470,18,85~89세,2982
2017,3,11470,19,90~94세,1036
2017,3,11470,20,95~99세,275
2017,3,11470,21,100세 이상,153
2017,3,11500,1,0~4세,25786
2017,3,11500,2,5~9세,24263
2017,3,11500,3,10~14세,22968
2017,3,11500,4,15~19세,29287
2017,3,11500,5,20~24세,39685
2017,3,11500,6,25~29세,49003
2017,3,11500,7,30~34세,53775
2017,3,11500,8,35~39세,56479
2017,3,11500,9,40~44세,48662
2017,3,11500,10,45~49세,49071
2017,3,11500,11,50~54세,44399
2017,3,11500,12,55~59세,49533
2017,3,11500,13,60~64세,39920
2017,3,11500,14,65~69세,27574
2017,3,11500,15,70~74세,19364
2017,3,11500,16,75~79세,13986
2017,3,11500,17,80~84세,7963
2017,3,11500,18,85~89세,4106
2017,3,11500,19,90~94세,1475
2017,3,11500,20,95~99세,389
2017,3,11500,21,100세 이상,189
2017,3,11530,1,0~4세,18495
2017,3,11530,2,5~9세,18123
2017,3,11530,3,10~14세,15481
2017,3,11530,4,15~19세,19424
2017,3,11530,5,20~24세,26577
2017,3,11530,6,25~29세,32166
2017,3,11530,7,30~34세,36025
2017,3,11530,8,35~39세,39921
2017,3,11530,9,40~44세,36098
2017,3,11530,10,45~49세,37866
2017,3,11530,11,50~54세,35917
2017,3,11530,12,55~59세,38523
2017,3,11530,13,60~64세,30412
2017,3,11530,14,65~69세,21341
2017,3,11530,15,70~74세,15747
2017,3,11530,16,75~79세,11483
2017,3,11530,17,80~84세,5950
2017,3,11530,18,85~89세,2497
2017,3,11530,19,90~94세,867
2017,3,11530,20,95~99세,227
2017,3,11530,21,100세 이상,148
2017,3,11545,1,0~4세,8657
2017,3,11545,2,5~9세,8187
2017,3,11545,3,10~14세,7857
2017,3,11545,4,15~19세,11005
2017,3,11545,5,20~24세,16231
2017,3,11545,6,25~29세,20204
2017,3,11545,7,30~34세,20369
2017,3,11545,8,35~39세,20069
2017,3,11545,9,40~44세,18891
2017,3,11545,10,45~49세,22884
2017,3,11545,11,50~54세,23671
2017,3,11545,12,55~59세,24272
2017,3,11545,13,60~64세,17531
2017,3,11545,14,65~69세,12305
2017,3,11545,15,70~74세,9121
2017,3,11545,16,75~79세,6744
2017,3,11545,17,80~84세,3377
2017,3,11545,18,85~89세,1475
2017,3,11545,19,90~94세,491
2017,3,11545,20,95~99세,165
2017,3,11545,21,100세 이상,140
2017,3,11560,1,0~4세,15878
2017,3,11560,2,5~9세,13988
2017,3,11560,3,10~14세,12410
2017,3,11560,4,15~19세,16270
2017,3,11560,5,20~24세,23700
2017,3,11560,6,25~29세,33618
2017,3,11560,7,30~34세,36550
2017,3,11560,8,35~39세,35381
2017,3,11560,9,40~44세,31334
2017,3,11560,10,45~49세,34764
2017,3,11560,11,50~54세,33611
2017,3,11560,12,55~59세,34768
2017,3,11560,13,60~64세,26016
2017,3,11560,14,65~69세,18563
2017,3,11560,15,70~74세,13915
2017,3,11560,16,75~79세,10783
2017,3,11560,17,80~84세,6269
2017,3,11560,18,85~89세,2603
2017,3,11560,19,90~94세,967
2017,3,11560,20,95~99세,286
2017,3,11560,21,100세 이상,234
2017,3,11590,1,0~4세,15107
2017,3,11590,2,5~9세,15044
2017,3,11590,3,10~14세,14072
2017,3,11590,4,15~19세,18617
2017,3,11590,5,20~24세,31880
2017,3,11590,6,25~29세,36793
2017,3,11590,7,30~34세,34931
2017,3,11590,8,35~39세,35048
2017,3,11590,9,40~44세,31544
2017,3,11590,10,45~49세,33015
2017,3,11590,11,50~54세,29886
2017,3,11590,12,55~59세,32172
2017,3,11590,13,60~64세,25692
2017,3,11590,14,65~69세,19175
2017,3,11590,15,70~74세,15180
2017,3,11590,16,75~79세,11660
2017,3,11590,17,80~84세,6406
2017,3,11590,18,85~89세,2891
2017,3,11590,19,90~94세,1036
2017,3,11590,20,95~99세,310
2017,3,11590,21,100세 이상,244
2017,3,11620,1,0~4세,16008
2017,3,11620,2,5~9세,15235
2017,3,11620,3,10~14세,14812
2017,3,11620,4,15~19세,20738
2017,3,11620,5,20~24세,41361
2017,3,11620,6,25~29세,61940
2017,3,11620,7,30~34세,51626
2017,3,11620,8,35~39세,45374
2017,3,11620,9,40~44세,38473
2017,3,11620,10,45~49세,40268
2017,3,11620,11,50~54세,36578
2017,3,11620,12,55~59세,39267
2017,3,11620,13,60~64세,31683
2017,3,11620,14,65~69세,24783
2017,3,11620,15,70~74세,19194
2017,3,11620,16,75~79세,14220
2017,3,11620,17,80~84세,6787
2017,3,11620,18,85~89세,2891
2017,3,11620,19,90~94세,1043
2017,3,11620,20,95~99세,292
2017,3,11620,21,100세 이상,276
2017,3,11650,1,0~4세,17925
2017,3,11650,2,5~9세,22436
2017,3,11650,3,10~14세,22666
2017,3,11650,4,15~19세,25806
2017,3,11650,5,20~24세,27844
2017,3,11650,6,25~29세,31721
2017,3,11650,7,30~34세,34446
2017,3,11650,8,35~39세,39543
2017,3,11650,9,40~44세,40261
2017,3,11650,10,45~49세,42391
2017,3,11650,11,50~54세,32369
2017,3,11650,12,55~59세,30949
2017,3,11650,13,60~64세,26082
2017,3,11650,14,65~69세,18897
2017,3,11650,15,70~74세,14421
2017,3,11650,16,75~79세,9632
2017,3,11650,17,80~84세,5329
2017,3,11650,18,85~89세,2750
2017,3,11650,19,90~94세,1200
2017,3,11650,20,95~99세,323
2017,3,11650,21,100세 이상,186
2017,3,11680,1,0~4세,18971
2017,3,11680,2,5~9세,23312
2017,3,11680,3,10~14세,27034
2017,3,11680,4,15~19세,36717
2017,3,11680,5,20~24세,38331
2017,3,11680,6,25~29세,43343
2017,3,11680,7,30~34세,45618
2017,3,11680,8,35~39세,49476
2017,3,11680,9,40~44세,47757
2017,3,11680,10,45~49세,55540
2017,3,11680,11,50~54세,43468
2017,3,11680,12,55~59세,38662
2017,3,11680,13,60~64세,32923
2017,3,11680,14,65~69세,23717
2017,3,11680,15,70~74세,17490
2017,3,11680,16,75~79세,11447
2017,3,11680,17,80~84세,6358
2017,3,11680,18,85~89세,3418
2017,3,11680,19,90~94세,1464
2017,3,11680,20,95~99세,455
2017,3,11680,21,100세 이상,230
2017,3,11710,1,0~4세,26733
2017,3,11710,2,5~9세,29010
2017,3,11710,3,10~14세,29268
2017,3,11710,4,15~19세,36674
2017,3,11710,5,20~24세,43986
2017,3,11710,6,25~29세,50788
2017,3,11710,7,30~34세,56275
2017,3,11710,8,35~39세,59741
2017,3,11710,9,40~44세,54200
2017,3,11710,10,45~49세,59137
2017,3,11710,11,50~54세,51313
2017,3,11710,12,55~59세,53093
2017,3,11710,13,60~64세,42847
2017,3,11710,14,65~69세,28784
2017,3,11710,15,70~74세,19690
2017,3,11710,16,75~79세,13122
2017,3,11710,17,80~84세,7685
2017,3,11710,18,85~89세,3827
2017,3,11710,19,90~94세,1573
2017,3,11710,20,95~99세,399
2017,3,11710,21,100세 이상,221
2017,3,11740,1,0~4세,16758
2017,3,11740,2,5~9세,18099
2017,3,11740,3,10~14세,18196
2017,3,11740,4,15~19세,23957
2017,3,11740,5,20~24세,29401
2017,3,11740,6,25~29세,32304
2017,3,11740,7,30~34세,33857
2017,3,11740,8,35~39세,38301
2017,3,11740,9,40~44세,34691
2017,3,11740,10,45~49세,38596
2017,3,11740,11,50~54세,35643
2017,3,11740,12,55~59세,39553
2017,3,11740,13,60~64세,31502
2017,3,11740,14,65~69세,21371
2017,3,11740,15,70~74세,14562
2017,3,11740,16,75~79세,9842
2017,3,11740,17,80~84세,5567
2017,3,11740,18,85~89세,2919
2017,3,11740,19,90~94세,1141
2017,3,11740,20,95~99세,294
2017,3,11740,21,100세 이상,206
2017,4,11110,1,0~4세,4277
2017,4,11110,2,5~9세,5032
2017,4,11110,3,10~14세,5509
2017,4,11110,4,15~19세,8418
2017,4,11110,5,20~24세,14429
2017,4,11110,6,25~29세,13590
2017,4,11110,7,30~34세,11486
2017,4,11110,8,35~39세,11431
2017,4,11110,9,40~44세,11637
2017,4,11110,10,45~49세,14535
2017,4,11110,11,50~54세,13398
2017,4,11110,12,55~59세,13608
2017,4,11110,13,60~64세,10725
2017,4,11110,14,65~69세,7662
2017,4,11110,15,70~74세,6605
2017,4,11110,16,75~79세,5872
2017,4,11110,17,80~84세,3329
2017,4,11110,18,85~89세,1612
2017,4,11110,19,90~94세,626
2017,4,11110,20,95~99세,250
2017,4,11110,21,100세 이상,226
2017,4,11140,1,0~4세,4426
2017,4,11140,2,5~9세,4002
2017,4,11140,3,10~14세,3544
2017,4,11140,4,15~19세,5229
2017,4,11140,5,20~24세,9432
2017,4,11140,6,25~29세,11294
2017,4,11140,7,30~34세,10933
2017,4,11140,8,35~39세,11129
2017,4,11140,9,40~44세,9819
2017,4,11140,10,45~49세,11296
2017,4,11140,11,50~54세,10811
2017,4,11140,12,55~59세,11779
2017,4,11140,13,60~64세,9515
2017,4,11140,14,65~69세,6674
2017,4,11140,15,70~74세,5341
2017,4,11140,16,75~79세,4576
2017,4,11140,17,80~84세,2635
2017,4,11140,18,85~89세,1321
2017,4,11140,19,90~94세,508
2017,4,11140,20,95~99세,163
2017,4,11140,21,100세 이상,166
2017,4,11170,1,0~4세,8252
2017,4,11170,2,5~9세,8562
2017,4,11170,3,10~14세,8426
2017,4,11170,4,15~19세,10651
2017,4,11170,5,20~24세,15042
2017,4,11170,6,25~29세,19675
2017,4,11170,7,30~34세,20632
2017,4,11170,8,35~39세,21486
2017,4,11170,9,40~44세,19459
2017,4,11170,10,45~49세,22058
2017,4,11170,11,50~54세,18685
2017,4,11170,12,55~59세,19099
2017,4,11170,13,60~64세,15535
2017,4,11170,14,65~69세,10990
2017,4,11170,15,70~74세,9014
2017,4,11170,16,75~79세,8005
2017,4,11170,17,80~84세,4895
2017,4,11170,18,85~89세,2395
2017,4,11170,19,90~94세,957
2017,4,11170,20,95~99세,312
2017,4,11170,21,100세 이상,314
2017,4,11200,1,0~4세,12661
2017,4,11200,2,5~9세,11113
2017,4,11200,3,10~14세,10355
2017,4,11200,4,15~19세,13870
2017,4,11200,5,20~24세,22749
2017,4,11200,6,25~29세,26099
2017,4,11200,7,30~34세,26026
2017,4,11200,8,35~39세,27863
2017,4,11200,9,40~44세,24488
2017,4,11200,10,45~49세,26796
2017,4,11200,11,50~54세,24345
2017,4,11200,12,55~59세,25594
2017,4,11200,13,60~64세,19479
2017,4,11200,14,65~69세,13397
2017,4,11200,15,70~74세,10895
2017,4,11200,16,75~79세,8828
2017,4,11200,17,80~84세,4907
2017,4,11200,18,85~89세,2098
2017,4,11200,19,90~94세,698
2017,4,11200,20,95~99세,232
2017,4,11200,21,100세 이상,218
2017,4,11215,1,0~4세,12351
2017,4,11215,2,5~9세,12577
2017,4,11215,3,10~14세,13387
2017,4,11215,4,15~19세,18322
2017,4,11215,5,20~24세,30249
2017,4,11215,6,25~29세,35398
2017,4,11215,7,30~34세,32573
2017,4,11215,8,35~39세,30951
2017,4,11215,9,40~44세,28211
2017,4,11215,10,45~49세,32203
2017,4,11215,11,50~54세,29380
2017,4,11215,12,55~59세,30173
2017,4,11215,13,60~64세,22570
2017,4,11215,14,65~69세,15181
2017,4,11215,15,70~74세,11602
2017,4,11215,16,75~79세,8995
2017,4,11215,17,80~84세,4794
2017,4,11215,18,85~89세,2184
2017,4,11215,19,90~94세,767
2017,4,11215,20,95~99세,253
2017,4,11215,21,100세 이상,177
2017,4,11230,1,0~4세,11776
2017,4,11230,2,5~9세,12329
2017,4,11230,3,10~14세,12034
2017,4,11230,4,15~19세,17530
2017,4,11230,5,20~24세,31449
2017,4,11230,6,25~29세,30960
2017,4,11230,7,30~34세,26567
2017,4,11230,8,35~39세,28547
2017,4,11230,9,40~44세,26851
2017,4,11230,10,45~49세,30122
2017,4,11230,11,50~54세,27436
2017,4,11230,12,55~59세,29941
2017,4,11230,13,60~64세,24751
2017,4,11230,14,65~69세,17998
2017,4,11230,15,70~74세,14805
2017,4,11230,16,75~79세,12158
2017,4,11230,17,80~84세,6470
2017,4,11230,18,85~89세,2729
2017,4,11230,19,90~94세,995
2017,4,11230,20,95~99세,317
2017,4,11230,21,100세 이상,246
2017,4,11260,1,0~4세,14242
2017,4,11260,2,5~9세,14084
2017,4,11260,3,10~14세,13697
2017,4,11260,4,15~19세,19016
2017,4,11260,5,20~24세,27907
2017,4,11260,6,25~29세,31385
2017,4,11260,7,30~34세,31193
2017,4,11260,8,35~39세,33341
2017,4,11260,9,40~44세,29867
2017,4,11260,10,45~49세,35613
2017,4,11260,11,50~54세,34901
2017,4,11260,12,55~59세,38372
2017,4,11260,13,60~64세,29900
2017,4,11260,14,65~69세,20768
2017,4,11260,15,70~74세,15774
2017,4,11260,16,75~79세,12185
2017,4,11260,17,80~84세,6332
2017,4,11260,18,85~89세,2788
2017,4,11260,19,90~94세,970
2017,4,11260,20,95~99세,280
2017,4,11260,21,100세 이상,165
2017,4,11290,1,0~4세,15633
2017,4,11290,2,5~9세,18321
2017,4,11290,3,10~14세,18836
2017,4,11290,4,15~19세,24232
2017,4,11290,5,20~24세,35952
2017,4,11290,6,25~29세,34015
2017,4,11290,7,30~34세,30891
2017,4,11290,8,35~39세,35240
2017,4,11290,9,40~44세,36585
2017,4,11290,10,45~49세,41248
2017,4,11290,11,50~54세,34139
2017,4,11290,12,55~59세,35191
2017,4,11290,13,60~64세,28873
2017,4,11290,14,65~69세,21052
2017,4,11290,15,70~74세,17386
2017,4,11290,16,75~79세,14604
2017,4,11290,17,80~84세,7847
2017,4,11290,18,85~89세,3479
2017,4,11290,19,90~94세,1197
2017,4,11290,20,95~99세,373
2017,4,11290,21,100세 이상,313
2017,4,11305,1,0~4세,9699
2017,4,11305,2,5~9세,10886
2017,4,11305,3,10~14세,11304
2017,4,11305,4,15~19세,15622
2017,4,11305,5,20~24세,22138
2017,4,11305,6,25~29세,22863
2017,4,11305,7,30~34세,21437
2017,4,11305,8,35~39세,24736
2017,4,11305,9,40~44세,24774
2017,4,11305,10,45~49세,29044
2017,4,11305,11,50~54세,26273
2017,4,11305,12,55~59세,28864
2017,4,11305,13,60~64세,23832
2017,4,11305,14,65~69세,18428
2017,4,11305,15,70~74세,15345
2017,4,11305,16,75~79세,12535
2017,4,11305,17,80~84세,6257
2017,4,11305,18,85~89세,2562
2017,4,11305,19,90~94세,907
2017,4,11305,20,95~99세,278
2017,4,11305,21,100세 이상,218
2017,4,11320,1,0~4세,11115
2017,4,11320,2,5~9세,12515
2017,4,11320,3,10~14세,13353
2017,4,11320,4,15~19세,18399
2017,4,11320,5,20~24세,23926
2017,4,11320,6,25~29세,23673
2017,4,11320,7,30~34세,22188
2017,4,11320,8,35~39세,25224
2017,4,11320,9,40~44세,25488
2017,4,11320,10,45~49세,30861
2017,4,11320,11,50~54세,28553
2017,4,11320,12,55~59세,31712
2017,4,11320,13,60~64세,25739
2017,4,11320,14,65~69세,17622
2017,4,11320,15,70~74세,13713
2017,4,11320,16,75~79세,11511
2017,4,11320,17,80~84세,6236
2017,4,11320,18,85~89세,2973
2017,4,11320,19,90~94세,1043
2017,4,11320,20,95~99세,249
2017,4,11320,21,100세 이상,141
2017,4,11350,1,0~4세,19054
2017,4,11350,2,5~9세,22289
2017,4,11350,3,10~14세,27109
2017,4,11350,4,15~19세,37188
2017,4,11350,5,20~24세,42380
2017,4,11350,6,25~29세,35805
2017,4,11350,7,30~34세,34419
2017,4,11350,8,35~39세,41006
2017,4,11350,9,40~44세,44544
2017,4,11350,10,45~49세,54348
2017,4,11350,11,50~54세,45151
2017,4,11350,12,55~59세,45015
2017,4,11350,13,60~64세,35524
2017,4,11350,14,65~69세,24338
2017,4,11350,15,70~74세,18450
2017,4,11350,16,75~79세,15724
2017,4,11350,17,80~84세,9207
2017,4,11350,18,85~89세,4360
2017,4,11350,19,90~94세,1504
2017,4,11350,20,95~99세,421
2017,4,11350,21,100세 이상,239
2017,4,11380,1,0~4세,16746
2017,4,11380,2,5~9세,18882
2017,4,11380,3,10~14세,19681
2017,4,11380,4,15~19세,25514
2017,4,11380,5,20~24세,32040
2017,4,11380,6,25~29세,34086
2017,4,11380,7,30~34세,34122
2017,4,11380,8,35~39세,40175
2017,4,11380,9,40~44세,39875
2017,4,11380,10,45~49세,44116
2017,4,11380,11,50~54세,37954
2017,4,11380,12,55~59세,40468
2017,4,11380,13,60~64세,32984
2017,4,11380,14,65~69세,24228
2017,4,11380,15,70~74세,19811
2017,4,11380,16,75~79세,16145
2017,4,11380,17,80~84세,8650
2017,4,11380,18,85~89세,3673
2017,4,11380,19,90~94세,1333
2017,4,11380,20,95~99세,350
2017,4,11380,21,100세 이상,369
2017,4,11410,1,0~4세,10933
2017,4,11410,2,5~9세,11194
2017,4,11410,3,10~14세,11695
2017,4,11410,4,15~19세,16349
2017,4,11410,5,20~24세,27275
2017,4,11410,6,25~29세,27098
2017,4,11410,7,30~34세,23299
2017,4,11410,8,35~39세,24721
2017,4,11410,9,40~44세,24195
2017,4,11410,10,45~49세,28181
2017,4,11410,11,50~54세,24890
2017,4,11410,12,55~59세,25617
2017,4,11410,13,60~64세,20315
2017,4,11410,14,65~69세,14736
2017,4,11410,15,70~74세,12778
2017,4,11410,16,75~79세,11183
2017,4,11410,17,80~84세,6338
2017,4,11410,18,85~89세,2712
2017,4,11410,19,90~94세,1002
2017,4,11410,20,95~99세,290
2017,4,11410,21,100세 이상,227
2017,4,11440,1,0~4세,14687
2017,4,11440,2,5~9세,14759
2017,4,11440,3,10~14세,14670
2017,4,11440,4,15~19세,17663
2017,4,11440,5,20~24세,28163
2017,4,11440,6,25~29세,34428
2017,4,11440,7,30~34세,34831
2017,4,11440,8,35~39세,35091
2017,4,11440,9,40~44세,32619
2017,4,11440,10,45~49세,33667
2017,4,11440,11,50~54세,27276
2017,4,11440,12,55~59세,27183
2017,4,11440,13,60~64세,21131
2017,4,11440,14,65~69세,15222
2017,4,11440,15,70~74세,12833
2017,4,11440,16,75~79세,10852
2017,4,11440,17,80~84세,6309
2017,4,11440,18,85~89세,2830
2017,4,11440,19,90~94세,949
2017,4,11440,20,95~99세,343
2017,4,11440,21,100세 이상,277
2017,4,11470,1,0~4세,16103
2017,4,11470,2,5~9세,20879
2017,4,11470,3,10~14세,25380
2017,4,11470,4,15~19세,32048
2017,4,11470,5,20~24세,33231
2017,4,11470,6,25~29세,30554
2017,4,11470,7,30~34세,30219
2017,4,11470,8,35~39세,35642
2017,4,11470,9,40~44세,38891
2017,4,11470,10,45~49세,47743
2017,4,11470,11,50~54세,40394
2017,4,11470,12,55~59세,38958
2017,4,11470,13,60~64세,29742
2017,4,11470,14,65~69세,20254
2017,4,11470,15,70~74세,13973
2017,4,11470,16,75~79세,10367
2017,4,11470,17,80~84세,6096
2017,4,11470,18,85~89세,3038
2017,4,11470,19,90~94세,1055
2017,4,11470,20,95~99세,300
2017,4,11470,21,100세 이상,151
2017,4,11500,1,0~4세,25348
2017,4,11500,2,5~9세,24249
2017,4,11500,3,10~14세,23001
2017,4,11500,4,15~19세,28873
2017,4,11500,5,20~24세,39187
2017,4,11500,6,25~29세,49661
2017,4,11500,7,30~34세,53262
2017,4,11500,8,35~39세,56620
2017,4,11500,9,40~44세,48599
2017,4,11500,10,45~49세,49226
2017,4,11500,11,50~54세,44003
2017,4,11500,12,55~59세,49742
2017,4,11500,13,60~64세,40452
2017,4,11500,14,65~69세,27811
2017,4,11500,15,70~74세,19541
2017,4,11500,16,75~79세,14324
2017,4,11500,17,80~84세,8075
2017,4,11500,18,85~89세,4166
2017,4,11500,19,90~94세,1520
2017,4,11500,20,95~99세,400
2017,4,11500,21,100세 이상,195
2017,4,11530,1,0~4세,18086
2017,4,11530,2,5~9세,17914
2017,4,11530,3,10~14세,15540
2017,4,11530,4,15~19세,19048
2017,4,11530,5,20~24세,26267
2017,4,11530,6,25~29세,32262
2017,4,11530,7,30~34세,35232
2017,4,11530,8,35~39세,39432
2017,4,11530,9,40~44세,35924
2017,4,11530,10,45~49세,38106
2017,4,11530,11,50~54세,35896
2017,4,11530,12,55~59세,38624
2017,4,11530,13,60~64세,30434
2017,4,11530,14,65~69세,21327
2017,4,11530,15,70~74세,15819
2017,4,11530,16,75~79세,11743
2017,4,11530,17,80~84세,6074
2017,4,11530,18,85~89세,2553
2017,4,11530,19,90~94세,897
2017,4,11530,20,95~99세,231
2017,4,11530,21,100세 이상,150
2017,4,11545,1,0~4세,8593
2017,4,11545,2,5~9세,8147
2017,4,11545,3,10~14세,7784
2017,4,11545,4,15~19세,10772
2017,4,11545,5,20~24세,16014
2017,4,11545,6,25~29세,20423
2017,4,11545,7,30~34세,20234
2017,4,11545,8,35~39세,19915
2017,4,11545,9,40~44세,18808
2017,4,11545,10,45~49세,22911
2017,4,11545,11,50~54세,23509
2017,4,11545,12,55~59세,24546
2017,4,11545,13,60~64세,17665
2017,4,11545,14,65~69세,12321
2017,4,11545,15,70~74세,9118
2017,4,11545,16,75~79세,6989
2017,4,11545,17,80~84세,3425
2017,4,11545,18,85~89세,1523
2017,4,11545,19,90~94세,486
2017,4,11545,20,95~99세,167
2017,4,11545,21,100세 이상,141
2017,4,11560,1,0~4세,15704
2017,4,11560,2,5~9세,13889
2017,4,11560,3,10~14세,12457
2017,4,11560,4,15~19세,15891
2017,4,11560,5,20~24세,23481
2017,4,11560,6,25~29세,33896
2017,4,11560,7,30~34세,36552
2017,4,11560,8,35~39세,35364
2017,4,11560,9,40~44세,31334
2017,4,11560,10,45~49세,34853
2017,4,11560,11,50~54세,33569
2017,4,11560,12,55~59세,34978
2017,4,11560,13,60~64세,26075
2017,4,11560,14,65~69세,18477
2017,4,11560,15,70~74세,13902
2017,4,11560,16,75~79세,11033
2017,4,11560,17,80~84세,6388
2017,4,11560,18,85~89세,2671
2017,4,11560,19,90~94세,975
2017,4,11560,20,95~99세,301
2017,4,11560,21,100세 이상,234
2017,4,11590,1,0~4세,14807
2017,4,11590,2,5~9세,14890
2017,4,11590,3,10~14세,14038
2017,4,11590,4,15~19세,18331
2017,4,11590,5,20~24세,31301
2017,4,11590,6,25~29세,36702
2017,4,11590,7,30~34세,34280
2017,4,11590,8,35~39세,34723
2017,4,11590,9,40~44세,31410
2017,4,11590,10,45~49세,32975
2017,4,11590,11,50~54세,29726
2017,4,11590,12,55~59세,32170
2017,4,11590,13,60~64세,25885
2017,4,11590,14,65~69세,19086
2017,4,11590,15,70~74세,15136
2017,4,11590,16,75~79세,11954
2017,4,11590,17,80~84세,6516
2017,4,11590,18,85~89세,2939
2017,4,11590,19,90~94세,1063
2017,4,11590,20,95~99세,315
2017,4,11590,21,100세 이상,246
2017,4,11620,1,0~4세,15538
2017,4,11620,2,5~9세,15038
2017,4,11620,3,10~14세,14749
2017,4,11620,4,15~19세,20082
2017,4,11620,5,20~24세,40833
2017,4,11620,6,25~29세,62559
2017,4,11620,7,30~34세,51095
2017,4,11620,8,35~39세,45045
2017,4,11620,9,40~44세,38201
2017,4,11620,10,45~49세,40195
2017,4,11620,11,50~54세,36349
2017,4,11620,12,55~59세,39313
2017,4,11620,13,60~64세,31886
2017,4,11620,14,65~69세,24753
2017,4,11620,15,70~74세,19114
2017,4,11620,16,75~79세,14665
2017,4,11620,17,80~84세,6928
2017,4,11620,18,85~89세,2959
2017,4,11620,19,90~94세,1054
2017,4,11620,20,95~99세,300
2017,4,11620,21,100세 이상,273
2017,4,11650,1,0~4세,17417
2017,4,11650,2,5~9세,22360
2017,4,11650,3,10~14세,22771
2017,4,11650,4,15~19세,25470
2017,4,11650,5,20~24세,27414
2017,4,11650,6,25~29세,31819
2017,4,11650,7,30~34세,33723
2017,4,11650,8,35~39세,39061
2017,4,11650,9,40~44세,40042
2017,4,11650,10,45~49세,42631
2017,4,11650,11,50~54세,32349
2017,4,11650,12,55~59세,30876
2017,4,11650,13,60~64세,26263
2017,4,11650,14,65~69세,18901
2017,4,11650,15,70~74세,14518
2017,4,11650,16,75~79세,9825
2017,4,11650,17,80~84세,5477
2017,4,11650,18,85~89세,2754
2017,4,11650,19,90~94세,1227
2017,4,11650,20,95~99세,322
2017,4,11650,21,100세 이상,181
2017,4,11680,1,0~4세,18374
2017,4,11680,2,5~9세,23210
2017,4,11680,3,10~14세,27231
2017,4,11680,4,15~19세,35880
2017,4,11680,5,20~24세,37714
2017,4,11680,6,25~29세,43060
2017,4,11680,7,30~34세,44424
2017,4,11680,8,35~39세,48713
2017,4,11680,9,40~44세,47556
2017,4,11680,10,45~49세,55328
2017,4,11680,11,50~54세,43257
2017,4,11680,12,55~59세,38360
2017,4,11680,13,60~64세,32885
2017,4,11680,14,65~69세,23751
2017,4,11680,15,70~74세,17572
2017,4,11680,16,75~79세,11706
2017,4,11680,17,80~84세,6407
2017,4,11680,18,85~89세,3463
2017,4,11680,19,90~94세,1480
2017,4,11680,20,95~99세,447
2017,4,11680,21,100세 이상,234
2017,4,11710,1,0~4세,26782
2017,4,11710,2,5~9세,28968
2017,4,11710,3,10~14세,29447
2017,4,11710,4,15~19세,36206
2017,4,11710,5,20~24세,43833
2017,4,11710,6,25~29세,51333
2017,4,11710,7,30~34세,55827
2017,4,11710,8,35~39세,60112
2017,4,11710,9,40~44세,54361
2017,4,11710,10,45~49세,59307
2017,4,11710,11,50~54세,51362
2017,4,11710,12,55~59세,53361
2017,4,11710,13,60~64세,43692
2017,4,11710,14,65~69세,29171
2017,4,11710,15,70~74세,19972
2017,4,11710,16,75~79세,13483
2017,4,11710,17,80~84세,7781
2017,4,11710,18,85~89세,3917
2017,4,11710,19,90~94세,1607
2017,4,11710,20,95~99세,425
2017,4,11710,21,100세 이상,226
2017,4,11740,1,0~4세,16244
2017,4,11740,2,5~9세,17839
2017,4,11740,3,10~14세,18062
2017,4,11740,4,15~19세,23282
2017,4,11740,5,20~24세,28460
2017,4,11740,6,25~29세,32038
2017,4,11740,7,30~34세,32974
2017,4,11740,8,35~39세,37645
2017,4,11740,9,40~44세,34323
2017,4,11740,10,45~49세,38089
2017,4,11740,11,50~54세,34848
2017,4,11740,12,55~59세,39055
2017,4,11740,13,60~64세,31339
2017,4,11740,14,65~69세,21328
2017,4,11740,15,70~74세,14520
2017,4,11740,16,75~79세,10132
2017,4,11740,17,80~84세,5615
2017,4,11740,18,85~89세,2929
2017,4,11740,19,90~94세,1128
2017,4,11740,20,95~99세,302
2017,4,11740,21,100세 이상,207
2018,1,11110,1,0~4세,4167
2018,1,11110,2,5~9세,5005
2018,1,11110,3,10~14세,5490
2018,1,11110,4,15~19세,8063
2018,1,11110,5,20~24세,14755
2018,1,11110,6,25~29세,13774
2018,1,11110,7,30~34세,11414
2018,1,11110,8,35~39세,11464
2018,1,11110,9,40~44세,11447
2018,1,11110,10,45~49세,14390
2018,1,11110,11,50~54세,13361
2018,1,11110,12,55~59세,13716
2018,1,11110,13,60~64세,10873
2018,1,11110,14,65~69세,7710
2018,1,11110,15,70~74세,6609
2018,1,11110,16,75~79세,5983
2018,1,11110,17,80~84세,3380
2018,1,11110,18,85~89세,1623
2018,1,11110,19,90~94세,641
2018,1,11110,20,95~99세,255
2018,1,11110,21,100세 이상,228
2018,1,11140,1,0~4세,4308
2018,1,11140,2,5~9세,3960
2018,1,11140,3,10~14세,3530
2018,1,11140,4,15~19세,5040
2018,1,11140,5,20~24세,9554
2018,1,11140,6,25~29세,11318
2018,1,11140,7,30~34세,11008
2018,1,11140,8,35~39세,11275
2018,1,11140,9,40~44세,9683
2018,1,11140,10,45~49세,11261
2018,1,11140,11,50~54세,10818
2018,1,11140,12,55~59세,11952
2018,1,11140,13,60~64세,9777
2018,1,11140,14,65~69세,6709
2018,1,11140,15,70~74세,5396
2018,1,11140,16,75~79세,4643
2018,1,11140,17,80~84세,2684
2018,1,11140,18,85~89세,1362
2018,1,11140,19,90~94세,517
2018,1,11140,20,95~99세,177
2018,1,11140,21,100세 이상,167
2018,1,11170,1,0~4세,8007
2018,1,11170,2,5~9세,8526
2018,1,11170,3,10~14세,8311
2018,1,11170,4,15~19세,10548
2018,1,11170,5,20~24세,15124
2018,1,11170,6,25~29세,19887
2018,1,11170,7,30~34세,20771
2018,1,11170,8,35~39세,21651
2018,1,11170,9,40~44세,19344
2018,1,11170,10,45~49세,22006
2018,1,11170,11,50~54세,18856
2018,1,11170,12,55~59세,19310
2018,1,11170,13,60~64세,15832
2018,1,11170,14,65~69세,11027
2018,1,11170,15,70~74세,8999
2018,1,11170,16,75~79세,8103
2018,1,11170,17,80~84세,5057
2018,1,11170,18,85~89세,2407
2018,1,11170,19,90~94세,978
2018,1,11170,20,95~99세,348
2018,1,11170,21,100세 이상,319
2018,1,11200,1,0~4세,12587
2018,1,11200,2,5~9세,11083
2018,1,11200,3,10~14세,10360
2018,1,11200,4,15~19세,13761
2018,1,11200,5,20~24세,22927
2018,1,11200,6,25~29세,26347
2018,1,11200,7,30~34세,26052
2018,1,11200,8,35~39세,28172
2018,1,11200,9,40~44세,24223
2018,1,11200,10,45~49세,26892
2018,1,11200,11,50~54세,24594
2018,1,11200,12,55~59세,25808
2018,1,11200,13,60~64세,19993
2018,1,11200,14,65~69세,13476
2018,1,11200,15,70~74세,10954
2018,1,11200,16,75~79세,8984
2018,1,11200,17,80~84세,5024
2018,1,11200,18,85~89세,2137
2018,1,11200,19,90~94세,728
2018,1,11200,20,95~99세,226
2018,1,11200,21,100세 이상,223
2018,1,11215,1,0~4세,12046
2018,1,11215,2,5~9세,12444
2018,1,11215,3,10~14세,13326
2018,1,11215,4,15~19세,17628
2018,1,11215,5,20~24세,30183
2018,1,11215,6,25~29세,35649
2018,1,11215,7,30~34세,32267
2018,1,11215,8,35~39세,31145
2018,1,11215,9,40~44세,27823
2018,1,11215,10,45~49세,31897
2018,1,11215,11,50~54세,29272
2018,1,11215,12,55~59세,30458
2018,1,11215,13,60~64세,23063
2018,1,11215,14,65~69세,15252
2018,1,11215,15,70~74세,11691
2018,1,11215,16,75~79세,9153
2018,1,11215,17,80~84세,4946
2018,1,11215,18,85~89세,2189
2018,1,11215,19,90~94세,787
2018,1,11215,20,95~99세,275
2018,1,11215,21,100세 이상,177
2018,1,11230,1,0~4세,11409
2018,1,11230,2,5~9세,12142
2018,1,11230,3,10~14세,11904
2018,1,11230,4,15~19세,16616
2018,1,11230,5,20~24세,32125
2018,1,11230,6,25~29세,31175
2018,1,11230,7,30~34세,26116
2018,1,11230,8,35~39세,28577
2018,1,11230,9,40~44세,26314
2018,1,11230,10,45~49세,29950
2018,1,11230,11,50~54세,27420
2018,1,11230,12,55~59세,29851
2018,1,11230,13,60~64세,25079
2018,1,11230,14,65~69세,17995
2018,1,11230,15,70~74세,14864
2018,1,11230,16,75~79세,12357
2018,1,11230,17,80~84세,6696
2018,1,11230,18,85~89세,2792
2018,1,11230,19,90~94세,1000
2018,1,11230,20,95~99세,325
2018,1,11230,21,100세 이상,255
2018,1,11260,1,0~4세,13874
2018,1,11260,2,5~9세,13885
2018,1,11260,3,10~14세,13517
2018,1,11260,4,15~19세,18566
2018,1,11260,5,20~24세,27579
2018,1,11260,6,25~29세,31555
2018,1,11260,7,30~34세,30723
2018,1,11260,8,35~39세,33516
2018,1,11260,9,40~44세,29296
2018,1,11260,10,45~49세,35307
2018,1,11260,11,50~54세,34860
2018,1,11260,12,55~59세,38478
2018,1,11260,13,60~64세,30404
2018,1,11260,14,65~69세,20859
2018,1,11260,15,70~74세,15909
2018,1,11260,16,75~79세,12437
2018,1,11260,17,80~84세,6525
2018,1,11260,18,85~89세,2803
2018,1,11260,19,90~94세,994
2018,1,11260,20,95~99세,298
2018,1,11260,21,100세 이상,167
2018,1,11290,1,0~4세,15238
2018,1,11290,2,5~9세,18028
2018,1,11290,3,10~14세,18600
2018,1,11290,4,15~19세,23517
2018,1,11290,5,20~24세,36478
2018,1,11290,6,25~29세,34118
2018,1,11290,7,30~34세,30512
2018,1,11290,8,35~39세,35093
2018,1,11290,9,40~44세,35716
2018,1,11290,10,45~49세,41209
2018,1,11290,11,50~54세,34270
2018,1,11290,12,55~59세,35122
2018,1,11290,13,60~64세,29105
2018,1,11290,14,65~69세,21228
2018,1,11290,15,70~74세,17305
2018,1,11290,16,75~79세,14803
2018,1,11290,17,80~84세,8053
2018,1,11290,18,85~89세,3577
2018,1,11290,19,90~94세,1219
2018,1,11290,20,95~99세,392
2018,1,11290,21,100세 이상,319
2018,1,11305,1,0~4세,9401
2018,1,11305,2,5~9세,10764
2018,1,11305,3,10~14세,11177
2018,1,11305,4,15~19세,15403
2018,1,11305,5,20~24세,22175
2018,1,11305,6,25~29세,22947
2018,1,11305,7,30~34세,21154
2018,1,11305,8,35~39세,24755
2018,1,11305,9,40~44세,24243
2018,1,11305,10,45~49세,28879
2018,1,11305,11,50~54세,26465
2018,1,11305,12,55~59세,28954
2018,1,11305,13,60~64세,24192
2018,1,11305,14,65~69세,18345
2018,1,11305,15,70~74세,15328
2018,1,11305,16,75~79세,12845
2018,1,11305,17,80~84세,6440
2018,1,11305,18,85~89세,2603
2018,1,11305,19,90~94세,921
2018,1,11305,20,95~99세,296
2018,1,11305,21,100세 이상,224
2018,1,11320,1,0~4세,10841
2018,1,11320,2,5~9세,12391
2018,1,11320,3,10~14세,13125
2018,1,11320,4,15~19세,18043
2018,1,11320,5,20~24세,23539
2018,1,11320,6,25~29세,23754
2018,1,11320,7,30~34세,21801
2018,1,11320,8,35~39세,25326
2018,1,11320,9,40~44세,24904
2018,1,11320,10,45~49세,30629
2018,1,11320,11,50~54세,28578
2018,1,11320,12,55~59세,31627
2018,1,11320,13,60~64세,26190
2018,1,11320,14,65~69세,17762
2018,1,11320,15,70~74세,13845
2018,1,11320,16,75~79세,11721
2018,1,11320,17,80~84세,6430
2018,1,11320,18,85~89세,3050
2018,1,11320,19,90~94세,1058
2018,1,11320,20,95~99세,289
2018,1,11320,21,100세 이상,138
2018,1,11350,1,0~4세,18484
2018,1,11350,2,5~9세,21911
2018,1,11350,3,10~14세,26908
2018,1,11350,4,15~19세,36655
2018,1,11350,5,20~24세,42498
2018,1,11350,6,25~29세,35893
2018,1,11350,7,30~34세,33693
2018,1,11350,8,35~39세,40775
2018,1,11350,9,40~44세,43724
2018,1,11350,10,45~49세,53979
2018,1,11350,11,50~54세,44997
2018,1,11350,12,55~59세,45188
2018,1,11350,13,60~64세,36017
2018,1,11350,14,65~69세,24477
2018,1,11350,15,70~74세,18574
2018,1,11350,16,75~79세,15866
2018,1,11350,17,80~84세,9504
2018,1,11350,18,85~89세,4429
2018,1,11350,19,90~94세,1566
2018,1,11350,20,95~99세,425
2018,1,11350,21,100세 이상,240
2018,1,11380,1,0~4세,16307
2018,1,11380,2,5~9세,18609
2018,1,11380,3,10~14세,19464
2018,1,11380,4,15~19세,25150
2018,1,11380,5,20~24세,31788
2018,1,11380,6,25~29세,34429
2018,1,11380,7,30~34세,33471
2018,1,11380,8,35~39세,40234
2018,1,11380,9,40~44세,39130
2018,1,11380,10,45~49세,44101
2018,1,11380,11,50~54세,38029
2018,1,11380,12,55~59세,40646
2018,1,11380,13,60~64세,33360
2018,1,11380,14,65~69세,24317
2018,1,11380,15,70~74세,19939
2018,1,11380,16,75~79세,16500
2018,1,11380,17,80~84세,8924
2018,1,11380,18,85~89세,3744
2018,1,11380,19,90~94세,1369
2018,1,11380,20,95~99세,365
2018,1,11380,21,100세 이상,377
2018,1,11410,1,0~4세,10742
2018,1,11410,2,5~9세,11133
2018,1,11410,3,10~14세,11525
2018,1,11410,4,15~19세,15801
2018,1,11410,5,20~24세,27606
2018,1,11410,6,25~29세,27607
2018,1,11410,7,30~34세,22984
2018,1,11410,8,35~39세,24762
2018,1,11410,9,40~44세,23791
2018,1,11410,10,45~49세,27994
2018,1,11410,11,50~54세,24903
2018,1,11410,12,55~59세,25780
2018,1,11410,13,60~64세,20598
2018,1,11410,14,65~69세,14711
2018,1,11410,15,70~74세,12785
2018,1,11410,16,75~79세,11361
2018,1,11410,17,80~84세,6488
2018,1,11410,18,85~89세,2729
2018,1,11410,19,90~94세,1029
2018,1,11410,20,95~99세,308
2018,1,11410,21,100세 이상,234
2018,1,11440,1,0~4세,14297
2018,1,11440,2,5~9세,14489
2018,1,11440,3,10~14세,14629
2018,1,11440,4,15~19세,17288
2018,1,11440,5,20~24세,28242
2018,1,11440,6,25~29세,34835
2018,1,11440,7,30~34세,34486
2018,1,11440,8,35~39세,35124
2018,1,11440,9,40~44세,32102
2018,1,11440,10,45~49세,33803
2018,1,11440,11,50~54세,27459
2018,1,11440,12,55~59세,27279
2018,1,11440,13,60~64세,21469
2018,1,11440,14,65~69세,15215
2018,1,11440,15,70~74세,12925
2018,1,11440,16,75~79세,11037
2018,1,11440,17,80~84세,6466
2018,1,11440,18,85~89세,2899
2018,1,11440,19,90~94세,940
2018,1,11440,20,95~99세,353
2018,1,11440,21,100세 이상,287
2018,1,11470,1,0~4세,15723
2018,1,11470,2,5~9세,20812
2018,1,11470,3,10~14세,25379
2018,1,11470,4,15~19세,31257
2018,1,11470,5,20~24세,32648
2018,1,11470,6,25~29세,30620
2018,1,11470,7,30~34세,29636
2018,1,11470,8,35~39세,35713
2018,1,11470,9,40~44세,38467
2018,1,11470,10,45~49세,47492
2018,1,11470,11,50~54세,40121
2018,1,11470,12,55~59세,39041
2018,1,11470,13,60~64세,30108
2018,1,11470,14,65~69세,20462
2018,1,11470,15,70~74세,14206
2018,1,11470,16,75~79세,10554
2018,1,11470,17,80~84세,6242
2018,1,11470,18,85~89세,3067
2018,1,11470,19,90~94세,1069
2018,1,11470,20,95~99세,319
2018,1,11470,21,100세 이상,151
2018,1,11500,1,0~4세,24927
2018,1,11500,2,5~9세,23971
2018,1,11500,3,10~14세,22923
2018,1,11500,4,15~19세,28476
2018,1,11500,5,20~24세,38592
2018,1,11500,6,25~29세,50030
2018,1,11500,7,30~34세,53043
2018,1,11500,8,35~39세,56810
2018,1,11500,9,40~44세,48063
2018,1,11500,10,45~49세,49378
2018,1,11500,11,50~54세,43885
2018,1,11500,12,55~59세,49935
2018,1,11500,13,60~64세,40947
2018,1,11500,14,65~69세,28124
2018,1,11500,15,70~74세,19948
2018,1,11500,16,75~79세,14663
2018,1,11500,17,80~84세,8206
2018,1,11500,18,85~89세,4275
2018,1,11500,19,90~94세,1564
2018,1,11500,20,95~99세,405
2018,1,11500,21,100세 이상,196
2018,1,11530,1,0~4세,17188
2018,1,11530,2,5~9세,17558
2018,1,11530,3,10~14세,15492
2018,1,11530,4,15~19세,18725
2018,1,11530,5,20~24세,26003
2018,1,11530,6,25~29세,31989
2018,1,11530,7,30~34세,34584
2018,1,11530,8,35~39세,39086
2018,1,11530,9,40~44세,35293
2018,1,11530,10,45~49세,37967
2018,1,11530,11,50~54세,35801
2018,1,11530,12,55~59세,39538
2018,1,11530,13,60~64세,31334
2018,1,11530,14,65~69세,21524
2018,1,11530,15,70~74세,16075
2018,1,11530,16,75~79세,12014
2018,1,11530,17,80~84세,6285
2018,1,11530,18,85~89세,2630
2018,1,11530,19,90~94세,914
2018,1,11530,20,95~99세,245
2018,1,11530,21,100세 이상,151
2018,1,11545,1,0~4세,8318
2018,1,11545,2,5~9세,8076
2018,1,11545,3,10~14세,7664
2018,1,11545,4,15~19세,10498
2018,1,11545,5,20~24세,15921
2018,1,11545,6,25~29세,20394
2018,1,11545,7,30~34세,20023
2018,1,11545,8,35~39세,19829
2018,1,11545,9,40~44세,18429
2018,1,11545,10,45~49세,22624
2018,1,11545,11,50~54세,23471
2018,1,11545,12,55~59세,25260
2018,1,11545,13,60~64세,18197
2018,1,11545,14,65~69세,12428
2018,1,11545,15,70~74세,9195
2018,1,11545,16,75~79세,7156
2018,1,11545,17,80~84세,3507
2018,1,11545,18,85~89세,1511
2018,1,11545,19,90~94세,535
2018,1,11545,20,95~99세,162
2018,1,11545,21,100세 이상,146
2018,1,11560,1,0~4세,15356
2018,1,11560,2,5~9세,13816
2018,1,11560,3,10~14세,12460
2018,1,11560,4,15~19세,15617
2018,1,11560,5,20~24세,23328
2018,1,11560,6,25~29세,34116
2018,1,11560,7,30~34세,36624
2018,1,11560,8,35~39세,35803
2018,1,11560,9,40~44세,30766
2018,1,11560,10,45~49세,34805
2018,1,11560,11,50~54세,33460
2018,1,11560,12,55~59세,36040
2018,1,11560,13,60~64세,27093
2018,1,11560,14,65~69세,18587
2018,1,11560,15,70~74세,14076
2018,1,11560,16,75~79세,11191
2018,1,11560,17,80~84세,6576
2018,1,11560,18,85~89세,2717
2018,1,11560,19,90~94세,1014
2018,1,11560,20,95~99세,303
2018,1,11560,21,100세 이상,240
2018,1,11590,1,0~4세,14296
2018,1,11590,2,5~9세,14692
2018,1,11590,3,10~14세,13846
2018,1,11590,4,15~19세,17861
2018,1,11590,5,20~24세,31377
2018,1,11590,6,25~29세,36901
2018,1,11590,7,30~34세,33536
2018,1,11590,8,35~39세,34583
2018,1,11590,9,40~44세,30882
2018,1,11590,10,45~49세,32870
2018,1,11590,11,50~54세,29598
2018,1,11590,12,55~59세,32307
2018,1,11590,13,60~64세,26255
2018,1,11590,14,65~69세,19076
2018,1,11590,15,70~74세,15207
2018,1,11590,16,75~79세,12135
2018,1,11590,17,80~84세,6659
2018,1,11590,18,85~89세,2991
2018,1,11590,19,90~94세,1071
2018,1,11590,20,95~99세,324
2018,1,11590,21,100세 이상,248
2018,1,11620,1,0~4세,14911
2018,1,11620,2,5~9세,14778
2018,1,11620,3,10~14세,14594
2018,1,11620,4,15~19세,19909
2018,1,11620,5,20~24세,41570
2018,1,11620,6,25~29세,63675
2018,1,11620,7,30~34세,50880
2018,1,11620,8,35~39세,44987
2018,1,11620,9,40~44세,37537
2018,1,11620,10,45~49세,40262
2018,1,11620,11,50~54세,36211
2018,1,11620,12,55~59세,39794
2018,1,11620,13,60~64세,32377
2018,1,11620,14,65~69세,24673
2018,1,11620,15,70~74세,19249
2018,1,11620,16,75~79세,15012
2018,1,11620,17,80~84세,7182
2018,1,11620,18,85~89세,3014
2018,1,11620,19,90~94세,1072
2018,1,11620,20,95~99세,326
2018,1,11620,21,100세 이상,279
2018,1,11650,1,0~4세,16930
2018,1,11650,2,5~9세,22361
2018,1,11650,3,10~14세,22884
2018,1,11650,4,15~19세,25201
2018,1,11650,5,20~24세,27134
2018,1,11650,6,25~29세,31763
2018,1,11650,7,30~34세,33171
2018,1,11650,8,35~39세,39220
2018,1,11650,9,40~44세,39667
2018,1,11650,10,45~49세,42837
2018,1,11650,11,50~54세,32644
2018,1,11650,12,55~59세,30792
2018,1,11650,13,60~64세,26505
2018,1,11650,14,65~69세,19059
2018,1,11650,15,70~74세,14773
2018,1,11650,16,75~79세,10060
2018,1,11650,17,80~84세,5617
2018,1,11650,18,85~89세,2776
2018,1,11650,19,90~94세,1233
2018,1,11650,20,95~99세,352
2018,1,11650,21,100세 이상,185
2018,1,11680,1,0~4세,17866
2018,1,11680,2,5~9세,23325
2018,1,11680,3,10~14세,27531
2018,1,11680,4,15~19세,34726
2018,1,11680,5,20~24세,36866
2018,1,11680,6,25~29세,42752
2018,1,11680,7,30~34세,43660
2018,1,11680,8,35~39세,48683
2018,1,11680,9,40~44세,47467
2018,1,11680,10,45~49세,55108
2018,1,11680,11,50~54세,42990
2018,1,11680,12,55~59세,38094
2018,1,11680,13,60~64세,32938
2018,1,11680,14,65~69세,23838
2018,1,11680,15,70~74세,17869
2018,1,11680,16,75~79세,11874
2018,1,11680,17,80~84세,6606
2018,1,11680,18,85~89세,3499
2018,1,11680,19,90~94세,1481
2018,1,11680,20,95~99세,456
2018,1,11680,21,100세 이상,236
2018,1,11710,1,0~4세,26350
2018,1,11710,2,5~9세,28846
2018,1,11710,3,10~14세,29378
2018,1,11710,4,15~19세,35679
2018,1,11710,5,20~24세,43458
2018,1,11710,6,25~29세,51866
2018,1,11710,7,30~34세,55474
2018,1,11710,8,35~39세,60738
2018,1,11710,9,40~44세,53940
2018,1,11710,10,45~49세,59194
2018,1,11710,11,50~54세,51262
2018,1,11710,12,55~59세,53572
2018,1,11710,13,60~64세,44259
2018,1,11710,14,65~69세,29659
2018,1,11710,15,70~74세,20274
2018,1,11710,16,75~79세,13786
2018,1,11710,17,80~84세,7975
2018,1,11710,18,85~89세,3961
2018,1,11710,19,90~94세,1630
2018,1,11710,20,95~99세,463
2018,1,11710,21,100세 이상,230
2018,1,11740,1,0~4세,15846
2018,1,11740,2,5~9세,17641
2018,1,11740,3,10~14세,17971
2018,1,11740,4,15~19세,22672
2018,1,11740,5,20~24세,28042
2018,1,11740,6,25~29세,31949
2018,1,11740,7,30~34세,32393
2018,1,11740,8,35~39세,37705
2018,1,11740,9,40~44세,33917
2018,1,11740,10,45~49세,37816
2018,1,11740,11,50~54세,34617
2018,1,11740,12,55~59세,38863
2018,1,11740,13,60~64세,31810
2018,1,11740,14,65~69세,21433
2018,1,11740,15,70~74세,14922
2018,1,11740,16,75~79세,10316
2018,1,11740,17,80~84세,5729
2018,1,11740,18,85~89세,2908
2018,1,11740,19,90~94세,1143
2018,1,11740,20,95~99세,328
2018,1,11740,21,100세 이상,204
2018,2,11110,1,0~4세,4141
2018,2,11110,2,5~9세,4945
2018,2,11110,3,10~14세,5453
2018,2,11110,4,15~19세,7941
2018,2,11110,5,20~24세,14497
2018,2,11110,6,25~29세,13775
2018,2,11110,7,30~34세,11369
2018,2,11110,8,35~39세,11442
2018,2,11110,9,40~44세,11203
2018,2,11110,10,45~49세,14373
2018,2,11110,11,50~54세,13262
2018,2,11110,12,55~59세,13760
2018,2,11110,13,60~64세,10896
2018,2,11110,14,65~69세,7706
2018,2,11110,15,70~74세,6590
2018,2,11110,16,75~79세,5988
2018,2,11110,17,80~84세,3444
2018,2,11110,18,85~89세,1636
2018,2,11110,19,90~94세,661
2018,2,11110,20,95~99세,259
2018,2,11110,21,100세 이상,228
2018,2,11140,1,0~4세,4277
2018,2,11140,2,5~9세,3933
2018,2,11140,3,10~14세,3496
2018,2,11140,4,15~19세,4985
2018,2,11140,5,20~24세,9693
2018,2,11140,6,25~29세,11463
2018,2,11140,7,30~34세,11046
2018,2,11140,8,35~39세,11318
2018,2,11140,9,40~44세,9578
2018,2,11140,10,45~49세,11237
2018,2,11140,11,50~54세,10789
2018,2,11140,12,55~59세,12008
2018,2,11140,13,60~64세,9806
2018,2,11140,14,65~69세,6704
2018,2,11140,15,70~74세,5465
2018,2,11140,16,75~79세,4689
2018,2,11140,17,80~84세,2691
2018,2,11140,18,85~89세,1376
2018,2,11140,19,90~94세,518
2018,2,11140,20,95~99세,184
2018,2,11140,21,100세 이상,171
2018,2,11170,1,0~4세,7996
2018,2,11170,2,5~9세,8490
2018,2,11170,3,10~14세,8214
2018,2,11170,4,15~19세,10408
2018,2,11170,5,20~24세,15005
2018,2,11170,6,25~29세,20097
2018,2,11170,7,30~34세,20790
2018,2,11170,8,35~39세,21833
2018,2,11170,9,40~44세,19094
2018,2,11170,10,45~49세,21991
2018,2,11170,11,50~54세,18721
2018,2,11170,12,55~59세,19404
2018,2,11170,13,60~64세,15871
2018,2,11170,14,65~69세,11031
2018,2,11170,15,70~74세,9014
2018,2,11170,16,75~79세,8068
2018,2,11170,17,80~84세,5115
2018,2,11170,18,85~89세,2436
2018,2,11170,19,90~94세,968
2018,2,11170,20,95~99세,371
2018,2,11170,21,100세 이상,328
2018,2,11200,1,0~4세,12557
2018,2,11200,2,5~9세,11143
2018,2,11200,3,10~14세,10414
2018,2,11200,4,15~19세,13518
2018,2,11200,5,20~24세,22951
2018,2,11200,6,25~29세,26589
2018,2,11200,7,30~34세,26152
2018,2,11200,8,35~39세,28535
2018,2,11200,9,40~44세,24051
2018,2,11200,10,45~49세,27143
2018,2,11200,11,50~54세,24603
2018,2,11200,12,55~59세,26082
2018,2,11200,13,60~64세,20159
2018,2,11200,14,65~69세,13593
2018,2,11200,15,70~74세,11010
2018,2,11200,16,75~79세,9068
2018,2,11200,17,80~84세,5111
2018,2,11200,18,85~89세,2187
2018,2,11200,19,90~94세,722
2018,2,11200,20,95~99세,253
2018,2,11200,21,100세 이상,227
2018,2,11215,1,0~4세,11756
2018,2,11215,2,5~9세,12442
2018,2,11215,3,10~14세,13160
2018,2,11215,4,15~19세,17382
2018,2,11215,5,20~24세,30008
2018,2,11215,6,25~29세,36078
2018,2,11215,7,30~34세,31788
2018,2,11215,8,35~39세,31174
2018,2,11215,9,40~44세,27167
2018,2,11215,10,45~49세,31945
2018,2,11215,11,50~54세,29051
2018,2,11215,12,55~59세,30537
2018,2,11215,13,60~64세,23225
2018,2,11215,14,65~69세,15288
2018,2,11215,15,70~74세,11829
2018,2,11215,16,75~79세,9194
2018,2,11215,17,80~84세,5031
2018,2,11215,18,85~89세,2232
2018,2,11215,19,90~94세,775
2018,2,11215,20,95~99세,273
2018,2,11215,21,100세 이상,184
2018,2,11230,1,0~4세,11322
2018,2,11230,2,5~9세,12171
2018,2,11230,3,10~14세,11808
2018,2,11230,4,15~19세,16520
2018,2,11230,5,20~24세,31890
2018,2,11230,6,25~29세,31300
2018,2,11230,7,30~34세,25888
2018,2,11230,8,35~39세,28677
2018,2,11230,9,40~44세,25976
2018,2,11230,10,45~49세,30034
2018,2,11230,11,50~54세,27237
2018,2,11230,12,55~59세,29856
2018,2,11230,13,60~64세,25173
2018,2,11230,14,65~69세,18101
2018,2,11230,15,70~74세,14868
2018,2,11230,16,75~79세,12418
2018,2,11230,17,80~84세,6808
2018,2,11230,18,85~89세,2847
2018,2,11230,19,90~94세,1019
2018,2,11230,20,95~99세,357
2018,2,11230,21,100세 이상,257
2018,2,11260,1,0~4세,13577
2018,2,11260,2,5~9세,13807
2018,2,11260,3,10~14세,13355
2018,2,11260,4,15~19세,18228
2018,2,11260,5,20~24세,27315
2018,2,11260,6,25~29세,31722
2018,2,11260,7,30~34세,30442
2018,2,11260,8,35~39세,33493
2018,2,11260,9,40~44세,28790
2018,2,11260,10,45~49세,35228
2018,2,11260,11,50~54세,34585
2018,2,11260,12,55~59세,38582
2018,2,11260,13,60~64세,30554
2018,2,11260,14,65~69세,21044
2018,2,11260,15,70~74세,16073
2018,2,11260,16,75~79세,12558
2018,2,11260,17,80~84세,6632
2018,2,11260,18,85~89세,2828
2018,2,11260,19,90~94세,995
2018,2,11260,20,95~99세,321
2018,2,11260,21,100세 이상,167
2018,2,11290,1,0~4세,14973
2018,2,11290,2,5~9세,17912
2018,2,11290,3,10~14세,18487
2018,2,11290,4,15~19세,23189
2018,2,11290,5,20~24세,36062
2018,2,11290,6,25~29세,34307
2018,2,11290,7,30~34세,30073
2018,2,11290,8,35~39세,35083
2018,2,11290,9,40~44세,34859
2018,2,11290,10,45~49세,41326
2018,2,11290,11,50~54세,34103
2018,2,11290,12,55~59세,35128
2018,2,11290,13,60~64세,29195
2018,2,11290,14,65~69세,21136
2018,2,11290,15,70~74세,17382
2018,2,11290,16,75~79세,14876
2018,2,11290,17,80~84세,8166
2018,2,11290,18,85~89세,3590
2018,2,11290,19,90~94세,1246
2018,2,11290,20,95~99세,409
2018,2,11290,21,100세 이상,327
2018,2,11305,1,0~4세,9127
2018,2,11305,2,5~9세,10655
2018,2,11305,3,10~14세,11087
2018,2,11305,4,15~19세,15149
2018,2,11305,5,20~24세,22031
2018,2,11305,6,25~29세,23151
2018,2,11305,7,30~34세,20806
2018,2,11305,8,35~39세,24510
2018,2,11305,9,40~44세,23720
2018,2,11305,10,45~49세,28960
2018,2,11305,11,50~54세,26337
2018,2,11305,12,55~59세,28894
2018,2,11305,13,60~64세,24235
2018,2,11305,14,65~69세,18341
2018,2,11305,15,70~74세,15451
2018,2,11305,16,75~79세,12939
2018,2,11305,17,80~84세,6583
2018,2,11305,18,85~89세,2647
2018,2,11305,19,90~94세,911
2018,2,11305,20,95~99세,304
2018,2,11305,21,100세 이상,225
2018,2,11320,1,0~4세,10668
2018,2,11320,2,5~9세,12311
2018,2,11320,3,10~14세,13015
2018,2,11320,4,15~19세,17679
2018,2,11320,5,20~24세,23328
2018,2,11320,6,25~29세,23838
2018,2,11320,7,30~34세,21577
2018,2,11320,8,35~39세,25182
2018,2,11320,9,40~44세,24333
2018,2,11320,10,45~49세,30688
2018,2,11320,11,50~54세,28408
2018,2,11320,12,55~59세,31637
2018,2,11320,13,60~64세,26463
2018,2,11320,14,65~69세,17878
2018,2,11320,15,70~74세,14091
2018,2,11320,16,75~79세,11819
2018,2,11320,17,80~84세,6566
2018,2,11320,18,85~89세,3079
2018,2,11320,19,90~94세,1089
2018,2,11320,20,95~99세,308
2018,2,11320,21,100세 이상,139
2018,2,11350,1,0~4세,18138
2018,2,11350,2,5~9세,21558
2018,2,11350,3,10~14세,26558
2018,2,11350,4,15~19세,36015
2018,2,11350,5,20~24세,42174
2018,2,11350,6,25~29세,36224
2018,2,11350,7,30~34세,33101
2018,2,11350,8,35~39세,40624
2018,2,11350,9,40~44세,42754
2018,2,11350,10,45~49세,53968
2018,2,11350,11,50~54세,44718
2018,2,11350,12,55~59세,45277
2018,2,11350,13,60~64세,36327
2018,2,11350,14,65~69세,24692
2018,2,11350,15,70~74세,18851
2018,2,11350,16,75~79세,15879
2018,2,11350,17,80~84세,9616
2018,2,11350,18,85~89세,4444
2018,2,11350,19,90~94세,1573
2018,2,11350,20,95~99세,446
2018,2,11350,21,100세 이상,240
2018,2,11380,1,0~4세,16004
2018,2,11380,2,5~9세,18416
2018,2,11380,3,10~14세,19213
2018,2,11380,4,15~19세,24824
2018,2,11380,5,20~24세,31683
2018,2,11380,6,25~29세,34757
2018,2,11380,7,30~34세,33094
2018,2,11380,8,35~39세,40203
2018,2,11380,9,40~44세,38289
2018,2,11380,10,45~49세,44296
2018,2,11380,11,50~54세,37880
2018,2,11380,12,55~59세,40642
2018,2,11380,13,60~64세,33647
2018,2,11380,14,65~69세,24342
2018,2,11380,15,70~74세,20131
2018,2,11380,16,75~79세,16654
2018,2,11380,17,80~84세,9030
2018,2,11380,18,85~89세,3780
2018,2,11380,19,90~94세,1389
2018,2,11380,20,95~99세,393
2018,2,11380,21,100세 이상,378
2018,2,11410,1,0~4세,10578
2018,2,11410,2,5~9세,11109
2018,2,11410,3,10~14세,11403
2018,2,11410,4,15~19세,15569
2018,2,11410,5,20~24세,27028
2018,2,11410,6,25~29세,27743
2018,2,11410,7,30~34세,22751
2018,2,11410,8,35~39세,24671
2018,2,11410,9,40~44세,23387
2018,2,11410,10,45~49세,27938
2018,2,11410,11,50~54세,24668
2018,2,11410,12,55~59세,25752
2018,2,11410,13,60~64세,20729
2018,2,11410,14,65~69세,14806
2018,2,11410,15,70~74세,12821
2018,2,11410,16,75~79세,11379
2018,2,11410,17,80~84세,6578
2018,2,11410,18,85~89세,2742
2018,2,11410,19,90~94세,1042
2018,2,11410,20,95~99세,331
2018,2,11410,21,100세 이상,236
2018,2,11440,1,0~4세,14135
2018,2,11440,2,5~9세,14355
2018,2,11440,3,10~14세,14601
2018,2,11440,4,15~19세,17154
2018,2,11440,5,20~24세,28197
2018,2,11440,6,25~29세,35356
2018,2,11440,7,30~34세,34314
2018,2,11440,8,35~39세,35135
2018,2,11440,9,40~44세,31603
2018,2,11440,10,45~49세,34004
2018,2,11440,11,50~54세,27308
2018,2,11440,12,55~59세,27441
2018,2,11440,13,60~64세,21554
2018,2,11440,14,65~69세,15231
2018,2,11440,15,70~74세,12955
2018,2,11440,16,75~79세,11078
2018,2,11440,17,80~84세,6543
2018,2,11440,18,85~89세,2951
2018,2,11440,19,90~94세,942
2018,2,11440,20,95~99세,355
2018,2,11440,21,100세 이상,295
2018,2,11470,1,0~4세,15366
2018,2,11470,2,5~9세,20633
2018,2,11470,3,10~14세,25159
2018,2,11470,4,15~19세,30800
2018,2,11470,5,20~24세,32460
2018,2,11470,6,25~29세,30696
2018,2,11470,7,30~34세,29119
2018,2,11470,8,35~39세,35524
2018,2,11470,9,40~44세,37800
2018,2,11470,10,45~49세,47423
2018,2,11470,11,50~54세,39875
2018,2,11470,12,55~59세,39161
2018,2,11470,13,60~64세,30268
2018,2,11470,14,65~69세,20665
2018,2,11470,15,70~74세,14497
2018,2,11470,16,75~79세,10638
2018,2,11470,17,80~84세,6295
2018,2,11470,18,85~89세,3074
2018,2,11470,19,90~94세,1082
2018,2,11470,20,95~99세,335
2018,2,11470,21,100세 이상,156
2018,2,11500,1,0~4세,24554
2018,2,11500,2,5~9세,23853
2018,2,11500,3,10~14세,22740
2018,2,11500,4,15~19세,28019
2018,2,11500,5,20~24세,38333
2018,2,11500,6,25~29세,50474
2018,2,11500,7,30~34세,52441
2018,2,11500,8,35~39세,56968
2018,2,11500,9,40~44세,47366
2018,2,11500,10,45~49세,49633
2018,2,11500,11,50~54세,43411
2018,2,11500,12,55~59세,49885
2018,2,11500,13,60~64세,41262
2018,2,11500,14,65~69세,28227
2018,2,11500,15,70~74세,20313
2018,2,11500,16,75~79세,14716
2018,2,11500,17,80~84세,8310
2018,2,11500,18,85~89세,4289
2018,2,11500,19,90~94세,1550
2018,2,11500,20,95~99세,432
2018,2,11500,21,100세 이상,205
2018,2,11530,1,0~4세,16879
2018,2,11530,2,5~9세,17518
2018,2,11530,3,10~14세,15399
2018,2,11530,4,15~19세,18432
2018,2,11530,5,20~24세,25911
2018,2,11530,6,25~29세,32272
2018,2,11530,7,30~34세,34222
2018,2,11530,8,35~39세,39053
2018,2,11530,9,40~44세,34816
2018,2,11530,10,45~49세,38389
2018,2,11530,11,50~54세,35817
2018,2,11530,12,55~59세,39719
2018,2,11530,13,60~64세,31314
2018,2,11530,14,65~69세,21763
2018,2,11530,15,70~74세,16236
2018,2,11530,16,75~79세,12099
2018,2,11530,17,80~84세,6448
2018,2,11530,18,85~89세,2697
2018,2,11530,19,90~94세,904
2018,2,11530,20,95~99세,262
2018,2,11530,21,100세 이상,155
2018,2,11545,1,0~4세,8245
2018,2,11545,2,5~9세,7990
2018,2,11545,3,10~14세,7535
2018,2,11545,4,15~19세,10281
2018,2,11545,5,20~24세,15737
2018,2,11545,6,25~29세,20669
2018,2,11545,7,30~34세,19684
2018,2,11545,8,35~39세,19867
2018,2,11545,9,40~44세,18065
2018,2,11545,10,45~49세,22649
2018,2,11545,11,50~54세,23413
2018,2,11545,12,55~59세,25413
2018,2,11545,13,60~64세,18259
2018,2,11545,14,65~69세,12452
2018,2,11545,15,70~74세,9294
2018,2,11545,16,75~79세,7221
2018,2,11545,17,80~84세,3587
2018,2,11545,18,85~89세,1516
2018,2,11545,19,90~94세,546
2018,2,11545,20,95~99세,177
2018,2,11545,21,100세 이상,152
2018,2,11560,1,0~4세,15386
2018,2,11560,2,5~9세,13751
2018,2,11560,3,10~14세,12417
2018,2,11560,4,15~19세,15401
2018,2,11560,5,20~24세,23222
2018,2,11560,6,25~29세,34642
2018,2,11560,7,30~34세,36713
2018,2,11560,8,35~39세,35873
2018,2,11560,9,40~44세,30407
2018,2,11560,10,45~49세,35060
2018,2,11560,11,50~54세,33465
2018,2,11560,12,55~59세,36192
2018,2,11560,13,60~64세,26978
2018,2,11560,14,65~69세,18548
2018,2,11560,15,70~74세,14204
2018,2,11560,16,75~79세,11292
2018,2,11560,17,80~84세,6626
2018,2,11560,18,85~89세,2782
2018,2,11560,19,90~94세,993
2018,2,11560,20,95~99세,311
2018,2,11560,21,100세 이상,238
2018,2,11590,1,0~4세,14220
2018,2,11590,2,5~9세,14708
2018,2,11590,3,10~14세,13752
2018,2,11590,4,15~19세,17643
2018,2,11590,5,20~24세,31343
2018,2,11590,6,25~29세,37486
2018,2,11590,7,30~34세,33431
2018,2,11590,8,35~39세,34654
2018,2,11590,9,40~44세,30595
2018,2,11590,10,45~49세,33114
2018,2,11590,11,50~54세,29432
2018,2,11590,12,55~59세,32345
2018,2,11590,13,60~64세,26419
2018,2,11590,14,65~69세,19121
2018,2,11590,15,70~74세,15319
2018,2,11590,16,75~79세,12240
2018,2,11590,17,80~84세,6726
2018,2,11590,18,85~89세,3053
2018,2,11590,19,90~94세,1084
2018,2,11590,20,95~99세,333
2018,2,11590,21,100세 이상,257
2018,2,11620,1,0~4세,14625
2018,2,11620,2,5~9세,14670
2018,2,11620,3,10~14세,14425
2018,2,11620,4,15~19세,19543
2018,2,11620,5,20~24세,41624
2018,2,11620,6,25~29세,64717
2018,2,11620,7,30~34세,50563
2018,2,11620,8,35~39세,44953
2018,2,11620,9,40~44세,36895
2018,2,11620,10,45~49세,40397
2018,2,11620,11,50~54세,36045
2018,2,11620,12,55~59세,39887
2018,2,11620,13,60~64세,32299
2018,2,11620,14,65~69세,24686
2018,2,11620,15,70~74세,19429
2018,2,11620,16,75~79세,15111
2018,2,11620,17,80~84세,7343
2018,2,11620,18,85~89세,3043
2018,2,11620,19,90~94세,1083
2018,2,11620,20,95~99세,335
2018,2,11620,21,100세 이상,287
2018,2,11650,1,0~4세,16612
2018,2,11650,2,5~9세,22183
2018,2,11650,3,10~14세,22782
2018,2,11650,4,15~19세,24860
2018,2,11650,5,20~24세,27025
2018,2,11650,6,25~29세,31897
2018,2,11650,7,30~34세,32676
2018,2,11650,8,35~39세,39037
2018,2,11650,9,40~44세,39153
2018,2,11650,10,45~49세,43059
2018,2,11650,11,50~54세,32594
2018,2,11650,12,55~59세,30923
2018,2,11650,13,60~64세,26574
2018,2,11650,14,65~69세,19091
2018,2,11650,15,70~74세,15041
2018,2,11650,16,75~79세,10204
2018,2,11650,17,80~84세,5708
2018,2,11650,18,85~89세,2773
2018,2,11650,19,90~94세,1225
2018,2,11650,20,95~99세,386
2018,2,11650,21,100세 이상,186
2018,2,11680,1,0~4세,17374
2018,2,11680,2,5~9세,23113
2018,2,11680,3,10~14세,27279
2018,2,11680,4,15~19세,34082
2018,2,11680,5,20~24세,36315
2018,2,11680,6,25~29세,42565
2018,2,11680,7,30~34세,42694
2018,2,11680,8,35~39세,48179
2018,2,11680,9,40~44세,46653
2018,2,11680,10,45~49세,54779
2018,2,11680,11,50~54세,42407
2018,2,11680,12,55~59세,37777
2018,2,11680,13,60~64세,32660
2018,2,11680,14,65~69세,23664
2018,2,11680,15,70~74세,18123
2018,2,11680,16,75~79세,11900
2018,2,11680,17,80~84세,6660
2018,2,11680,18,85~89세,3472
2018,2,11680,19,90~94세,1471
2018,2,11680,20,95~99세,475
2018,2,11680,21,100세 이상,246
2018,2,11710,1,0~4세,26151
2018,2,11710,2,5~9세,28715
2018,2,11710,3,10~14세,29144
2018,2,11710,4,15~19세,35186
2018,2,11710,5,20~24세,43503
2018,2,11710,6,25~29세,52667
2018,2,11710,7,30~34세,55188
2018,2,11710,8,35~39세,61231
2018,2,11710,9,40~44세,53354
2018,2,11710,10,45~49세,59341
2018,2,11710,11,50~54세,51081
2018,2,11710,12,55~59세,53809
2018,2,11710,13,60~64세,44698
2018,2,11710,14,65~69세,29973
2018,2,11710,15,70~74세,20740
2018,2,11710,16,75~79세,13977
2018,2,11710,17,80~84세,8020
2018,2,11710,18,85~89세,4039
2018,2,11710,19,90~94세,1612
2018,2,11710,20,95~99세,497
2018,2,11710,21,100세 이상,235
2018,2,11740,1,0~4세,15686
2018,2,11740,2,5~9세,17454
2018,2,11740,3,10~14세,17812
2018,2,11740,4,15~19세,22348
2018,2,11740,5,20~24세,27796
2018,2,11740,6,25~29세,32077
2018,2,11740,7,30~34세,32019
2018,2,11740,8,35~39세,37722
2018,2,11740,9,40~44세,33434
2018,2,11740,10,45~49세,37796
2018,2,11740,11,50~54세,34438
2018,2,11740,12,55~59세,38898
2018,2,11740,13,60~64세,31890
2018,2,11740,14,65~69세,21684
2018,2,11740,15,70~74세,15162
2018,2,11740,16,75~79세,10409
2018,2,11740,17,80~84세,5788
2018,2,11740,18,85~89세,2946
2018,2,11740,19,90~94세,1145
2018,2,11740,20,95~99세,339
2018,2,11740,21,100세 이상,207
2018,3,11110,1,0~4세,4091
2018,3,11110,2,5~9세,4911
2018,3,11110,3,10~14세,5423
2018,3,11110,4,15~19세,7898
2018,3,11110,5,20~24세,14413
2018,3,11110,6,25~29세,13759
2018,3,11110,7,30~34세,11234
2018,3,11110,8,35~39세,11487
2018,3,11110,9,40~44세,10988
2018,3,11110,10,45~49세,14233
2018,3,11110,11,50~54세,13264
2018,3,11110,12,55~59세,13723
2018,3,11110,13,60~64세,11040
2018,3,11110,14,65~69세,7750
2018,3,11110,15,70~74세,6606
2018,3,11110,16,75~79세,5935
2018,3,11110,17,80~84세,3502
2018,3,11110,18,85~89세,1663
2018,3,11110,19,90~94세,670
2018,3,11110,20,95~99세,267
2018,3,11110,21,100세 이상,229
2018,3,11140,1,0~4세,4245
2018,3,11140,2,5~9세,3945
2018,3,11140,3,10~14세,3498
2018,3,11140,4,15~19세,4921
2018,3,11140,5,20~24세,9658
2018,3,11140,6,25~29세,11518
2018,3,11140,7,30~34세,11055
2018,3,11140,8,35~39세,11370
2018,3,11140,9,40~44세,9530
2018,3,11140,10,45~49세,11019
2018,3,11140,11,50~54세,10816
2018,3,11140,12,55~59세,11903
2018,3,11140,13,60~64세,9878
2018,3,11140,14,65~69세,6713
2018,3,11140,15,70~74세,5457
2018,3,11140,16,75~79세,4688
2018,3,11140,17,80~84세,2764
2018,3,11140,18,85~89세,1389
2018,3,11140,19,90~94세,532
2018,3,11140,20,95~99세,184
2018,3,11140,21,100세 이상,175
2018,3,11170,1,0~4세,7900
2018,3,11170,2,5~9세,8395
2018,3,11170,3,10~14세,8178
2018,3,11170,4,15~19세,10244
2018,3,11170,5,20~24세,15124
2018,3,11170,6,25~29세,20296
2018,3,11170,7,30~34세,20761
2018,3,11170,8,35~39세,21840
2018,3,11170,9,40~44세,18879
2018,3,11170,10,45~49세,21740
2018,3,11170,11,50~54세,18818
2018,3,11170,12,55~59세,19413
2018,3,11170,13,60~64세,16056
2018,3,11170,14,65~69세,10975
2018,3,11170,15,70~74세,9089
2018,3,11170,16,75~79세,8034
2018,3,11170,17,80~84세,5179
2018,3,11170,18,85~89세,2472
2018,3,11170,19,90~94세,995
2018,3,11170,20,95~99세,361
2018,3,11170,21,100세 이상,338
2018,3,11200,1,0~4세,12530
2018,3,11200,2,5~9세,11185
2018,3,11200,3,10~14세,10327
2018,3,11200,4,15~19세,13342
2018,3,11200,5,20~24세,23084
2018,3,11200,6,25~29세,26839
2018,3,11200,7,30~34세,26222
2018,3,11200,8,35~39세,28685
2018,3,11200,9,40~44세,23928
2018,3,11200,10,45~49세,26889
2018,3,11200,11,50~54세,24929
2018,3,11200,12,55~59세,26070
2018,3,11200,13,60~64세,20586
2018,3,11200,14,65~69세,13680
2018,3,11200,15,70~74세,11117
2018,3,11200,16,75~79세,9139
2018,3,11200,17,80~84세,5206
2018,3,11200,18,85~89세,2217
2018,3,11200,19,90~94세,745
2018,3,11200,20,95~99세,245
2018,3,11200,21,100세 이상,232
2018,3,11215,1,0~4세,11547
2018,3,11215,2,5~9세,12361
2018,3,11215,3,10~14세,13068
2018,3,11215,4,15~19세,17292
2018,3,11215,5,20~24세,30116
2018,3,11215,6,25~29세,36260
2018,3,11215,7,30~34세,31532
2018,3,11215,8,35~39세,31070
2018,3,11215,9,40~44세,26866
2018,3,11215,10,45~49세,31539
2018,3,11215,11,50~54세,29267
2018,3,11215,12,55~59세,30333
2018,3,11215,13,60~64세,23546
2018,3,11215,14,65~69세,15301
2018,3,11215,15,70~74세,11999
2018,3,11215,16,75~79세,9222
2018,3,11215,17,80~84세,5146
2018,3,11215,18,85~89세,2279
2018,3,11215,19,90~94세,801
2018,3,11215,20,95~99세,268
2018,3,11215,21,100세 이상,186
2018,3,11230,1,0~4세,11490
2018,3,11230,2,5~9세,12107
2018,3,11230,3,10~14세,11827
2018,3,11230,4,15~19세,16294
2018,3,11230,5,20~24세,32255
2018,3,11230,6,25~29세,31372
2018,3,11230,7,30~34세,26001
2018,3,11230,8,35~39세,29084
2018,3,11230,9,40~44세,26008
2018,3,11230,10,45~49세,29762
2018,3,11230,11,50~54세,27574
2018,3,11230,12,55~59세,29714
2018,3,11230,13,60~64세,25517
2018,3,11230,14,65~69세,18100
2018,3,11230,15,70~74세,15032
2018,3,11230,16,75~79세,12473
2018,3,11230,17,80~84세,6946
2018,3,11230,18,85~89세,2894
2018,3,11230,19,90~94세,1041
2018,3,11230,20,95~99세,353
2018,3,11230,21,100세 이상,257
2018,3,11260,1,0~4세,13257
2018,3,11260,2,5~9세,13681
2018,3,11260,3,10~14세,13305
2018,3,11260,4,15~19세,17929
2018,3,11260,5,20~24세,26978
2018,3,11260,6,25~29세,31752
2018,3,11260,7,30~34세,30196
2018,3,11260,8,35~39세,33393
2018,3,11260,9,40~44세,28516
2018,3,11260,10,45~49세,34655
2018,3,11260,11,50~54세,34851
2018,3,11260,12,55~59세,38197
2018,3,11260,13,60~64세,31077
2018,3,11260,14,65~69세,21119
2018,3,11260,15,70~74세,16326
2018,3,11260,16,75~79세,12696
2018,3,11260,17,80~84세,6749
2018,3,11260,18,85~89세,2866
2018,3,11260,19,90~94세,1022
2018,3,11260,20,95~99세,325
2018,3,11260,21,100세 이상,168
2018,3,11290,1,0~4세,14551
2018,3,11290,2,5~9세,17608
2018,3,11290,3,10~14세,18368
2018,3,11290,4,15~19세,22982
2018,3,11290,5,20~24세,36173
2018,3,11290,6,25~29세,34271
2018,3,11290,7,30~34세,29635
2018,3,11290,8,35~39세,34788
2018,3,11290,9,40~44세,34190
2018,3,11290,10,45~49세,40826
2018,3,11290,11,50~54세,34379
2018,3,11290,12,55~59세,34872
2018,3,11290,13,60~64세,29484
2018,3,11290,14,65~69세,21108
2018,3,11290,15,70~74세,17472
2018,3,11290,16,75~79세,14902
2018,3,11290,17,80~84세,8341
2018,3,11290,18,85~89세,3584
2018,3,11290,19,90~94세,1314
2018,3,11290,20,95~99세,399
2018,3,11290,21,100세 이상,327
2018,3,11305,1,0~4세,8877
2018,3,11305,2,5~9세,10514
2018,3,11305,3,10~14세,10920
2018,3,11305,4,15~19세,14905
2018,3,11305,5,20~24세,21972
2018,3,11305,6,25~29세,23173
2018,3,11305,7,30~34세,20436
2018,3,11305,8,35~39세,24325
2018,3,11305,9,40~44세,23199
2018,3,11305,10,45~49세,28607
2018,3,11305,11,50~54세,26417
2018,3,11305,12,55~59세,28698
2018,3,11305,13,60~64세,24492
2018,3,11305,14,65~69세,18228
2018,3,11305,15,70~74세,15624
2018,3,11305,16,75~79세,13012
2018,3,11305,17,80~84세,6736
2018,3,11305,18,85~89세,2666
2018,3,11305,19,90~94세,937
2018,3,11305,20,95~99세,314
2018,3,11305,21,100세 이상,224
2018,3,11320,1,0~4세,10440
2018,3,11320,2,5~9세,12203
2018,3,11320,3,10~14세,12875
2018,3,11320,4,15~19세,17352
2018,3,11320,5,20~24세,23103
2018,3,11320,6,25~29세,23858
2018,3,11320,7,30~34세,21315
2018,3,11320,8,35~39세,25226
2018,3,11320,9,40~44세,23977
2018,3,11320,10,45~49세,30210
2018,3,11320,11,50~54세,28692
2018,3,11320,12,55~59세,31356
2018,3,11320,13,60~64세,26884
2018,3,11320,14,65~69세,17943
2018,3,11320,15,70~74세,14262
2018,3,11320,16,75~79세,11930
2018,3,11320,17,80~84세,6673
2018,3,11320,18,85~89세,3159
2018,3,11320,19,90~94세,1087
2018,3,11320,20,95~99세,303
2018,3,11320,21,100세 이상,142
2018,3,11350,1,0~4세,17586
2018,3,11350,2,5~9세,21318
2018,3,11350,3,10~14세,26270
2018,3,11350,4,15~19세,35420
2018,3,11350,5,20~24세,42370
2018,3,11350,6,25~29세,36307
2018,3,11350,7,30~34세,32639
2018,3,11350,8,35~39세,40342
2018,3,11350,9,40~44세,41910
2018,3,11350,10,45~49세,53283
2018,3,11350,11,50~54세,45304
2018,3,11350,12,55~59세,44956
2018,3,11350,13,60~64세,36898
2018,3,11350,14,65~69세,24828
2018,3,11350,15,70~74세,19093
2018,3,11350,16,75~79세,16005
2018,3,11350,17,80~84세,9699
2018,3,11350,18,85~89세,4539
2018,3,11350,19,90~94세,1609
2018,3,11350,20,95~99세,453
2018,3,11350,21,100세 이상,240
2018,3,11380,1,0~4세,15790
2018,3,11380,2,5~9세,18221
2018,3,11380,3,10~14세,19048
2018,3,11380,4,15~19세,24492
2018,3,11380,5,20~24세,31313
2018,3,11380,6,25~29세,34986
2018,3,11380,7,30~34세,32887
2018,3,11380,8,35~39세,40182
2018,3,11380,9,40~44세,37621
2018,3,11380,10,45~49세,43864
2018,3,11380,11,50~54세,38280
2018,3,11380,12,55~59세,40428
2018,3,11380,13,60~64세,34094
2018,3,11380,14,65~69세,24301
2018,3,11380,15,70~74세,20325
2018,3,11380,16,75~79세,16750
2018,3,11380,17,80~84세,9244
2018,3,11380,18,85~89세,3865
2018,3,11380,19,90~94세,1389
2018,3,11380,20,95~99세,388
2018,3,11380,21,100세 이상,381
2018,3,11410,1,0~4세,10380
2018,3,11410,2,5~9세,11122
2018,3,11410,3,10~14세,11284
2018,3,11410,4,15~19세,15364
2018,3,11410,5,20~24세,26998
2018,3,11410,6,25~29세,27776
2018,3,11410,7,30~34세,22496
2018,3,11410,8,35~39세,24710
2018,3,11410,9,40~44세,23090
2018,3,11410,10,45~49세,27550
2018,3,11410,11,50~54세,24890
2018,3,11410,12,55~59세,25504
2018,3,11410,13,60~64세,21055
2018,3,11410,14,65~69세,14850
2018,3,11410,15,70~74세,12884
2018,3,11410,16,75~79세,11402
2018,3,11410,17,80~84세,6708
2018,3,11410,18,85~89세,2809
2018,3,11410,19,90~94세,1050
2018,3,11410,20,95~99세,337
2018,3,11410,21,100세 이상,238
2018,3,11440,1,0~4세,13955
2018,3,11440,2,5~9세,14166
2018,3,11440,3,10~14세,14554
2018,3,11440,4,15~19세,17113
2018,3,11440,5,20~24세,28348
2018,3,11440,6,25~29세,35704
2018,3,11440,7,30~34세,33892
2018,3,11440,8,35~39세,35109
2018,3,11440,9,40~44세,31127
2018,3,11440,10,45~49세,33844
2018,3,11440,11,50~54세,27510
2018,3,11440,12,55~59세,27344
2018,3,11440,13,60~64세,21807
2018,3,11440,14,65~69세,15223
2018,3,11440,15,70~74세,13010
2018,3,11440,16,75~79세,11115
2018,3,11440,17,80~84세,6582
2018,3,11440,18,85~89세,2996
2018,3,11440,19,90~94세,977
2018,3,11440,20,95~99세,357
2018,3,11440,21,100세 이상,299
2018,3,11470,1,0~4세,15036
2018,3,11470,2,5~9세,20497
2018,3,11470,3,10~14세,25050
2018,3,11470,4,15~19세,30440
2018,3,11470,5,20~24세,32185
2018,3,11470,6,25~29세,30736
2018,3,11470,7,30~34세,28839
2018,3,11470,8,35~39세,35538
2018,3,11470,9,40~44세,37428
2018,3,11470,10,45~49세,46810
2018,3,11470,11,50~54세,40321
2018,3,11470,12,55~59세,38837
2018,3,11470,13,60~64세,30786
2018,3,11470,14,65~69세,20825
2018,3,11470,15,70~74세,14769
2018,3,11470,16,75~79세,10748
2018,3,11470,17,80~84세,6355
2018,3,11470,18,85~89세,3131
2018,3,11470,19,90~94세,1102
2018,3,11470,20,95~99세,355
2018,3,11470,21,100세 이상,157
2018,3,11500,1,0~4세,23851
2018,3,11500,2,5~9세,23755
2018,3,11500,3,10~14세,22638
2018,3,11500,4,15~19세,27548
2018,3,11500,5,20~24세,37924
2018,3,11500,6,25~29세,50668
2018,3,11500,7,30~34세,52029
2018,3,11500,8,35~39세,56912
2018,3,11500,9,40~44세,46892
2018,3,11500,10,45~49세,49230
2018,3,11500,11,50~54세,43577
2018,3,11500,12,55~59세,49479
2018,3,11500,13,60~64세,41751
2018,3,11500,14,65~69세,28332
2018,3,11500,15,70~74세,20696
2018,3,11500,16,75~79세,14764
2018,3,11500,17,80~84세,8493
2018,3,11500,18,85~89세,4283
2018,3,11500,19,90~94세,1619
2018,3,11500,20,95~99세,426
2018,3,11500,21,100세 이상,201
2018,3,11530,1,0~4세,16629
2018,3,11530,2,5~9세,17407
2018,3,11530,3,10~14세,15384
2018,3,11530,4,15~19세,18262
2018,3,11530,5,20~24세,25821
2018,3,11530,6,25~29세,32353
2018,3,11530,7,30~34세,33711
2018,3,11530,8,35~39세,38860
2018,3,11530,9,40~44세,34412
2018,3,11530,10,45~49세,38184
2018,3,11530,11,50~54세,36112
2018,3,11530,12,55~59세,39408
2018,3,11530,13,60~64세,31398
2018,3,11530,14,65~69세,21866
2018,3,11530,15,70~74세,16501
2018,3,11530,16,75~79세,12226
2018,3,11530,17,80~84세,6608
2018,3,11530,18,85~89세,2731
2018,3,11530,19,90~94세,934
2018,3,11530,20,95~99세,273
2018,3,11530,21,100세 이상,154
2018,3,11545,1,0~4세,8118
2018,3,11545,2,5~9세,7924
2018,3,11545,3,10~14세,7433
2018,3,11545,4,15~19세,10057
2018,3,11545,5,20~24세,15665
2018,3,11545,6,25~29세,20953
2018,3,11545,7,30~34세,19639
2018,3,11545,8,35~39세,19875
2018,3,11545,9,40~44세,17800
2018,3,11545,10,45~49세,22348
2018,3,11545,11,50~54세,23490
2018,3,11545,12,55~59세,25306
2018,3,11545,13,60~64세,18452
2018,3,11545,14,65~69세,12485
2018,3,11545,15,70~74세,9402
2018,3,11545,16,75~79세,7308
2018,3,11545,17,80~84세,3653
2018,3,11545,18,85~89세,1569
2018,3,11545,19,90~94세,555
2018,3,11545,20,95~99세,173
2018,3,11545,21,100세 이상,154
2018,3,11560,1,0~4세,15215
2018,3,11560,2,5~9세,13667
2018,3,11560,3,10~14세,12268
2018,3,11560,4,15~19세,15103
2018,3,11560,5,20~24세,23171
2018,3,11560,6,25~29세,35081
2018,3,11560,7,30~34세,36666
2018,3,11560,8,35~39세,36043
2018,3,11560,9,40~44세,30005
2018,3,11560,10,45~49세,34658
2018,3,11560,11,50~54세,33505
2018,3,11560,12,55~59세,35856
2018,3,11560,13,60~64세,27122
2018,3,11560,14,65~69세,18527
2018,3,11560,15,70~74세,14346
2018,3,11560,16,75~79세,11366
2018,3,11560,17,80~84세,6698
2018,3,11560,18,85~89세,2847
2018,3,11560,19,90~94세,1024
2018,3,11560,20,95~99세,312
2018,3,11560,21,100세 이상,244
2018,3,11590,1,0~4세,13952
2018,3,11590,2,5~9세,14657
2018,3,11590,3,10~14세,13788
2018,3,11590,4,15~19세,17517
2018,3,11590,5,20~24세,31414
2018,3,11590,6,25~29세,37897
2018,3,11590,7,30~34세,33259
2018,3,11590,8,35~39세,34616
2018,3,11590,9,40~44세,30386
2018,3,11590,10,45~49세,32970
2018,3,11590,11,50~54세,29784
2018,3,11590,12,55~59세,32145
2018,3,11590,13,60~64세,26737
2018,3,11590,14,65~69세,19201
2018,3,11590,15,70~74세,15628
2018,3,11590,16,75~79세,12284
2018,3,11590,17,80~84세,6887
2018,3,11590,18,85~89세,3065
2018,3,11590,19,90~94세,1127
2018,3,11590,20,95~99세,348
2018,3,11590,21,100세 이상,263
2018,3,11620,1,0~4세,14356
2018,3,11620,2,5~9세,14469
2018,3,11620,3,10~14세,14348
2018,3,11620,4,15~19세,19183
2018,3,11620,5,20~24세,41708
2018,3,11620,6,25~29세,65822
2018,3,11620,7,30~34세,50427
2018,3,11620,8,35~39세,44826
2018,3,11620,9,40~44세,36424
2018,3,11620,10,45~49세,39939
2018,3,11620,11,50~54세,36308
2018,3,11620,12,55~59세,39471
2018,3,11620,13,60~64세,32564
2018,3,11620,14,65~69세,24627
2018,3,11620,15,70~74세,19658
2018,3,11620,16,75~79세,15259
2018,3,11620,17,80~84세,7513
2018,3,11620,18,85~89세,3065
2018,3,11620,19,90~94세,1094
2018,3,11620,20,95~99세,332
2018,3,11620,21,100세 이상,292
2018,3,11650,1,0~4세,16201
2018,3,11650,2,5~9세,21930
2018,3,11650,3,10~14세,22960
2018,3,11650,4,15~19세,24688
2018,3,11650,5,20~24세,26814
2018,3,11650,6,25~29세,31731
2018,3,11650,7,30~34세,32238
2018,3,11650,8,35~39세,38762
2018,3,11650,9,40~44세,38619
2018,3,11650,10,45~49세,42719
2018,3,11650,11,50~54세,32815
2018,3,11650,12,55~59세,30562
2018,3,11650,13,60~64세,26613
2018,3,11650,14,65~69세,19112
2018,3,11650,15,70~74세,15175
2018,3,11650,16,75~79세,10208
2018,3,11650,17,80~84세,5771
2018,3,11650,18,85~89세,2807
2018,3,11650,19,90~94세,1238
2018,3,11650,20,95~99세,389
2018,3,11650,21,100세 이상,187
2018,3,11680,1,0~4세,16893
2018,3,11680,2,5~9세,22889
2018,3,11680,3,10~14세,27468
2018,3,11680,4,15~19세,33973
2018,3,11680,5,20~24세,36156
2018,3,11680,6,25~29세,42413
2018,3,11680,7,30~34세,41972
2018,3,11680,8,35~39세,47901
2018,3,11680,9,40~44세,46221
2018,3,11680,10,45~49세,54387
2018,3,11680,11,50~54세,42488
2018,3,11680,12,55~59세,37456
2018,3,11680,13,60~64세,32626
2018,3,11680,14,65~69세,23592
2018,3,11680,15,70~74세,18349
2018,3,11680,16,75~79세,12029
2018,3,11680,17,80~84세,6743
2018,3,11680,18,85~89세,3491
2018,3,11680,19,90~94세,1487
2018,3,11680,20,95~99세,473
2018,3,11680,21,100세 이상,248
2018,3,11710,1,0~4세,25849
2018,3,11710,2,5~9세,28685
2018,3,11710,3,10~14세,29127
2018,3,11710,4,15~19세,34849
2018,3,11710,5,20~24세,43180
2018,3,11710,6,25~29세,52892
2018,3,11710,7,30~34세,55097
2018,3,11710,8,35~39세,61287
2018,3,11710,9,40~44세,53060
2018,3,11710,10,45~49세,58820
2018,3,11710,11,50~54세,51608
2018,3,11710,12,55~59세,53664
2018,3,11710,13,60~64세,45244
2018,3,11710,14,65~69세,30243
2018,3,11710,15,70~74세,21237
2018,3,11710,16,75~79세,14158
2018,3,11710,17,80~84세,8084
2018,3,11710,18,85~89세,4101
2018,3,11710,19,90~94세,1656
2018,3,11710,20,95~99세,499
2018,3,11710,21,100세 이상,242
2018,3,11740,1,0~4세,15403
2018,3,11740,2,5~9세,17164
2018,3,11740,3,10~14세,17766
2018,3,11740,4,15~19세,21968
2018,3,11740,5,20~24세,27537
2018,3,11740,6,25~29세,32004
2018,3,11740,7,30~34세,31661
2018,3,11740,8,35~39세,37456
2018,3,11740,9,40~44세,33124
2018,3,11740,10,45~49세,37392
2018,3,11740,11,50~54세,34537
2018,3,11740,12,55~59세,38398
2018,3,11740,13,60~64세,32302
2018,3,11740,14,65~69세,21738
2018,3,11740,15,70~74세,15465
2018,3,11740,16,75~79세,10525
2018,3,11740,17,80~84세,5891
2018,3,11740,18,85~89세,2929
2018,3,11740,19,90~94세,1173
2018,3,11740,20,95~99세,351
2018,3,11740,21,100세 이상,208
2018,4,11110,1,0~4세,4041
2018,4,11110,2,5~9세,4871
2018,4,11110,3,10~14세,5416
2018,4,11110,4,15~19세,7851
2018,4,11110,5,20~24세,14485
2018,4,11110,6,25~29세,13804
2018,4,11110,7,30~34세,11150
2018,4,11110,8,35~39세,11571
2018,4,11110,9,40~44세,10781
2018,4,11110,10,45~49세,14163
2018,4,11110,11,50~54세,13355
2018,4,11110,12,55~59세,13587
2018,4,11110,13,60~64세,11209
2018,4,11110,14,65~69세,7755
2018,4,11110,15,70~74세,6596
2018,4,11110,16,75~79세,5964
2018,4,11110,17,80~84세,3549
2018,4,11110,18,85~89세,1686
2018,4,11110,19,90~94세,692
2018,4,11110,20,95~99세,269
2018,4,11110,21,100세 이상,231
2018,4,11140,1,0~4세,4185
2018,4,11140,2,5~9세,3935
2018,4,11140,3,10~14세,3453
2018,4,11140,4,15~19세,4964
2018,4,11140,5,20~24세,9842
2018,4,11140,6,25~29세,11591
2018,4,11140,7,30~34세,11116
2018,4,11140,8,35~39세,11435
2018,4,11140,9,40~44세,9473
2018,4,11140,10,45~49세,10902
2018,4,11140,11,50~54세,10879
2018,4,11140,12,55~59세,11800
2018,4,11140,13,60~64세,10053
2018,4,11140,14,65~69세,6750
2018,4,11140,15,70~74세,5468
2018,4,11140,16,75~79세,4682
2018,4,11140,17,80~84세,2793
2018,4,11140,18,85~89세,1414
2018,4,11140,19,90~94세,535
2018,4,11140,20,95~99세,184
2018,4,11140,21,100세 이상,179
2018,4,11170,1,0~4세,7839
2018,4,11170,2,5~9세,8333
2018,4,11170,3,10~14세,8097
2018,4,11170,4,15~19세,10161
2018,4,11170,5,20~24세,15347
2018,4,11170,6,25~29세,20399
2018,4,11170,7,30~34세,20700
2018,4,11170,8,35~39세,21848
2018,4,11170,9,40~44세,18534
2018,4,11170,10,45~49세,21672
2018,4,11170,11,50~54세,19035
2018,4,11170,12,55~59세,19244
2018,4,11170,13,60~64세,16241
2018,4,11170,14,65~69세,11019
2018,4,11170,15,70~74세,9120
2018,4,11170,16,75~79세,8032
2018,4,11170,17,80~84세,5232
2018,4,11170,18,85~89세,2525
2018,4,11170,19,90~94세,1005
2018,4,11170,20,95~99세,368
2018,4,11170,21,100세 이상,339
2018,4,11200,1,0~4세,12345
2018,4,11200,2,5~9세,11081
2018,4,11200,3,10~14세,10222
2018,4,11200,4,15~19세,13137
2018,4,11200,5,20~24세,23163
2018,4,11200,6,25~29세,26888
2018,4,11200,7,30~34세,26102
2018,4,11200,8,35~39세,28711
2018,4,11200,9,40~44세,23476
2018,4,11200,10,45~49세,26817
2018,4,11200,11,50~54세,25169
2018,4,11200,12,55~59세,25698
2018,4,11200,13,60~64세,20887
2018,4,11200,14,65~69세,13756
2018,4,11200,15,70~74세,11127
2018,4,11200,16,75~79세,9073
2018,4,11200,17,80~84세,5307
2018,4,11200,18,85~89세,2239
2018,4,11200,19,90~94세,790
2018,4,11200,20,95~99세,243
2018,4,11200,21,100세 이상,232
2018,4,11215,1,0~4세,11578
2018,4,11215,2,5~9세,12357
2018,4,11215,3,10~14세,12966
2018,4,11215,4,15~19세,17274
2018,4,11215,5,20~24세,30131
2018,4,11215,6,25~29세,36505
2018,4,11215,7,30~34세,31541
2018,4,11215,8,35~39세,31339
2018,4,11215,9,40~44세,26618
2018,4,11215,10,45~49세,31484
2018,4,11215,11,50~54세,29663
2018,4,11215,12,55~59세,30049
2018,4,11215,13,60~64세,23939
2018,4,11215,14,65~69세,15380
2018,4,11215,15,70~74세,12100
2018,4,11215,16,75~79세,9292
2018,4,11215,17,80~84세,5251
2018,4,11215,18,85~89세,2320
2018,4,11215,19,90~94세,826
2018,4,11215,20,95~99세,260
2018,4,11215,21,100세 이상,190
2018,4,11230,1,0~4세,11347
2018,4,11230,2,5~9세,11970
2018,4,11230,3,10~14세,11641
2018,4,11230,4,15~19세,16258
2018,4,11230,5,20~24세,32448
2018,4,11230,6,25~29세,31210
2018,4,11230,7,30~34세,25802
2018,4,11230,8,35~39세,28992
2018,4,11230,9,40~44세,25519
2018,4,11230,10,45~49세,29438
2018,4,11230,11,50~54세,27730
2018,4,11230,12,55~59세,29134
2018,4,11230,13,60~64세,25684
2018,4,11230,14,65~69세,17987
2018,4,11230,15,70~74세,15070
2018,4,11230,16,75~79세,12490
2018,4,11230,17,80~84세,6986
2018,4,11230,18,85~89세,2950
2018,4,11230,19,90~94세,1070
2018,4,11230,20,95~99세,353
2018,4,11230,21,100세 이상,259
2018,4,11260,1,0~4세,13005
2018,4,11260,2,5~9세,13616
2018,4,11260,3,10~14세,13147
2018,4,11260,4,15~19세,17662
2018,4,11260,5,20~24세,26693
2018,4,11260,6,25~29세,31877
2018,4,11260,7,30~34세,30049
2018,4,11260,8,35~39세,33298
2018,4,11260,9,40~44세,27961
2018,4,11260,10,45~49세,34426
2018,4,11260,11,50~54세,35236
2018,4,11260,12,55~59세,37782
2018,4,11260,13,60~64세,31565
2018,4,11260,14,65~69세,21151
2018,4,11260,15,70~74세,16575
2018,4,11260,16,75~79세,12774
2018,4,11260,17,80~84세,6890
2018,4,11260,18,85~89세,2899
2018,4,11260,19,90~94세,1058
2018,4,11260,20,95~99세,314
2018,4,11260,21,100세 이상,169
2018,4,11290,1,0~4세,14236
2018,4,11290,2,5~9세,17443
2018,4,11290,3,10~14세,18158
2018,4,11290,4,15~19세,23057
2018,4,11290,5,20~24세,35906
2018,4,11290,6,25~29세,34303
2018,4,11290,7,30~34세,29124
2018,4,11290,8,35~39세,34575
2018,4,11290,9,40~44세,33499
2018,4,11290,10,45~49세,40663
2018,4,11290,11,50~54세,34853
2018,4,11290,12,55~59세,34298
2018,4,11290,13,60~64세,29790
2018,4,11290,14,65~69세,21077
2018,4,11290,15,70~74세,17598
2018,4,11290,16,75~79세,14930
2018,4,11290,17,80~84세,8479
2018,4,11290,18,85~89세,3636
2018,4,11290,19,90~94세,1329
2018,4,11290,20,95~99세,400
2018,4,11290,21,100세 이상,333
2018,4,11305,1,0~4세,8683
2018,4,11305,2,5~9세,10390
2018,4,11305,3,10~14세,10747
2018,4,11305,4,15~19세,14666
2018,4,11305,5,20~24세,21688
2018,4,11305,6,25~29세,23249
2018,4,11305,7,30~34세,20120
2018,4,11305,8,35~39세,24164
2018,4,11305,9,40~44세,22853
2018,4,11305,10,45~49세,28337
2018,4,11305,11,50~54세,26643
2018,4,11305,12,55~59세,28378
2018,4,11305,13,60~64세,24801
2018,4,11305,14,65~69세,18223
2018,4,11305,15,70~74세,15796
2018,4,11305,16,75~79세,13091
2018,4,11305,17,80~84세,6866
2018,4,11305,18,85~89세,2718
2018,4,11305,19,90~94세,960
2018,4,11305,20,95~99세,311
2018,4,11305,21,100세 이상,231
2018,4,11320,1,0~4세,10309
2018,4,11320,2,5~9세,11969
2018,4,11320,3,10~14세,12703
2018,4,11320,4,15~19세,17091
2018,4,11320,5,20~24세,23047
2018,4,11320,6,25~29세,23735
2018,4,11320,7,30~34세,20985
2018,4,11320,8,35~39세,25098
2018,4,11320,9,40~44세,23562
2018,4,11320,10,45~49세,29942
2018,4,11320,11,50~54세,28999
2018,4,11320,12,55~59세,30940
2018,4,11320,13,60~64세,27305
2018,4,11320,14,65~69세,17952
2018,4,11320,15,70~74세,14433
2018,4,11320,16,75~79세,12022
2018,4,11320,17,80~84세,6759
2018,4,11320,18,85~89세,3197
2018,4,11320,19,90~94세,1150
2018,4,11320,20,95~99세,305
2018,4,11320,21,100세 이상,146
2018,4,11350,1,0~4세,17222
2018,4,11350,2,5~9세,21047
2018,4,11350,3,10~14세,25948
2018,4,11350,4,15~19세,34889
2018,4,11350,5,20~24세,42028
2018,4,11350,6,25~29세,36323
2018,4,11350,7,30~34세,32181
2018,4,11350,8,35~39세,39995
2018,4,11350,9,40~44세,41100
2018,4,11350,10,45~49세,53009
2018,4,11350,11,50~54세,45757
2018,4,11350,12,55~59세,44207
2018,4,11350,13,60~64세,37358
2018,4,11350,14,65~69세,25040
2018,4,11350,15,70~74세,19279
2018,4,11350,16,75~79세,16052
2018,4,11350,17,80~84세,9757
2018,4,11350,18,85~89세,4651
2018,4,11350,19,90~94세,1617
2018,4,11350,20,95~99세,458
2018,4,11350,21,100세 이상,242
2018,4,11380,1,0~4세,15632
2018,4,11380,2,5~9세,17981
2018,4,11380,3,10~14세,18854
2018,4,11380,4,15~19세,24311
2018,4,11380,5,20~24세,31112
2018,4,11380,6,25~29세,35063
2018,4,11380,7,30~34세,32922
2018,4,11380,8,35~39세,40100
2018,4,11380,9,40~44세,37090
2018,4,11380,10,45~49세,43769
2018,4,11380,11,50~54세,38801
2018,4,11380,12,55~59세,40017
2018,4,11380,13,60~64세,34594
2018,4,11380,14,65~69세,24490
2018,4,11380,15,70~74세,20540
2018,4,11380,16,75~79세,16795
2018,4,11380,17,80~84세,9489
2018,4,11380,18,85~89세,3900
2018,4,11380,19,90~94세,1419
2018,4,11380,20,95~99세,403
2018,4,11380,21,100세 이상,384
2018,4,11410,1,0~4세,10301
2018,4,11410,2,5~9세,11186
2018,4,11410,3,10~14세,11246
2018,4,11410,4,15~19세,15351
2018,4,11410,5,20~24세,27283
2018,4,11410,6,25~29세,27975
2018,4,11410,7,30~34세,22459
2018,4,11410,8,35~39세,24796
2018,4,11410,9,40~44세,22926
2018,4,11410,10,45~49세,27429
2018,4,11410,11,50~54세,25158
2018,4,11410,12,55~59세,25210
2018,4,11410,13,60~64세,21304
2018,4,11410,14,65~69세,14849
2018,4,11410,15,70~74세,12907
2018,4,11410,16,75~79세,11353
2018,4,11410,17,80~84세,6822
2018,4,11410,18,85~89세,2891
2018,4,11410,19,90~94세,1055
2018,4,11410,20,95~99세,330
2018,4,11410,21,100세 이상,249
2018,4,11440,1,0~4세,14004
2018,4,11440,2,5~9세,14110
2018,4,11440,3,10~14세,14540
2018,4,11440,4,15~19세,17097
2018,4,11440,5,20~24세,28447
2018,4,11440,6,25~29세,36110
2018,4,11440,7,30~34세,33782
2018,4,11440,8,35~39세,35386
2018,4,11440,9,40~44세,30991
2018,4,11440,10,45~49세,33886
2018,4,11440,11,50~54세,28020
2018,4,11440,12,55~59세,27091
2018,4,11440,13,60~64세,22062
2018,4,11440,14,65~69세,15264
2018,4,11440,15,70~74세,13072
2018,4,11440,16,75~79세,11124
2018,4,11440,17,80~84세,6664
2018,4,11440,18,85~89세,3042
2018,4,11440,19,90~94세,1007
2018,4,11440,20,95~99세,364
2018,4,11440,21,100세 이상,296
2018,4,11470,1,0~4세,14767
2018,4,11470,2,5~9세,20225
2018,4,11470,3,10~14세,25035
2018,4,11470,4,15~19세,30176
2018,4,11470,5,20~24세,31858
2018,4,11470,6,25~29세,30721
2018,4,11470,7,30~34세,28317
2018,4,11470,8,35~39세,35406
2018,4,11470,9,40~44세,37021
2018,4,11470,10,45~49세,46492
2018,4,11470,11,50~54세,40737
2018,4,11470,12,55~59세,38206
2018,4,11470,13,60~64세,31139
2018,4,11470,14,65~69세,20902
2018,4,11470,15,70~74세,15041
2018,4,11470,16,75~79세,10840
2018,4,11470,17,80~84세,6425
2018,4,11470,18,85~89세,3195
2018,4,11470,19,90~94세,1131
2018,4,11470,20,95~99세,347
2018,4,11470,21,100세 이상,164
2018,4,11500,1,0~4세,23269
2018,4,11500,2,5~9세,23814
2018,4,11500,3,10~14세,22439
2018,4,11500,4,15~19세,27188
2018,4,11500,5,20~24세,37547
2018,4,11500,6,25~29세,50707
2018,4,11500,7,30~34세,51656
2018,4,11500,8,35~39세,56867
2018,4,11500,9,40~44세,46416
2018,4,11500,10,45~49세,49100
2018,4,11500,11,50~54세,44054
2018,4,11500,12,55~59세,48672
2018,4,11500,13,60~64세,42222
2018,4,11500,14,65~69세,28583
2018,4,11500,15,70~74세,20984
2018,4,11500,16,75~79세,14847
2018,4,11500,17,80~84세,8606
2018,4,11500,18,85~89세,4337
2018,4,11500,19,90~94세,1664
2018,4,11500,20,95~99세,430
2018,4,11500,21,100세 이상,209
2018,4,11530,1,0~4세,16290
2018,4,11530,2,5~9세,17190
2018,4,11530,3,10~14세,15296
2018,4,11530,4,15~19세,18119
2018,4,11530,5,20~24세,25724
2018,4,11530,6,25~29세,32574
2018,4,11530,7,30~34세,33456
2018,4,11530,8,35~39세,38593
2018,4,11530,9,40~44세,33987
2018,4,11530,10,45~49세,38079
2018,4,11530,11,50~54세,36588
2018,4,11530,12,55~59세,39114
2018,4,11530,13,60~64세,31675
2018,4,11530,14,65~69세,21911
2018,4,11530,15,70~74세,16731
2018,4,11530,16,75~79세,12209
2018,4,11530,17,80~84세,6789
2018,4,11530,18,85~89세,2776
2018,4,11530,19,90~94세,956
2018,4,11530,20,95~99세,274
2018,4,11530,21,100세 이상,155
2018,4,11545,1,0~4세,8169
2018,4,11545,2,5~9세,7865
2018,4,11545,3,10~14세,7396
2018,4,11545,4,15~19세,9878
2018,4,11545,5,20~24세,15750
2018,4,11545,6,25~29세,21480
2018,4,11545,7,30~34세,19795
2018,4,11545,8,35~39세,20109
2018,4,11545,9,40~44세,17529
2018,4,11545,10,45~49세,22401
2018,4,11545,11,50~54세,23845
2018,4,11545,12,55~59세,25366
2018,4,11545,13,60~64세,18699
2018,4,11545,14,65~69세,12580
2018,4,11545,15,70~74세,9545
2018,4,11545,16,75~79세,7344
2018,4,11545,17,80~84세,3739
2018,4,11545,18,85~89세,1625
2018,4,11545,19,90~94세,573
2018,4,11545,20,95~99세,181
2018,4,11545,21,100세 이상,152
2018,4,11560,1,0~4세,14974
2018,4,11560,2,5~9세,13577
2018,4,11560,3,10~14세,12088
2018,4,11560,4,15~19세,14892
2018,4,11560,5,20~24세,23176
2018,4,11560,6,25~29세,35332
2018,4,11560,7,30~34세,36719
2018,4,11560,8,35~39세,36042
2018,4,11560,9,40~44세,29656
2018,4,11560,10,45~49세,34562
2018,4,11560,11,50~54세,33939
2018,4,11560,12,55~59세,35616
2018,4,11560,13,60~64세,27354
2018,4,11560,14,65~69세,18416
2018,4,11560,15,70~74세,14479
2018,4,11560,16,75~79세,11436
2018,4,11560,17,80~84세,6802
2018,4,11560,18,85~89세,2919
2018,4,11560,19,90~94세,1056
2018,4,11560,20,95~99세,316
2018,4,11560,21,100세 이상,249
2018,4,11590,1,0~4세,13785
2018,4,11590,2,5~9세,14555
2018,4,11590,3,10~14세,13654
2018,4,11590,4,15~19세,17525
2018,4,11590,5,20~24세,31800
2018,4,11590,6,25~29세,38171
2018,4,11590,7,30~34세,33169
2018,4,11590,8,35~39세,34720
2018,4,11590,9,40~44세,30011
2018,4,11590,10,45~49세,32979
2018,4,11590,11,50~54세,30327
2018,4,11590,12,55~59세,31949
2018,4,11590,13,60~64세,27261
2018,4,11590,14,65~69세,19282
2018,4,11590,15,70~74세,15869
2018,4,11590,16,75~79세,12389
2018,4,11590,17,80~84세,7060
2018,4,11590,18,85~89세,3083
2018,4,11590,19,90~94세,1179
2018,4,11590,20,95~99세,347
2018,4,11590,21,100세 이상,270
2018,4,11620,1,0~4세,13988
2018,4,11620,2,5~9세,14173
2018,4,11620,3,10~14세,14145
2018,4,11620,4,15~19세,18921
2018,4,11620,5,20~24세,41646
2018,4,11620,6,25~29세,66354
2018,4,11620,7,30~34세,50164
2018,4,11620,8,35~39세,44465
2018,4,11620,9,40~44세,35715
2018,4,11620,10,45~49세,39955
2018,4,11620,11,50~54세,36540
2018,4,11620,12,55~59세,38895
2018,4,11620,13,60~64세,32830
2018,4,11620,14,65~69세,24482
2018,4,11620,15,70~74세,19927
2018,4,11620,16,75~79세,15265
2018,4,11620,17,80~84세,7688
2018,4,11620,18,85~89세,3128
2018,4,11620,19,90~94세,1139
2018,4,11620,20,95~99세,328
2018,4,11620,21,100세 이상,292
2018,4,11650,1,0~4세,16015
2018,4,11650,2,5~9세,21796
2018,4,11650,3,10~14세,22891
2018,4,11650,4,15~19세,24291
2018,4,11650,5,20~24세,26556
2018,4,11650,6,25~29세,31473
2018,4,11650,7,30~34세,31783
2018,4,11650,8,35~39세,38462
2018,4,11650,9,40~44세,38118
2018,4,11650,10,45~49세,42630
2018,4,11650,11,50~54세,32956
2018,4,11650,12,55~59세,29880
2018,4,11650,13,60~64세,26561
2018,4,11650,14,65~69세,18978
2018,4,11650,15,70~74세,15167
2018,4,11650,16,75~79세,10177
2018,4,11650,17,80~84세,5809
2018,4,11650,18,85~89세,2782
2018,4,11650,19,90~94세,1244
2018,4,11650,20,95~99세,407
2018,4,11650,21,100세 이상,187
2018,4,11680,1,0~4세,16532
2018,4,11680,2,5~9세,22889
2018,4,11680,3,10~14세,27476
2018,4,11680,4,15~19세,33643
2018,4,11680,5,20~24세,35734
2018,4,11680,6,25~29세,42140
2018,4,11680,7,30~34세,41547
2018,4,11680,8,35~39세,47747
2018,4,11680,9,40~44세,45946
2018,4,11680,10,45~49세,54344
2018,4,11680,11,50~54세,42844
2018,4,11680,12,55~59세,36872
2018,4,11680,13,60~64세,32654
2018,4,11680,14,65~69세,23679
2018,4,11680,15,70~74세,18636
2018,4,11680,16,75~79세,12153
2018,4,11680,17,80~84세,6872
2018,4,11680,18,85~89세,3507
2018,4,11680,19,90~94세,1513
2018,4,11680,20,95~99세,480
2018,4,11680,21,100세 이상,245
2018,4,11710,1,0~4세,25575
2018,4,11710,2,5~9세,28591
2018,4,11710,3,10~14세,28893
2018,4,11710,4,15~19세,34622
2018,4,11710,5,20~24세,43001
2018,4,11710,6,25~29세,52917
2018,4,11710,7,30~34세,54859
2018,4,11710,8,35~39세,61250
2018,4,11710,9,40~44세,52518
2018,4,11710,10,45~49세,58778
2018,4,11710,11,50~54세,52200
2018,4,11710,12,55~59세,53114
2018,4,11710,13,60~64세,45825
2018,4,11710,14,65~69세,30618
2018,4,11710,15,70~74세,21596
2018,4,11710,16,75~79세,14288
2018,4,11710,17,80~84세,8237
2018,4,11710,18,85~89세,4191
2018,4,11710,19,90~94세,1685
2018,4,11710,20,95~99세,501
2018,4,11710,21,100세 이상,248
2018,4,11740,1,0~4세,14952
2018,4,11740,2,5~9세,17065
2018,4,11740,3,10~14세,17611
2018,4,11740,4,15~19세,21712
2018,4,11740,5,20~24세,27170
2018,4,11740,6,25~29세,31697
2018,4,11740,7,30~34세,31149
2018,4,11740,8,35~39세,37044
2018,4,11740,9,40~44세,32696
2018,4,11740,10,45~49세,37149
2018,4,11740,11,50~54세,34760
2018,4,11740,12,55~59세,37448
2018,4,11740,13,60~64세,32697
2018,4,11740,14,65~69세,21754
2018,4,11740,15,70~74세,15713
2018,4,11740,16,75~79세,10592
2018,4,11740,17,80~84세,5979
2018,4,11740,18,85~89세,2958
2018,4,11740,19,90~94세,1221
2018,4,11740,20,95~99세,342
2018,4,11740,21,100세 이상,211
2019,1,11110,1,0~4세,3891
2019,1,11110,2,5~9세,4866
2019,1,11110,3,10~14세,5427
2019,1,11110,4,15~19세,7463
2019,1,11110,5,20~24세,14557
2019,1,11110,6,25~29세,14007
2019,1,11110,7,30~34세,11099
2019,1,11110,8,35~39세,11535
2019,1,11110,9,40~44세,10720
2019,1,11110,10,45~49세,13986
2019,1,11110,11,50~54세,13344
2019,1,11110,12,55~59세,13607
2019,1,11110,13,60~64세,11430
2019,1,11110,14,65~69세,7801
2019,1,11110,15,70~74세,6689
2019,1,11110,16,75~79세,5917
2019,1,11110,17,80~84세,3625
2019,1,11110,18,85~89세,1735
2019,1,11110,19,90~94세,698
2019,1,11110,20,95~99세,281
2019,1,11110,21,100세 이상,235
2019,1,11140,1,0~4세,4103
2019,1,11140,2,5~9세,3936
2019,1,11140,3,10~14세,3427
2019,1,11140,4,15~19세,4680
2019,1,11140,5,20~24세,9823
2019,1,11140,6,25~29세,11784
2019,1,11140,7,30~34세,11074
2019,1,11140,8,35~39세,11445
2019,1,11140,9,40~44세,9403
2019,1,11140,10,45~49세,10804
2019,1,11140,11,50~54세,10913
2019,1,11140,12,55~59세,11739
2019,1,11140,13,60~64세,10284
2019,1,11140,14,65~69세,6873
2019,1,11140,15,70~74세,5521
2019,1,11140,16,75~79세,4741
2019,1,11140,17,80~84세,2898
2019,1,11140,18,85~89세,1454
2019,1,11140,19,90~94세,556
2019,1,11140,20,95~99세,198
2019,1,11140,21,100세 이상,180
2019,1,11170,1,0~4세,7578
2019,1,11170,2,5~9세,8239
2019,1,11170,3,10~14세,8117
2019,1,11170,4,15~19세,9970
2019,1,11170,5,20~24세,15373
2019,1,11170,6,25~29세,20386
2019,1,11170,7,30~34세,20462
2019,1,11170,8,35~39세,21876
2019,1,11170,9,40~44세,18500
2019,1,11170,10,45~49세,21589
2019,1,11170,11,50~54세,19270
2019,1,11170,12,55~59세,19237
2019,1,11170,13,60~64세,16493
2019,1,11170,14,65~69세,11123
2019,1,11170,15,70~74세,9159
2019,1,11170,16,75~79세,8021
2019,1,11170,17,80~84세,5384
2019,1,11170,18,85~89세,2574
2019,1,11170,19,90~94세,1050
2019,1,11170,20,95~99세,397
2019,1,11170,21,100세 이상,341
2019,1,11200,1,0~4세,11957
2019,1,11200,2,5~9세,10926
2019,1,11200,3,10~14세,10047
2019,1,11200,4,15~19세,13099
2019,1,11200,5,20~24세,23053
2019,1,11200,6,25~29세,26886
2019,1,11200,7,30~34세,25727
2019,1,11200,8,35~39세,28295
2019,1,11200,9,40~44세,23294
2019,1,11200,10,45~49세,26377
2019,1,11200,11,50~54세,25162
2019,1,11200,12,55~59세,25448
2019,1,11200,13,60~64세,21261
2019,1,11200,14,65~69세,13845
2019,1,11200,15,70~74세,11119
2019,1,11200,16,75~79세,9082
2019,1,11200,17,80~84세,5431
2019,1,11200,18,85~89세,2307
2019,1,11200,19,90~94세,803
2019,1,11200,20,95~99세,254
2019,1,11200,21,100세 이상,235
2019,1,11215,1,0~4세,11161
2019,1,11215,2,5~9세,12333
2019,1,11215,3,10~14세,12861
2019,1,11215,4,15~19세,16701
2019,1,11215,5,20~24세,30430
2019,1,11215,6,25~29세,36799
2019,1,11215,7,30~34세,31377
2019,1,11215,8,35~39세,31004
2019,1,11215,9,40~44세,26504
2019,1,11215,10,45~49세,31132
2019,1,11215,11,50~54세,29614
2019,1,11215,12,55~59세,29952
2019,1,11215,13,60~64세,24502
2019,1,11215,14,65~69세,15573
2019,1,11215,15,70~74세,12246
2019,1,11215,16,75~79세,9333
2019,1,11215,17,80~84세,5431
2019,1,11215,18,85~89세,2374
2019,1,11215,19,90~94세,865
2019,1,11215,20,95~99세,273
2019,1,11215,21,100세 이상,193
2019,1,11230,1,0~4세,11056
2019,1,11230,2,5~9세,11852
2019,1,11230,3,10~14세,11467
2019,1,11230,4,15~19세,15672
2019,1,11230,5,20~24세,32777
2019,1,11230,6,25~29세,31743
2019,1,11230,7,30~34세,25608
2019,1,11230,8,35~39세,28563
2019,1,11230,9,40~44세,25278
2019,1,11230,10,45~49세,29066
2019,1,11230,11,50~54세,27849
2019,1,11230,12,55~59세,28795
2019,1,11230,13,60~64세,25966
2019,1,11230,14,65~69세,18073
2019,1,11230,15,70~74세,15150
2019,1,11230,16,75~79세,12444
2019,1,11230,17,80~84세,7164
2019,1,11230,18,85~89세,3032
2019,1,11230,19,90~94세,1075
2019,1,11230,20,95~99세,373
2019,1,11230,21,100세 이상,259
2019,1,11260,1,0~4세,12630
2019,1,11260,2,5~9세,13494
2019,1,11260,3,10~14세,13002
2019,1,11260,4,15~19세,17278
2019,1,11260,5,20~24세,26368
2019,1,11260,6,25~29세,31997
2019,1,11260,7,30~34세,29693
2019,1,11260,8,35~39세,33004
2019,1,11260,9,40~44세,27809
2019,1,11260,10,45~49세,34013
2019,1,11260,11,50~54세,35312
2019,1,11260,12,55~59세,37777
2019,1,11260,13,60~64세,32045
2019,1,11260,14,65~69세,21417
2019,1,11260,15,70~74세,16782
2019,1,11260,16,75~79세,12859
2019,1,11260,17,80~84세,7131
2019,1,11260,18,85~89세,2987
2019,1,11260,19,90~94세,1114
2019,1,11260,20,95~99세,320
2019,1,11260,21,100세 이상,179
2019,1,11290,1,0~4세,14053
2019,1,11290,2,5~9세,17426
2019,1,11290,3,10~14세,17980
2019,1,11290,4,15~19세,22768
2019,1,11290,5,20~24세,36435
2019,1,11290,6,25~29세,34839
2019,1,11290,7,30~34세,29221
2019,1,11290,8,35~39세,34470
2019,1,11290,9,40~44세,33337
2019,1,11290,10,45~49세,40690
2019,1,11290,11,50~54세,35282
2019,1,11290,12,55~59세,34614
2019,1,11290,13,60~64세,30294
2019,1,11290,14,65~69세,21264
2019,1,11290,15,70~74세,17725
2019,1,11290,16,75~79세,14928
2019,1,11290,17,80~84세,8873
2019,1,11290,18,85~89세,3716
2019,1,11290,19,90~94세,1356
2019,1,11290,20,95~99세,410
2019,1,11290,21,100세 이상,340
2019,1,11305,1,0~4세,8339
2019,1,11305,2,5~9세,10125
2019,1,11305,3,10~14세,10633
2019,1,11305,4,15~19세,14329
2019,1,11305,5,20~24세,21435
2019,1,11305,6,25~29세,23366
2019,1,11305,7,30~34세,19827
2019,1,11305,8,35~39세,23686
2019,1,11305,9,40~44세,22558
2019,1,11305,10,45~49세,28060
2019,1,11305,11,50~54세,26814
2019,1,11305,12,55~59세,28040
2019,1,11305,13,60~64세,25081
2019,1,11305,14,65~69세,18308
2019,1,11305,15,70~74세,15929
2019,1,11305,16,75~79세,13132
2019,1,11305,17,80~84세,7148
2019,1,11305,18,85~89세,2772
2019,1,11305,19,90~94세,1019
2019,1,11305,20,95~99세,321
2019,1,11305,21,100세 이상,229
2019,1,11320,1,0~4세,9939
2019,1,11320,2,5~9세,11843
2019,1,11320,3,10~14세,12421
2019,1,11320,4,15~19세,16799
2019,1,11320,5,20~24세,22744
2019,1,11320,6,25~29세,23697
2019,1,11320,7,30~34세,20686
2019,1,11320,8,35~39세,24777
2019,1,11320,9,40~44세,23282
2019,1,11320,10,45~49세,29688
2019,1,11320,11,50~54세,29065
2019,1,11320,12,55~59세,30715
2019,1,11320,13,60~64세,27691
2019,1,11320,14,65~69세,18226
2019,1,11320,15,70~74세,14513
2019,1,11320,16,75~79세,12083
2019,1,11320,17,80~84세,6974
2019,1,11320,18,85~89세,3294
2019,1,11320,19,90~94세,1174
2019,1,11320,20,95~99세,332
2019,1,11320,21,100세 이상,146
2019,1,11350,1,0~4세,16640
2019,1,11350,2,5~9세,20920
2019,1,11350,3,10~14세,25610
2019,1,11350,4,15~19세,34301
2019,1,11350,5,20~24세,41783
2019,1,11350,6,25~29세,36139
2019,1,11350,7,30~34세,31716
2019,1,11350,8,35~39세,39345
2019,1,11350,9,40~44세,40596
2019,1,11350,10,45~49세,52497
2019,1,11350,11,50~54세,46058
2019,1,11350,12,55~59세,43915
2019,1,11350,13,60~64세,37796
2019,1,11350,14,65~69세,25302
2019,1,11350,15,70~74세,19571
2019,1,11350,16,75~79세,16041
2019,1,11350,17,80~84세,10109
2019,1,11350,18,85~89세,4765
2019,1,11350,19,90~94세,1644
2019,1,11350,20,95~99세,482
2019,1,11350,21,100세 이상,256
2019,1,11380,1,0~4세,15480
2019,1,11380,2,5~9세,17865
2019,1,11380,3,10~14세,18638
2019,1,11380,4,15~19세,23929
2019,1,11380,5,20~24세,31115
2019,1,11380,6,25~29세,35559
2019,1,11380,7,30~34세,32815
2019,1,11380,8,35~39세,40017
2019,1,11380,9,40~44세,36941
2019,1,11380,10,45~49세,43675
2019,1,11380,11,50~54세,39161
2019,1,11380,12,55~59세,39945
2019,1,11380,13,60~64세,35167
2019,1,11380,14,65~69세,24759
2019,1,11380,15,70~74세,20737
2019,1,11380,16,75~79세,16862
2019,1,11380,17,80~84세,9793
2019,1,11380,18,85~89세,3993
2019,1,11380,19,90~94세,1451
2019,1,11380,20,95~99세,425
2019,1,11380,21,100세 이상,386
2019,1,11410,1,0~4세,10168
2019,1,11410,2,5~9세,11208
2019,1,11410,3,10~14세,11159
2019,1,11410,4,15~19세,15028
2019,1,11410,5,20~24세,27458
2019,1,11410,6,25~29세,28478
2019,1,11410,7,30~34세,22549
2019,1,11410,8,35~39세,24873
2019,1,11410,9,40~44세,22757
2019,1,11410,10,45~49세,27522
2019,1,11410,11,50~54세,25414
2019,1,11410,12,55~59세,25182
2019,1,11410,13,60~64세,21723
2019,1,11410,14,65~69세,14947
2019,1,11410,15,70~74세,13027
2019,1,11410,16,75~79세,11351
2019,1,11410,17,80~84세,7110
2019,1,11410,18,85~89세,2959
2019,1,11410,19,90~94세,1085
2019,1,11410,20,95~99세,350
2019,1,11410,21,100세 이상,256
2019,1,11440,1,0~4세,13585
2019,1,11440,2,5~9세,13986
2019,1,11440,3,10~14세,14398
2019,1,11440,4,15~19세,16788
2019,1,11440,5,20~24세,28705
2019,1,11440,6,25~29세,36651
2019,1,11440,7,30~34세,33501
2019,1,11440,8,35~39세,35182
2019,1,11440,9,40~44세,30836
2019,1,11440,10,45~49세,33886
2019,1,11440,11,50~54세,28344
2019,1,11440,12,55~59세,26929
2019,1,11440,13,60~64세,22487
2019,1,11440,14,65~69세,15237
2019,1,11440,15,70~74세,13204
2019,1,11440,16,75~79세,11124
2019,1,11440,17,80~84세,6865
2019,1,11440,18,85~89세,3140
2019,1,11440,19,90~94세,1059
2019,1,11440,20,95~99세,360
2019,1,11440,21,100세 이상,304
2019,1,11470,1,0~4세,14384
2019,1,11470,2,5~9세,20307
2019,1,11470,3,10~14세,24882
2019,1,11470,4,15~19세,29389
2019,1,11470,5,20~24세,31439
2019,1,11470,6,25~29세,30725
2019,1,11470,7,30~34세,27909
2019,1,11470,8,35~39세,35053
2019,1,11470,9,40~44세,36870
2019,1,11470,10,45~49세,46079
2019,1,11470,11,50~54세,40872
2019,1,11470,12,55~59세,38122
2019,1,11470,13,60~64세,31661
2019,1,11470,14,65~69세,21161
2019,1,11470,15,70~74세,15345
2019,1,11470,16,75~79세,10902
2019,1,11470,17,80~84세,6595
2019,1,11470,18,85~89세,3240
2019,1,11470,19,90~94세,1179
2019,1,11470,20,95~99세,346
2019,1,11470,21,100세 이상,162
2019,1,11500,1,0~4세,22504
2019,1,11500,2,5~9세,23710
2019,1,11500,3,10~14세,22187
2019,1,11500,4,15~19세,26881
2019,1,11500,5,20~24세,37238
2019,1,11500,6,25~29세,51262
2019,1,11500,7,30~34세,51160
2019,1,11500,8,35~39세,56241
2019,1,11500,9,40~44세,46368
2019,1,11500,10,45~49세,49102
2019,1,11500,11,50~54세,44105
2019,1,11500,12,55~59세,48230
2019,1,11500,13,60~64세,42995
2019,1,11500,14,65~69세,28903
2019,1,11500,15,70~74세,21361
2019,1,11500,16,75~79세,14949
2019,1,11500,17,80~84세,8873
2019,1,11500,18,85~89세,4423
2019,1,11500,19,90~94세,1722
2019,1,11500,20,95~99세,458
2019,1,11500,21,100세 이상,214
2019,1,11530,1,0~4세,15778
2019,1,11530,2,5~9세,17084
2019,1,11530,3,10~14세,15214
2019,1,11530,4,15~19세,17912
2019,1,11530,5,20~24세,25602
2019,1,11530,6,25~29세,32460
2019,1,11530,7,30~34세,33334
2019,1,11530,8,35~39세,38312
2019,1,11530,9,40~44세,33781
2019,1,11530,10,45~49세,37684
2019,1,11530,11,50~54세,36443
2019,1,11530,12,55~59세,39482
2019,1,11530,13,60~64세,32786
2019,1,11530,14,65~69세,22277
2019,1,11530,15,70~74세,17032
2019,1,11530,16,75~79세,12345
2019,1,11530,17,80~84세,7080
2019,1,11530,18,85~89세,2844
2019,1,11530,19,90~94세,997
2019,1,11530,20,95~99세,286
2019,1,11530,21,100세 이상,156
2019,1,11545,1,0~4세,7876
2019,1,11545,2,5~9세,7898
2019,1,11545,3,10~14세,7378
2019,1,11545,4,15~19세,9689
2019,1,11545,5,20~24세,15698
2019,1,11545,6,25~29세,21532
2019,1,11545,7,30~34세,19790
2019,1,11545,8,35~39세,20072
2019,1,11545,9,40~44세,17441
2019,1,11545,10,45~49세,21995
2019,1,11545,11,50~54세,23643
2019,1,11545,12,55~59세,25559
2019,1,11545,13,60~64세,19372
2019,1,11545,14,65~69세,12721
2019,1,11545,15,70~74세,9720
2019,1,11545,16,75~79세,7356
2019,1,11545,17,80~84세,3890
2019,1,11545,18,85~89세,1699
2019,1,11545,19,90~94세,576
2019,1,11545,20,95~99세,183
2019,1,11545,21,100세 이상,156
2019,1,11560,1,0~4세,14671
2019,1,11560,2,5~9세,13550
2019,1,11560,3,10~14세,11993
2019,1,11560,4,15~19세,14806
2019,1,11560,5,20~24세,23183
2019,1,11560,6,25~29세,35563
2019,1,11560,7,30~34세,36733
2019,1,11560,8,35~39세,35963
2019,1,11560,9,40~44세,29539
2019,1,11560,10,45~49세,34157
2019,1,11560,11,50~54세,33497
2019,1,11560,12,55~59세,35903
2019,1,11560,13,60~64세,28535
2019,1,11560,14,65~69세,18597
2019,1,11560,15,70~74세,14724
2019,1,11560,16,75~79세,11418
2019,1,11560,17,80~84세,7019
2019,1,11560,18,85~89세,3012
2019,1,11560,19,90~94세,1105
2019,1,11560,20,95~99세,325
2019,1,11560,21,100세 이상,263
2019,1,11590,1,0~4세,13594
2019,1,11590,2,5~9세,14395
2019,1,11590,3,10~14세,13634
2019,1,11590,4,15~19세,17473
2019,1,11590,5,20~24세,32206
2019,1,11590,6,25~29세,38954
2019,1,11590,7,30~34세,33240
2019,1,11590,8,35~39세,34554
2019,1,11590,9,40~44세,29967
2019,1,11590,10,45~49세,33030
2019,1,11590,11,50~54세,30638
2019,1,11590,12,55~59세,32247
2019,1,11590,13,60~64세,27637
2019,1,11590,14,65~69세,19533
2019,1,11590,15,70~74세,16092
2019,1,11590,16,75~79세,12474
2019,1,11590,17,80~84세,7270
2019,1,11590,18,85~89세,3221
2019,1,11590,19,90~94세,1249
2019,1,11590,20,95~99세,348
2019,1,11590,21,100세 이상,275
2019,1,11620,1,0~4세,13285
2019,1,11620,2,5~9세,13982
2019,1,11620,3,10~14세,13883
2019,1,11620,4,15~19세,18895
2019,1,11620,5,20~24세,42294
2019,1,11620,6,25~29세,67548
2019,1,11620,7,30~34세,50065
2019,1,11620,8,35~39세,43854
2019,1,11620,9,40~44세,35356
2019,1,11620,10,45~49세,39688
2019,1,11620,11,50~54세,36621
2019,1,11620,12,55~59세,38762
2019,1,11620,13,60~64세,33407
2019,1,11620,14,65~69세,24503
2019,1,11620,15,70~74세,20086
2019,1,11620,16,75~79세,15345
2019,1,11620,17,80~84세,8011
2019,1,11620,18,85~89세,3241
2019,1,11620,19,90~94세,1175
2019,1,11620,20,95~99세,341
2019,1,11620,21,100세 이상,303
2019,1,11650,1,0~4세,15625
2019,1,11650,2,5~9세,21762
2019,1,11650,3,10~14세,22624
2019,1,11650,4,15~19세,24022
2019,1,11650,5,20~24세,26313
2019,1,11650,6,25~29세,31353
2019,1,11650,7,30~34세,31546
2019,1,11650,8,35~39세,38144
2019,1,11650,9,40~44세,37862
2019,1,11650,10,45~49세,42615
2019,1,11650,11,50~54세,33219
2019,1,11650,12,55~59세,29759
2019,1,11650,13,60~64세,26797
2019,1,11650,14,65~69세,19064
2019,1,11650,15,70~74세,15378
2019,1,11650,16,75~79세,10291
2019,1,11650,17,80~84세,5941
2019,1,11650,18,85~89세,2810
2019,1,11650,19,90~94세,1275
2019,1,11650,20,95~99세,419
2019,1,11650,21,100세 이상,188
2019,1,11680,1,0~4세,16081
2019,1,11680,2,5~9세,23296
2019,1,11680,3,10~14세,27774
2019,1,11680,4,15~19세,32803
2019,1,11680,5,20~24세,34983
2019,1,11680,6,25~29세,42191
2019,1,11680,7,30~34세,41119
2019,1,11680,8,35~39세,47439
2019,1,11680,9,40~44세,46480
2019,1,11680,10,45~49세,54172
2019,1,11680,11,50~54세,42745
2019,1,11680,12,55~59세,36850
2019,1,11680,13,60~64세,32838
2019,1,11680,14,65~69세,23836
2019,1,11680,15,70~74세,18977
2019,1,11680,16,75~79세,12375
2019,1,11680,17,80~84세,7018
2019,1,11680,18,85~89세,3569
2019,1,11680,19,90~94세,1580
2019,1,11680,20,95~99세,493
2019,1,11680,21,100세 이상,256
2019,1,11710,1,0~4세,25963
2019,1,11710,2,5~9세,29372
2019,1,11710,3,10~14세,29222
2019,1,11710,4,15~19세,34526
2019,1,11710,5,20~24세,43347
2019,1,11710,6,25~29세,54057
2019,1,11710,7,30~34세,55713
2019,1,11710,8,35~39세,62268
2019,1,11710,9,40~44세,53768
2019,1,11710,10,45~49세,59207
2019,1,11710,11,50~54세,53405
2019,1,11710,12,55~59세,53796
2019,1,11710,13,60~64세,47225
2019,1,11710,14,65~69세,31371
2019,1,11710,15,70~74세,22293
2019,1,11710,16,75~79세,14519
2019,1,11710,17,80~84세,8504
2019,1,11710,18,85~89세,4302
2019,1,11710,19,90~94세,1731
2019,1,11710,20,95~99세,515
2019,1,11710,21,100세 이상,257
2019,1,11740,1,0~4세,14466
2019,1,11740,2,5~9세,16992
2019,1,11740,3,10~14세,17533
2019,1,11740,4,15~19세,21263
2019,1,11740,5,20~24세,26709
2019,1,11740,6,25~29세,31555
2019,1,11740,7,30~34세,30535
2019,1,11740,8,35~39세,36541
2019,1,11740,9,40~44세,32711
2019,1,11740,10,45~49세,36648
2019,1,11740,11,50~54세,34787
2019,1,11740,12,55~59세,37175
2019,1,11740,13,60~64세,32944
2019,1,11740,14,65~69세,22037
2019,1,11740,15,70~74세,16035
2019,1,11740,16,75~79세,10725
2019,1,11740,17,80~84세,6096
2019,1,11740,18,85~89세,3012
2019,1,11740,19,90~94세,1261
2019,1,11740,20,95~99세,362
2019,1,11740,21,100세 이상,214
2019,2,11110,1,0~4세,3841
2019,2,11110,2,5~9세,4824
2019,2,11110,3,10~14세,5349
2019,2,11110,4,15~19세,7444
2019,2,11110,5,20~24세,14542
2019,2,11110,6,25~29세,14003
2019,2,11110,7,30~34세,11173
2019,2,11110,8,35~39세,11294
2019,2,11110,9,40~44세,10583
2019,2,11110,10,45~49세,13868
2019,2,11110,11,50~54세,13293
2019,2,11110,12,55~59세,13601
2019,2,11110,13,60~64세,11443
2019,2,11110,14,65~69세,7875
2019,2,11110,15,70~74세,6691
2019,2,11110,16,75~79세,5925
2019,2,11110,17,80~84세,3687
2019,2,11110,18,85~89세,1755
2019,2,11110,19,90~94세,702
2019,2,11110,20,95~99세,276
2019,2,11110,21,100세 이상,244
2019,2,11140,1,0~4세,4083
2019,2,11140,2,5~9세,3962
2019,2,11140,3,10~14세,3366
2019,2,11140,4,15~19세,4699
2019,2,11140,5,20~24세,9811
2019,2,11140,6,25~29세,11975
2019,2,11140,7,30~34세,11166
2019,2,11140,8,35~39세,11389
2019,2,11140,9,40~44세,9394
2019,2,11140,10,45~49세,10780
2019,2,11140,11,50~54세,10949
2019,2,11140,12,55~59세,11680
2019,2,11140,13,60~64세,10273
2019,2,11140,14,65~69세,7002
2019,2,11140,15,70~74세,5570
2019,2,11140,16,75~79세,4778
2019,2,11140,17,80~84세,2954
2019,2,11140,18,85~89세,1484
2019,2,11140,19,90~94세,580
2019,2,11140,20,95~99세,194
2019,2,11140,21,100세 이상,187
2019,2,11170,1,0~4세,7555
2019,2,11170,2,5~9세,8263
2019,2,11170,3,10~14세,8053
2019,2,11170,4,15~19세,9804
2019,2,11170,5,20~24세,15226
2019,2,11170,6,25~29세,20598
2019,2,11170,7,30~34세,20462
2019,2,11170,8,35~39세,21902
2019,2,11170,9,40~44세,18354
2019,2,11170,10,45~49세,21408
2019,2,11170,11,50~54세,19405
2019,2,11170,12,55~59세,19162
2019,2,11170,13,60~64세,16618
2019,2,11170,14,65~69세,11213
2019,2,11170,15,70~74세,9166
2019,2,11170,16,75~79세,8052
2019,2,11170,17,80~84세,5430
2019,2,11170,18,85~89세,2572
2019,2,11170,19,90~94세,1089
2019,2,11170,20,95~99세,387
2019,2,11170,21,100세 이상,350
2019,2,11200,1,0~4세,11767
2019,2,11200,2,5~9세,11018
2019,2,11200,3,10~14세,9940
2019,2,11200,4,15~19세,12771
2019,2,11200,5,20~24세,22766
2019,2,11200,6,25~29세,26975
2019,2,11200,7,30~34세,25523
2019,2,11200,8,35~39세,27941
2019,2,11200,9,40~44세,23092
2019,2,11200,10,45~49세,26209
2019,2,11200,11,50~54세,25059
2019,2,11200,12,55~59세,25296
2019,2,11200,13,60~64세,21264
2019,2,11200,14,65~69세,13992
2019,2,11200,15,70~74세,11106
2019,2,11200,16,75~79세,9171
2019,2,11200,17,80~84세,5444
2019,2,11200,18,85~89세,2335
2019,2,11200,19,90~94세,824
2019,2,11200,20,95~99세,259
2019,2,11200,21,100세 이상,239
2019,2,11215,1,0~4세,10839
2019,2,11215,2,5~9세,12247
2019,2,11215,3,10~14세,12756
2019,2,11215,4,15~19세,16419
2019,2,11215,5,20~24세,30234
2019,2,11215,6,25~29세,37093
2019,2,11215,7,30~34세,31246
2019,2,11215,8,35~39세,30674
2019,2,11215,9,40~44세,26234
2019,2,11215,10,45~49세,30919
2019,2,11215,11,50~54세,29686
2019,2,11215,12,55~59세,29781
2019,2,11215,13,60~64세,24569
2019,2,11215,14,65~69세,15751
2019,2,11215,15,70~74세,12265
2019,2,11215,16,75~79세,9487
2019,2,11215,17,80~84세,5532
2019,2,11215,18,85~89세,2383
2019,2,11215,19,90~94세,890
2019,2,11215,20,95~99세,269
2019,2,11215,21,100세 이상,196
2019,2,11230,1,0~4세,10976
2019,2,11230,2,5~9세,11862
2019,2,11230,3,10~14세,11411
2019,2,11230,4,15~19세,15583
2019,2,11230,5,20~24세,32654
2019,2,11230,6,25~29세,32025
2019,2,11230,7,30~34세,25602
2019,2,11230,8,35~39세,28460
2019,2,11230,9,40~44세,25117
2019,2,11230,10,45~49세,28874
2019,2,11230,11,50~54세,27832
2019,2,11230,12,55~59세,28630
2019,2,11230,13,60~64세,25997
2019,2,11230,14,65~69세,18378
2019,2,11230,15,70~74세,15005
2019,2,11230,16,75~79세,12575
2019,2,11230,17,80~84세,7276
2019,2,11230,18,85~89세,3104
2019,2,11230,19,90~94세,1100
2019,2,11230,20,95~99세,375
2019,2,11230,21,100세 이상,265
2019,2,11260,1,0~4세,12475
2019,2,11260,2,5~9세,13394
2019,2,11260,3,10~14세,12913
2019,2,11260,4,15~19세,16800
2019,2,11260,5,20~24세,25927
2019,2,11260,6,25~29세,32118
2019,2,11260,7,30~34세,29595
2019,2,11260,8,35~39세,32505
2019,2,11260,9,40~44세,27570
2019,2,11260,10,45~49세,33637
2019,2,11260,11,50~54세,35188
2019,2,11260,12,55~59세,37667
2019,2,11260,13,60~64세,32180
2019,2,11260,14,65~69세,21787
2019,2,11260,15,70~74세,16865
2019,2,11260,16,75~79세,13037
2019,2,11260,17,80~84세,7273
2019,2,11260,18,85~89세,3088
2019,2,11260,19,90~94세,1121
2019,2,11260,20,95~99세,318
2019,2,11260,21,100세 이상,181
2019,2,11290,1,0~4세,13980
2019,2,11290,2,5~9세,17429
2019,2,11290,3,10~14세,17933
2019,2,11290,4,15~19세,22712
2019,2,11290,5,20~24세,36620
2019,2,11290,6,25~29세,35543
2019,2,11290,7,30~34세,29334
2019,2,11290,8,35~39세,34500
2019,2,11290,9,40~44세,33061
2019,2,11290,10,45~49세,40838
2019,2,11290,11,50~54세,35660
2019,2,11290,12,55~59세,34685
2019,2,11290,13,60~64세,30656
2019,2,11290,14,65~69세,21544
2019,2,11290,15,70~74세,17752
2019,2,11290,16,75~79세,15071
2019,2,11290,17,80~84세,9023
2019,2,11290,18,85~89세,3794
2019,2,11290,19,90~94세,1403
2019,2,11290,20,95~99세,400
2019,2,11290,21,100세 이상,354
2019,2,11305,1,0~4세,8127
2019,2,11305,2,5~9세,10038
2019,2,11305,3,10~14세,10549
2019,2,11305,4,15~19세,14060
2019,2,11305,5,20~24세,21180
2019,2,11305,6,25~29세,23377
2019,2,11305,7,30~34세,19694
2019,2,11305,8,35~39세,23172
2019,2,11305,9,40~44세,22293
2019,2,11305,10,45~49세,27796
2019,2,11305,11,50~54세,26776
2019,2,11305,12,55~59세,27863
2019,2,11305,13,60~64세,25263
2019,2,11305,14,65~69세,18291
2019,2,11305,15,70~74세,15956
2019,2,11305,16,75~79세,13276
2019,2,11305,17,80~84세,7287
2019,2,11305,18,85~89세,2793
2019,2,11305,19,90~94세,1041
2019,2,11305,20,95~99세,315
2019,2,11305,21,100세 이상,230
2019,2,11320,1,0~4세,9725
2019,2,11320,2,5~9세,11800
2019,2,11320,3,10~14세,12223
2019,2,11320,4,15~19세,16476
2019,2,11320,5,20~24세,22442
2019,2,11320,6,25~29세,23835
2019,2,11320,7,30~34세,20623
2019,2,11320,8,35~39세,24557
2019,2,11320,9,40~44세,22959
2019,2,11320,10,45~49세,29490
2019,2,11320,11,50~54세,29073
2019,2,11320,12,55~59세,30513
2019,2,11320,13,60~64세,27918
2019,2,11320,14,65~69세,18495
2019,2,11320,15,70~74세,14549
2019,2,11320,16,75~79세,12174
2019,2,11320,17,80~84세,7126
2019,2,11320,18,85~89세,3349
2019,2,11320,19,90~94세,1200
2019,2,11320,20,95~99세,323
2019,2,11320,21,100세 이상,151
2019,2,11350,1,0~4세,16263
2019,2,11350,2,5~9세,20753
2019,2,11350,3,10~14세,25241
2019,2,11350,4,15~19세,33595
2019,2,11350,5,20~24세,41209
2019,2,11350,6,25~29세,36355
2019,2,11350,7,30~34세,31448
2019,2,11350,8,35~39세,38618
2019,2,11350,9,40~44세,39995
2019,2,11350,10,45~49세,52085
2019,2,11350,11,50~54세,46206
2019,2,11350,12,55~59세,43734
2019,2,11350,13,60~64세,38055
2019,2,11350,14,65~69세,25646
2019,2,11350,15,70~74세,19731
2019,2,11350,16,75~79세,16179
2019,2,11350,17,80~84세,10247
2019,2,11350,18,85~89세,4838
2019,2,11350,19,90~94세,1667
2019,2,11350,20,95~99세,478
2019,2,11350,21,100세 이상,260
2019,2,11380,1,0~4세,15311
2019,2,11380,2,5~9세,17665
2019,2,11380,3,10~14세,18556
2019,2,11380,4,15~19세,23531
2019,2,11380,5,20~24세,30932
2019,2,11380,6,25~29세,36037
2019,2,11380,7,30~34세,32758
2019,2,11380,8,35~39세,39662
2019,2,11380,9,40~44세,36513
2019,2,11380,10,45~49세,43542
2019,2,11380,11,50~54세,39324
2019,2,11380,12,55~59세,39826
2019,2,11380,13,60~64세,35346
2019,2,11380,14,65~69세,25136
2019,2,11380,15,70~74세,20769
2019,2,11380,16,75~79세,17048
2019,2,11380,17,80~84세,9964
2019,2,11380,18,85~89세,4034
2019,2,11380,19,90~94세,1513
2019,2,11380,20,95~99세,432
2019,2,11380,21,100세 이상,386
2019,2,11410,1,0~4세,10011
2019,2,11410,2,5~9세,11187
2019,2,11410,3,10~14세,11093
2019,2,11410,4,15~19세,15019
2019,2,11410,5,20~24세,27411
2019,2,11410,6,25~29세,28748
2019,2,11410,7,30~34세,22570
2019,2,11410,8,35~39세,24676
2019,2,11410,9,40~44세,22489
2019,2,11410,10,45~49세,27379
2019,2,11410,11,50~54세,25425
2019,2,11410,12,55~59세,25064
2019,2,11410,13,60~64세,21865
2019,2,11410,14,65~69세,15038
2019,2,11410,15,70~74세,13035
2019,2,11410,16,75~79세,11309
2019,2,11410,17,80~84세,7250
2019,2,11410,18,85~89세,3005
2019,2,11410,19,90~94세,1116
2019,2,11410,20,95~99세,349
2019,2,11410,21,100세 이상,265
2019,2,11440,1,0~4세,13419
2019,2,11440,2,5~9세,13947
2019,2,11440,3,10~14세,14301
2019,2,11440,4,15~19세,16678
2019,2,11440,5,20~24세,28653
2019,2,11440,6,25~29세,36939
2019,2,11440,7,30~34세,33452
2019,2,11440,8,35~39세,34864
2019,2,11440,9,40~44세,30516
2019,2,11440,10,45~49세,33718
2019,2,11440,11,50~54세,28488
2019,2,11440,12,55~59세,26802
2019,2,11440,13,60~64세,22595
2019,2,11440,14,65~69세,15354
2019,2,11440,15,70~74세,13150
2019,2,11440,16,75~79세,11194
2019,2,11440,17,80~84세,6952
2019,2,11440,18,85~89세,3200
2019,2,11440,19,90~94세,1095
2019,2,11440,20,95~99세,352
2019,2,11440,21,100세 이상,316
2019,2,11470,1,0~4세,14010
2019,2,11470,2,5~9세,20196
2019,2,11470,3,10~14세,24597
2019,2,11470,4,15~19세,28858
2019,2,11470,5,20~24세,31223
2019,2,11470,6,25~29세,30969
2019,2,11470,7,30~34세,27752
2019,2,11470,8,35~39세,34544
2019,2,11470,9,40~44세,36481
2019,2,11470,10,45~49세,45743
2019,2,11470,11,50~54세,40978
2019,2,11470,12,55~59세,38097
2019,2,11470,13,60~64세,31916
2019,2,11470,14,65~69세,21501
2019,2,11470,15,70~74세,15520
2019,2,11470,16,75~79세,11013
2019,2,11470,17,80~84세,6671
2019,2,11470,18,85~89세,3292
2019,2,11470,19,90~94세,1227
2019,2,11470,20,95~99세,339
2019,2,11470,21,100세 이상,168
2019,2,11500,1,0~4세,22108
2019,2,11500,2,5~9세,23622
2019,2,11500,3,10~14세,22097
2019,2,11500,4,15~19세,26537
2019,2,11500,5,20~24세,36796
2019,2,11500,6,25~29세,51874
2019,2,11500,7,30~34세,51150
2019,2,11500,8,35~39세,55638
2019,2,11500,9,40~44세,46020
2019,2,11500,10,45~49세,49032
2019,2,11500,11,50~54세,44262
2019,2,11500,12,55~59세,47737
2019,2,11500,13,60~64세,43392
2019,2,11500,14,65~69세,29337
2019,2,11500,15,70~74세,21595
2019,2,11500,16,75~79세,15058
2019,2,11500,17,80~84세,9073
2019,2,11500,18,85~89세,4451
2019,2,11500,19,90~94세,1769
2019,2,11500,20,95~99세,464
2019,2,11500,21,100세 이상,218
2019,2,11530,1,0~4세,15641
2019,2,11530,2,5~9세,17107
2019,2,11530,3,10~14세,15160
2019,2,11530,4,15~19세,17715
2019,2,11530,5,20~24세,25363
2019,2,11530,6,25~29세,32901
2019,2,11530,7,30~34세,33484
2019,2,11530,8,35~39세,37987
2019,2,11530,9,40~44세,33551
2019,2,11530,10,45~49세,37712
2019,2,11530,11,50~54세,36501
2019,2,11530,12,55~59세,39340
2019,2,11530,13,60~64세,32838
2019,2,11530,14,65~69세,22657
2019,2,11530,15,70~74세,17232
2019,2,11530,16,75~79세,12502
2019,2,11530,17,80~84세,7233
2019,2,11530,18,85~89세,2914
2019,2,11530,19,90~94세,1038
2019,2,11530,20,95~99세,294
2019,2,11530,21,100세 이상,158
2019,2,11545,1,0~4세,7767
2019,2,11545,2,5~9세,7832
2019,2,11545,3,10~14세,7320
2019,2,11545,4,15~19세,9455
2019,2,11545,5,20~24세,15530
2019,2,11545,6,25~29세,22096
2019,2,11545,7,30~34세,19868
2019,2,11545,8,35~39세,19944
2019,2,11545,9,40~44세,17257
2019,2,11545,10,45~49세,21738
2019,2,11545,11,50~54세,23526
2019,2,11545,12,55~59세,25429
2019,2,11545,13,60~64세,19572
2019,2,11545,14,65~69세,12858
2019,2,11545,15,70~74세,9801
2019,2,11545,16,75~79세,7447
2019,2,11545,17,80~84세,3962
2019,2,11545,18,85~89세,1748
2019,2,11545,19,90~94세,576
2019,2,11545,20,95~99세,175
2019,2,11545,21,100세 이상,160
2019,2,11560,1,0~4세,14589
2019,2,11560,2,5~9세,13571
2019,2,11560,3,10~14세,11984
2019,2,11560,4,15~19세,14514
2019,2,11560,5,20~24세,23026
2019,2,11560,6,25~29세,35987
2019,2,11560,7,30~34세,36873
2019,2,11560,8,35~39세,35881
2019,2,11560,9,40~44세,29414
2019,2,11560,10,45~49세,33889
2019,2,11560,11,50~54세,33419
2019,2,11560,12,55~59세,35675
2019,2,11560,13,60~64세,28516
2019,2,11560,14,65~69세,18752
2019,2,11560,15,70~74세,14756
2019,2,11560,16,75~79세,11483
2019,2,11560,17,80~84세,7142
2019,2,11560,18,85~89세,3065
2019,2,11560,19,90~94세,1103
2019,2,11560,20,95~99세,326
2019,2,11560,21,100세 이상,264
2019,2,11590,1,0~4세,13403
2019,2,11590,2,5~9세,14436
2019,2,11590,3,10~14세,13615
2019,2,11590,4,15~19세,17198
2019,2,11590,5,20~24세,32156
2019,2,11590,6,25~29세,39547
2019,2,11590,7,30~34세,33380
2019,2,11590,8,35~39세,34166
2019,2,11590,9,40~44세,29693
2019,2,11590,10,45~49세,32872
2019,2,11590,11,50~54세,30725
2019,2,11590,12,55~59세,32075
2019,2,11590,13,60~64세,27725
2019,2,11590,14,65~69세,19697
2019,2,11590,15,70~74세,16179
2019,2,11590,16,75~79세,12542
2019,2,11590,17,80~84세,7370
2019,2,11590,18,85~89세,3304
2019,2,11590,19,90~94세,1266
2019,2,11590,20,95~99세,369
2019,2,11590,21,100세 이상,282
2019,2,11620,1,0~4세,13023
2019,2,11620,2,5~9세,13902
2019,2,11620,3,10~14세,13710
2019,2,11620,4,15~19세,18529
2019,2,11620,5,20~24세,42033
2019,2,11620,6,25~29세,68622
2019,2,11620,7,30~34세,50255
2019,2,11620,8,35~39세,43230
2019,2,11620,9,40~44세,34962
2019,2,11620,10,45~49세,39504
2019,2,11620,11,50~54세,36666
2019,2,11620,12,55~59세,38321
2019,2,11620,13,60~64세,33414
2019,2,11620,14,65~69세,24678
2019,2,11620,15,70~74세,20113
2019,2,11620,16,75~79세,15531
2019,2,11620,17,80~84세,8228
2019,2,11620,18,85~89세,3279
2019,2,11620,19,90~94세,1214
2019,2,11620,20,95~99세,345
2019,2,11620,21,100세 이상,305
2019,2,11650,1,0~4세,15296
2019,2,11650,2,5~9세,21625
2019,2,11650,3,10~14세,22476
2019,2,11650,4,15~19세,23704
2019,2,11650,5,20~24세,26199
2019,2,11650,6,25~29세,31408
2019,2,11650,7,30~34세,31553
2019,2,11650,8,35~39세,37648
2019,2,11650,9,40~44세,37420
2019,2,11650,10,45~49세,42535
2019,2,11650,11,50~54세,33393
2019,2,11650,12,55~59세,29601
2019,2,11650,13,60~64세,26920
2019,2,11650,14,65~69세,19180
2019,2,11650,15,70~74세,15466
2019,2,11650,16,75~79세,10419
2019,2,11650,17,80~84세,6037
2019,2,11650,18,85~89세,2826
2019,2,11650,19,90~94세,1314
2019,2,11650,20,95~99세,417
2019,2,11650,21,100세 이상,194
2019,2,11680,1,0~4세,15851
2019,2,11680,2,5~9세,23216
2019,2,11680,3,10~14세,27578
2019,2,11680,4,15~19세,32549
2019,2,11680,5,20~24세,35106
2019,2,11680,6,25~29세,42728
2019,2,11680,7,30~34세,41228
2019,2,11680,8,35~39세,46977
2019,2,11680,9,40~44세,46190
2019,2,11680,10,45~49세,54035
2019,2,11680,11,50~54세,43272
2019,2,11680,12,55~59세,36868
2019,2,11680,13,60~64세,32993
2019,2,11680,14,65~69세,24180
2019,2,11680,15,70~74세,19100
2019,2,11680,16,75~79세,12618
2019,2,11680,17,80~84세,7114
2019,2,11680,18,85~89세,3638
2019,2,11680,19,90~94세,1609
2019,2,11680,20,95~99세,496
2019,2,11680,21,100세 이상,256
2019,2,11710,1,0~4세,25750
2019,2,11710,2,5~9세,29412
2019,2,11710,3,10~14세,29035
2019,2,11710,4,15~19세,33975
2019,2,11710,5,20~24세,43090
2019,2,11710,6,25~29세,54806
2019,2,11710,7,30~34세,55886
2019,2,11710,8,35~39세,62086
2019,2,11710,9,40~44세,53587
2019,2,11710,10,45~49세,59031
2019,2,11710,11,50~54세,53633
2019,2,11710,12,55~59세,53663
2019,2,11710,13,60~64세,47487
2019,2,11710,14,65~69세,31959
2019,2,11710,15,70~74세,22485
2019,2,11710,16,75~79세,14839
2019,2,11710,17,80~84세,8580
2019,2,11710,18,85~89세,4350
2019,2,11710,19,90~94세,1763
2019,2,11710,20,95~99세,498
2019,2,11710,21,100세 이상,266
2019,2,11740,1,0~4세,14192
2019,2,11740,2,5~9세,16986
2019,2,11740,3,10~14세,17352
2019,2,11740,4,15~19세,20870
2019,2,11740,5,20~24세,26529
2019,2,11740,6,25~29세,31892
2019,2,11740,7,30~34세,30267
2019,2,11740,8,35~39세,36108
2019,2,11740,9,40~44세,32426
2019,2,11740,10,45~49세,36537
2019,2,11740,11,50~54세,34701
2019,2,11740,12,55~59세,36917
2019,2,11740,13,60~64세,33113
2019,2,11740,14,65~69세,22459
2019,2,11740,15,70~74세,16182
2019,2,11740,16,75~79세,10911
2019,2,11740,17,80~84세,6186
2019,2,11740,18,85~89세,3035
2019,2,11740,19,90~94세,1313
2019,2,11740,20,95~99세,353
2019,2,11740,21,100세 이상,218
2019,3,11110,1,0~4세,3759
2019,3,11110,2,5~9세,4842
2019,3,11110,3,10~14세,5328
2019,3,11110,4,15~19세,7548
2019,3,11110,5,20~24세,15060
2019,3,11110,6,25~29세,14009
2019,3,11110,7,30~34세,11098
2019,3,11110,8,35~39세,11170
2019,3,11110,9,40~44세,10557
2019,3,11110,10,45~49세,13740
2019,3,11110,11,50~54세,13327
2019,3,11110,12,55~59세,13567
2019,3,11110,13,60~64세,11461
2019,3,11110,14,65~69세,7925
2019,3,11110,15,70~74세,6733
2019,3,11110,16,75~79세,5918
2019,3,11110,17,80~84세,3787
2019,3,11110,18,85~89세,1786
2019,3,11110,19,90~94세,720
2019,3,11110,20,95~99세,276
2019,3,11110,21,100세 이상,249
2019,3,11140,1,0~4세,4051
2019,3,11140,2,5~9세,3968
2019,3,11140,3,10~14세,3374
2019,3,11140,4,15~19세,4615
2019,3,11140,5,20~24세,9906
2019,3,11140,6,25~29세,12128
2019,3,11140,7,30~34세,11178
2019,3,11140,8,35~39세,11414
2019,3,11140,9,40~44세,9363
2019,3,11140,10,45~49세,10637
2019,3,11140,11,50~54세,11087
2019,3,11140,12,55~59세,11636
2019,3,11140,13,60~64세,10281
2019,3,11140,14,65~69세,7047
2019,3,11140,15,70~74세,5691
2019,3,11140,16,75~79세,4776
2019,3,11140,17,80~84세,3020
2019,3,11140,18,85~89세,1495
2019,3,11140,19,90~94세,608
2019,3,11140,20,95~99세,198
2019,3,11140,21,100세 이상,190
2019,3,11170,1,0~4세,7466
2019,3,11170,2,5~9세,8253
2019,3,11170,3,10~14세,7973
2019,3,11170,4,15~19세,9720
2019,3,11170,5,20~24세,15257
2019,3,11170,6,25~29세,20779
2019,3,11170,7,30~34세,20573
2019,3,11170,8,35~39세,21607
2019,3,11170,9,40~44세,18340
2019,3,11170,10,45~49세,21238
2019,3,11170,11,50~54세,19490
2019,3,11170,12,55~59세,19081
2019,3,11170,13,60~64세,16681
2019,3,11170,14,65~69세,11276
2019,3,11170,15,70~74세,9273
2019,3,11170,16,75~79세,8028
2019,3,11170,17,80~84세,5475
2019,3,11170,18,85~89세,2629
2019,3,11170,19,90~94세,1106
2019,3,11170,20,95~99세,396
2019,3,11170,21,100세 이상,348
2019,3,11200,1,0~4세,11538
2019,3,11200,2,5~9세,11025
2019,3,11200,3,10~14세,9846
2019,3,11200,4,15~19세,12519
2019,3,11200,5,20~24세,22763
2019,3,11200,6,25~29세,26886
2019,3,11200,7,30~34세,25336
2019,3,11200,8,35~39세,27629
2019,3,11200,9,40~44세,22888
2019,3,11200,10,45~49세,25789
2019,3,11200,11,50~54세,24931
2019,3,11200,12,55~59세,25203
2019,3,11200,13,60~64세,21275
2019,3,11200,14,65~69세,14040
2019,3,11200,15,70~74세,11204
2019,3,11200,16,75~79세,9169
2019,3,11200,17,80~84세,5531
2019,3,11200,18,85~89세,2383
2019,3,11200,19,90~94세,847
2019,3,11200,20,95~99세,252
2019,3,11200,21,100세 이상,236
2019,3,11215,1,0~4세,10544
2019,3,11215,2,5~9세,12212
2019,3,11215,3,10~14세,12608
2019,3,11215,4,15~19세,16465
2019,3,11215,5,20~24세,30134
2019,3,11215,6,25~29세,37317
2019,3,11215,7,30~34세,31020
2019,3,11215,8,35~39세,30129
2019,3,11215,9,40~44세,26173
2019,3,11215,10,45~49세,30524
2019,3,11215,11,50~54세,29649
2019,3,11215,12,55~59세,29449
2019,3,11215,13,60~64세,24766
2019,3,11215,14,65~69세,15924
2019,3,11215,15,70~74세,12410
2019,3,11215,16,75~79세,9544
2019,3,11215,17,80~84세,5611
2019,3,11215,18,85~89세,2458
2019,3,11215,19,90~94세,924
2019,3,11215,20,95~99세,273
2019,3,11215,21,100세 이상,203
2019,3,11230,1,0~4세,10831
2019,3,11230,2,5~9세,11891
2019,3,11230,3,10~14세,11384
2019,3,11230,4,15~19세,15400
2019,3,11230,5,20~24세,33246
2019,3,11230,6,25~29세,32212
2019,3,11230,7,30~34세,25556
2019,3,11230,8,35~39세,28192
2019,3,11230,9,40~44세,25176
2019,3,11230,10,45~49세,28566
2019,3,11230,11,50~54세,27949
2019,3,11230,12,55~59세,28429
2019,3,11230,13,60~64세,26183
2019,3,11230,14,65~69세,18569
2019,3,11230,15,70~74세,15199
2019,3,11230,16,75~79세,12631
2019,3,11230,17,80~84세,7399
2019,3,11230,18,85~89세,3200
2019,3,11230,19,90~94세,1117
2019,3,11230,20,95~99세,377
2019,3,11230,21,100세 이상,272
2019,3,11260,1,0~4세,12143
2019,3,11260,2,5~9세,13279
2019,3,11260,3,10~14세,12783
2019,3,11260,4,15~19세,16497
2019,3,11260,5,20~24세,25487
2019,3,11260,6,25~29세,32322
2019,3,11260,7,30~34세,29280
2019,3,11260,8,35~39세,31955
2019,3,11260,9,40~44세,27618
2019,3,11260,10,45~49세,32981
2019,3,11260,11,50~54세,35217
2019,3,11260,12,55~59세,37339
2019,3,11260,13,60~64세,32426
2019,3,11260,14,65~69세,21941
2019,3,11260,15,70~74세,17147
2019,3,11260,16,75~79세,13131
2019,3,11260,17,80~84세,7413
2019,3,11260,18,85~89세,3160
2019,3,11260,19,90~94세,1149
2019,3,11260,20,95~99세,328
2019,3,11260,21,100세 이상,180
2019,3,11290,1,0~4세,13817
2019,3,11290,2,5~9세,17436
2019,3,11290,3,10~14세,17835
2019,3,11290,4,15~19세,22663
2019,3,11290,5,20~24세,37559
2019,3,11290,6,25~29세,35847
2019,3,11290,7,30~34세,29449
2019,3,11290,8,35~39세,34167
2019,3,11290,9,40~44세,32994
2019,3,11290,10,45~49세,40633
2019,3,11290,11,50~54세,36054
2019,3,11290,12,55~59세,34549
2019,3,11290,13,60~64세,30907
2019,3,11290,14,65~69세,21722
2019,3,11290,15,70~74세,18033
2019,3,11290,16,75~79세,15142
2019,3,11290,17,80~84세,9247
2019,3,11290,18,85~89세,3851
2019,3,11290,19,90~94세,1450
2019,3,11290,20,95~99세,401
2019,3,11290,21,100세 이상,358
2019,3,11305,1,0~4세,7891
2019,3,11305,2,5~9세,9969
2019,3,11305,3,10~14세,10386
2019,3,11305,4,15~19세,13742
2019,3,11305,5,20~24세,21034
2019,3,11305,6,25~29세,23440
2019,3,11305,7,30~34세,19414
2019,3,11305,8,35~39세,22727
2019,3,11305,9,40~44세,22064
2019,3,11305,10,45~49세,27499
2019,3,11305,11,50~54세,26778
2019,3,11305,12,55~59세,27692
2019,3,11305,13,60~64세,25431
2019,3,11305,14,65~69세,18426
2019,3,11305,15,70~74세,16088
2019,3,11305,16,75~79세,13352
2019,3,11305,17,80~84세,7482
2019,3,11305,18,85~89세,2848
2019,3,11305,19,90~94세,1061
2019,3,11305,20,95~99세,315
2019,3,11305,21,100세 이상,236
2019,3,11320,1,0~4세,9427
2019,3,11320,2,5~9세,11683
2019,3,11320,3,10~14세,12113
2019,3,11320,4,15~19세,16178
2019,3,11320,5,20~24세,22181
2019,3,11320,6,25~29세,23870
2019,3,11320,7,30~34세,20451
2019,3,11320,8,35~39세,24140
2019,3,11320,9,40~44세,22857
2019,3,11320,10,45~49세,29051
2019,3,11320,11,50~54세,29084
2019,3,11320,12,55~59세,30264
2019,3,11320,13,60~64세,28225
2019,3,11320,14,65~69세,18700
2019,3,11320,15,70~74세,14826
2019,3,11320,16,75~79세,12184
2019,3,11320,17,80~84세,7307
2019,3,11320,18,85~89세,3353
2019,3,11320,19,90~94세,1236
2019,3,11320,20,95~99세,309
2019,3,11320,21,100세 이상,155
2019,3,11350,1,0~4세,15695
2019,3,11350,2,5~9세,20648
2019,3,11350,3,10~14세,24948
2019,3,11350,4,15~19세,33130
2019,3,11350,5,20~24세,41009
2019,3,11350,6,25~29세,36290
2019,3,11350,7,30~34세,31233
2019,3,11350,8,35~39세,37799
2019,3,11350,9,40~44세,39635
2019,3,11350,10,45~49세,51298
2019,3,11350,11,50~54세,46460
2019,3,11350,12,55~59세,43479
2019,3,11350,13,60~64세,38237
2019,3,11350,14,65~69세,25918
2019,3,11350,15,70~74세,20012
2019,3,11350,16,75~79세,16281
2019,3,11350,17,80~84세,10376
2019,3,11350,18,85~89세,4937
2019,3,11350,19,90~94세,1700
2019,3,11350,20,95~99세,488
2019,3,11350,21,100세 이상,256
2019,3,11380,1,0~4세,14807
2019,3,11380,2,5~9세,17561
2019,3,11380,3,10~14세,18325
2019,3,11380,4,15~19세,23206
2019,3,11380,5,20~24세,30585
2019,3,11380,6,25~29세,36395
2019,3,11380,7,30~34세,32655
2019,3,11380,8,35~39세,38928
2019,3,11380,9,40~44세,36260
2019,3,11380,10,45~49세,43072
2019,3,11380,11,50~54세,39478
2019,3,11380,12,55~59세,39409
2019,3,11380,13,60~64세,35521
2019,3,11380,14,65~69세,25200
2019,3,11380,15,70~74세,21049
2019,3,11380,16,75~79세,17076
2019,3,11380,17,80~84세,10147
2019,3,11380,18,85~89세,4111
2019,3,11380,19,90~94세,1559
2019,3,11380,20,95~99세,428
2019,3,11380,21,100세 이상,387
2019,3,11410,1,0~4세,9737
2019,3,11410,2,5~9세,11156
2019,3,11410,3,10~14세,11077
2019,3,11410,4,15~19세,14988
2019,3,11410,5,20~24세,28030
2019,3,11410,6,25~29세,28760
2019,3,11410,7,30~34세,22431
2019,3,11410,8,35~39세,24372
2019,3,11410,9,40~44세,22430
2019,3,11410,10,45~49세,27049
2019,3,11410,11,50~54세,25475
2019,3,11410,12,55~59세,24925
2019,3,11410,13,60~64세,21951
2019,3,11410,14,65~69세,15094
2019,3,11410,15,70~74세,13109
2019,3,11410,16,75~79세,11301
2019,3,11410,17,80~84세,7340
2019,3,11410,18,85~89세,3069
2019,3,11410,19,90~94세,1167
2019,3,11410,20,95~99세,352
2019,3,11410,21,100세 이상,276
2019,3,11440,1,0~4세,13137
2019,3,11440,2,5~9세,13914
2019,3,11440,3,10~14세,14176
2019,3,11440,4,15~19세,16628
2019,3,11440,5,20~24세,29079
2019,3,11440,6,25~29세,37066
2019,3,11440,7,30~34세,33213
2019,3,11440,8,35~39세,34595
2019,3,11440,9,40~44세,30304
2019,3,11440,10,45~49세,33498
2019,3,11440,11,50~54세,28598
2019,3,11440,12,55~59세,26711
2019,3,11440,13,60~64세,22725
2019,3,11440,14,65~69세,15344
2019,3,11440,15,70~74세,13277
2019,3,11440,16,75~79세,11217
2019,3,11440,17,80~84세,7093
2019,3,11440,18,85~89세,3227
2019,3,11440,19,90~94세,1126
2019,3,11440,20,95~99세,357
2019,3,11440,21,100세 이상,320
2019,3,11470,1,0~4세,13611
2019,3,11470,2,5~9세,20178
2019,3,11470,3,10~14세,24458
2019,3,11470,4,15~19세,28541
2019,3,11470,5,20~24세,30979
2019,3,11470,6,25~29세,31159
2019,3,11470,7,30~34세,27530
2019,3,11470,8,35~39세,34054
2019,3,11470,9,40~44세,36379
2019,3,11470,10,45~49세,45338
2019,3,11470,11,50~54세,41033
2019,3,11470,12,55~59세,37948
2019,3,11470,13,60~64세,32236
2019,3,11470,14,65~69세,21728
2019,3,11470,15,70~74세,15779
2019,3,11470,16,75~79세,11124
2019,3,11470,17,80~84세,6777
2019,3,11470,18,85~89세,3334
2019,3,11470,19,90~94세,1231
2019,3,11470,20,95~99세,341
2019,3,11470,21,100세 이상,173
2019,3,11500,1,0~4세,21417
2019,3,11500,2,5~9세,23545
2019,3,11500,3,10~14세,21903
2019,3,11500,4,15~19세,26213
2019,3,11500,5,20~24세,36303
2019,3,11500,6,25~29세,52358
2019,3,11500,7,30~34세,50945
2019,3,11500,8,35~39세,54826
2019,3,11500,9,40~44세,45888
2019,3,11500,10,45~49세,48632
2019,3,11500,11,50~54세,44319
2019,3,11500,12,55~59세,47204
2019,3,11500,13,60~64세,43750
2019,3,11500,14,65~69세,29485
2019,3,11500,15,70~74세,22124
2019,3,11500,16,75~79세,15164
2019,3,11500,17,80~84세,9187
2019,3,11500,18,85~89세,4494
2019,3,11500,19,90~94세,1797
2019,3,11500,20,95~99세,467
2019,3,11500,21,100세 이상,219
2019,3,11530,1,0~4세,15705
2019,3,11530,2,5~9세,17124
2019,3,11530,3,10~14세,15159
2019,3,11530,4,15~19세,17513
2019,3,11530,5,20~24세,25230
2019,3,11530,6,25~29세,33353
2019,3,11530,7,30~34세,33452
2019,3,11530,8,35~39세,37681
2019,3,11530,9,40~44세,33645
2019,3,11530,10,45~49세,37637
2019,3,11530,11,50~54세,36479
2019,3,11530,12,55~59세,38908
2019,3,11530,13,60~64세,33012
2019,3,11530,14,65~69세,22784
2019,3,11530,15,70~74세,17597
2019,3,11530,16,75~79세,12691
2019,3,11530,17,80~84세,7366
2019,3,11530,18,85~89세,3006
2019,3,11530,19,90~94세,1060
2019,3,11530,20,95~99세,293
2019,3,11530,21,100세 이상,155
2019,3,11545,1,0~4세,7624
2019,3,11545,2,5~9세,7765
2019,3,11545,3,10~14세,7248
2019,3,11545,4,15~19세,9302
2019,3,11545,5,20~24세,15367
2019,3,11545,6,25~29세,22219
2019,3,11545,7,30~34세,19752
2019,3,11545,8,35~39세,19642
2019,3,11545,9,40~44세,17167
2019,3,11545,10,45~49세,21439
2019,3,11545,11,50~54세,23408
2019,3,11545,12,55~59세,25125
2019,3,11545,13,60~64세,19619
2019,3,11545,14,65~69세,13002
2019,3,11545,15,70~74세,9924
2019,3,11545,16,75~79세,7524
2019,3,11545,17,80~84세,4051
2019,3,11545,18,85~89세,1764
2019,3,11545,19,90~94세,583
2019,3,11545,20,95~99세,178
2019,3,11545,21,100세 이상,165
2019,3,11560,1,0~4세,14324
2019,3,11560,2,5~9세,13556
2019,3,11560,3,10~14세,11903
2019,3,11560,4,15~19세,14238
2019,3,11560,5,20~24세,22860
2019,3,11560,6,25~29세,36245
2019,3,11560,7,30~34세,36919
2019,3,11560,8,35~39세,35565
2019,3,11560,9,40~44세,29276
2019,3,11560,10,45~49세,33323
2019,3,11560,11,50~54세,33250
2019,3,11560,12,55~59세,35234
2019,3,11560,13,60~64세,28435
2019,3,11560,14,65~69세,18831
2019,3,11560,15,70~74세,14955
2019,3,11560,16,75~79세,11502
2019,3,11560,17,80~84세,7216
2019,3,11560,18,85~89세,3132
2019,3,11560,19,90~94세,1115
2019,3,11560,20,95~99세,334
2019,3,11560,21,100세 이상,265
2019,3,11590,1,0~4세,13047
2019,3,11590,2,5~9세,14392
2019,3,11590,3,10~14세,13492
2019,3,11590,4,15~19세,16969
2019,3,11590,5,20~24세,31934
2019,3,11590,6,25~29세,39726
2019,3,11590,7,30~34세,33238
2019,3,11590,8,35~39세,33566
2019,3,11590,9,40~44세,29717
2019,3,11590,10,45~49세,32507
2019,3,11590,11,50~54세,30635
2019,3,11590,12,55~59세,31770
2019,3,11590,13,60~64세,27887
2019,3,11590,14,65~69세,19775
2019,3,11590,15,70~74세,16390
2019,3,11590,16,75~79세,12620
2019,3,11590,17,80~84세,7499
2019,3,11590,18,85~89세,3381
2019,3,11590,19,90~94세,1297
2019,3,11590,20,95~99세,355
2019,3,11590,21,100세 이상,290
2019,3,11620,1,0~4세,12621
2019,3,11620,2,5~9세,13931
2019,3,11620,3,10~14세,13634
2019,3,11620,4,15~19세,18223
2019,3,11620,5,20~24세,41934
2019,3,11620,6,25~29세,69379
2019,3,11620,7,30~34세,50307
2019,3,11620,8,35~39세,42829
2019,3,11620,9,40~44세,34908
2019,3,11620,10,45~49세,39138
2019,3,11620,11,50~54세,36826
2019,3,11620,12,55~59세,38043
2019,3,11620,13,60~64세,33662
2019,3,11620,14,65~69세,24742
2019,3,11620,15,70~74세,20415
2019,3,11620,16,75~79세,15720
2019,3,11620,17,80~84세,8454
2019,3,11620,18,85~89세,3318
2019,3,11620,19,90~94세,1223
2019,3,11620,20,95~99세,340
2019,3,11620,21,100세 이상,306
2019,3,11650,1,0~4세,14938
2019,3,11650,2,5~9세,21587
2019,3,11650,3,10~14세,22429
2019,3,11650,4,15~19세,23768
2019,3,11650,5,20~24세,26071
2019,3,11650,6,25~29세,31452
2019,3,11650,7,30~34세,31464
2019,3,11650,8,35~39세,37087
2019,3,11650,9,40~44세,37286
2019,3,11650,10,45~49세,42336
2019,3,11650,11,50~54세,33639
2019,3,11650,12,55~59세,29648
2019,3,11650,13,60~64세,27098
2019,3,11650,14,65~69세,19202
2019,3,11650,15,70~74세,15736
2019,3,11650,16,75~79세,10575
2019,3,11650,17,80~84세,6113
2019,3,11650,18,85~89세,2866
2019,3,11650,19,90~94세,1347
2019,3,11650,20,95~99세,413
2019,3,11650,21,100세 이상,203
2019,3,11680,1,0~4세,15587
2019,3,11680,2,5~9세,23241
2019,3,11680,3,10~14세,27859
2019,3,11680,4,15~19세,32803
2019,3,11680,5,20~24세,35068
2019,3,11680,6,25~29세,42661
2019,3,11680,7,30~34세,41228
2019,3,11680,8,35~39세,46455
2019,3,11680,9,40~44세,46510
2019,3,11680,10,45~49세,53835
2019,3,11680,11,50~54세,43745
2019,3,11680,12,55~59세,36913
2019,3,11680,13,60~64세,33109
2019,3,11680,14,65~69세,24287
2019,3,11680,15,70~74세,19582
2019,3,11680,16,75~79세,12844
2019,3,11680,17,80~84세,7206
2019,3,11680,18,85~89세,3717
2019,3,11680,19,90~94세,1642
2019,3,11680,20,95~99세,484
2019,3,11680,21,100세 이상,267
2019,3,11710,1,0~4세,25190
2019,3,11710,2,5~9세,29288
2019,3,11710,3,10~14세,28940
2019,3,11710,4,15~19세,33418
2019,3,11710,5,20~24세,42559
2019,3,11710,6,25~29세,55109
2019,3,11710,7,30~34세,55790
2019,3,11710,8,35~39세,61422
2019,3,11710,9,40~44세,53515
2019,3,11710,10,45~49세,58247
2019,3,11710,11,50~54세,53875
2019,3,11710,12,55~59세,53220
2019,3,11710,13,60~64세,47703
2019,3,11710,14,65~69세,32336
2019,3,11710,15,70~74세,22998
2019,3,11710,16,75~79세,15040
2019,3,11710,17,80~84세,8697
2019,3,11710,18,85~89세,4394
2019,3,11710,19,90~94세,1827
2019,3,11710,20,95~99세,506
2019,3,11710,21,100세 이상,264
2019,3,11740,1,0~4세,14068
2019,3,11740,2,5~9세,17071
2019,3,11740,3,10~14세,17289
2019,3,11740,4,15~19세,20719
2019,3,11740,5,20~24세,26468
2019,3,11740,6,25~29세,32356
2019,3,11740,7,30~34세,30603
2019,3,11740,8,35~39세,35980
2019,3,11740,9,40~44세,32710
2019,3,11740,10,45~49세,36401
2019,3,11740,11,50~54세,34815
2019,3,11740,12,55~59세,36808
2019,3,11740,13,60~64세,33524
2019,3,11740,14,65~69세,22737
2019,3,11740,15,70~74세,16618
2019,3,11740,16,75~79세,11087
2019,3,11740,17,80~84세,6317
2019,3,11740,18,85~89세,3044
2019,3,11740,19,90~94세,1328
2019,3,11740,20,95~99세,355
2019,3,11740,21,100세 이상,224
2019,4,11110,1,0~4세,3689
2019,4,11110,2,5~9세,4825
2019,4,11110,3,10~14세,5256
2019,4,11110,4,15~19세,7507
2019,4,11110,5,20~24세,14593
2019,4,11110,6,25~29세,13958
2019,4,11110,7,30~34세,11008
2019,4,11110,8,35~39세,10905
2019,4,11110,9,40~44세,10550
2019,4,11110,10,45~49세,13615
2019,4,11110,11,50~54세,13323
2019,4,11110,12,55~59세,13545
2019,4,11110,13,60~64세,11576
2019,4,11110,14,65~69세,7959
2019,4,11110,15,70~74세,6754
2019,4,11110,16,75~79세,5858
2019,4,11110,17,80~84세,3849
2019,4,11110,18,85~89세,1844
2019,4,11110,19,90~94세,727
2019,4,11110,20,95~99세,275
2019,4,11110,21,100세 이상,253
2019,4,11140,1,0~4세,4021
2019,4,11140,2,5~9세,3949
2019,4,11140,3,10~14세,3347
2019,4,11140,4,15~19세,4662
2019,4,11140,5,20~24세,9817
2019,4,11140,6,25~29세,12105
2019,4,11140,7,30~34세,11237
2019,4,11140,8,35~39세,11281
2019,4,11140,9,40~44세,9391
2019,4,11140,10,45~49세,10531
2019,4,11140,11,50~54세,10959
2019,4,11140,12,55~59세,11589
2019,4,11140,13,60~64세,10324
2019,4,11140,14,65~69세,7187
2019,4,11140,15,70~74세,5728
2019,4,11140,16,75~79세,4756
2019,4,11140,17,80~84세,3061
2019,4,11140,18,85~89세,1518
2019,4,11140,19,90~94세,632
2019,4,11140,20,95~99세,206
2019,4,11140,21,100세 이상,187
2019,4,11170,1,0~4세,7504
2019,4,11170,2,5~9세,8133
2019,4,11170,3,10~14세,7889
2019,4,11170,4,15~19세,9626
2019,4,11170,5,20~24세,15253
2019,4,11170,6,25~29세,21037
2019,4,11170,7,30~34세,20748
2019,4,11170,8,35~39세,21507
2019,4,11170,9,40~44세,18287
2019,4,11170,10,45~49세,21037
2019,4,11170,11,50~54세,19598
2019,4,11170,12,55~59세,18966
2019,4,11170,13,60~64세,16809
2019,4,11170,14,65~69세,11413
2019,4,11170,15,70~74세,9306
2019,4,11170,16,75~79세,7979
2019,4,11170,17,80~84세,5533
2019,4,11170,18,85~89세,2673
2019,4,11170,19,90~94세,1129
2019,4,11170,20,95~99세,403
2019,4,11170,21,100세 이상,355
2019,4,11200,1,0~4세,11370
2019,4,11200,2,5~9세,10928
2019,4,11200,3,10~14세,9645
2019,4,11200,4,15~19세,12316
2019,4,11200,5,20~24세,22455
2019,4,11200,6,25~29세,26763
2019,4,11200,7,30~34세,25183
2019,4,11200,8,35~39세,27121
2019,4,11200,9,40~44세,22796
2019,4,11200,10,45~49세,25348
2019,4,11200,11,50~54세,24810
2019,4,11200,12,55~59세,24905
2019,4,11200,13,60~64세,21392
2019,4,11200,14,65~69세,14118
2019,4,11200,15,70~74세,11307
2019,4,11200,16,75~79세,9155
2019,4,11200,17,80~84세,5567
2019,4,11200,18,85~89세,2458
2019,4,11200,19,90~94세,869
2019,4,11200,20,95~99세,236
2019,4,11200,21,100세 이상,237
2019,4,11215,1,0~4세,10307
2019,4,11215,2,5~9세,12122
2019,4,11215,3,10~14세,12482
2019,4,11215,4,15~19세,16225
2019,4,11215,5,20~24세,29842
2019,4,11215,6,25~29세,37545
2019,4,11215,7,30~34세,31069
2019,4,11215,8,35~39세,29529
2019,4,11215,9,40~44세,26106
2019,4,11215,10,45~49세,30161
2019,4,11215,11,50~54세,29571
2019,4,11215,12,55~59세,29113
2019,4,11215,13,60~64세,24998
2019,4,11215,14,65~69세,16207
2019,4,11215,15,70~74세,12485
2019,4,11215,16,75~79세,9514
2019,4,11215,17,80~84세,5782
2019,4,11215,18,85~89세,2502
2019,4,11215,19,90~94세,936
2019,4,11215,20,95~99세,271
2019,4,11215,21,100세 이상,205
2019,4,11230,1,0~4세,10735
2019,4,11230,2,5~9세,11805
2019,4,11230,3,10~14세,11312
2019,4,11230,4,15~19세,15206
2019,4,11230,5,20~24세,32766
2019,4,11230,6,25~29세,32363
2019,4,11230,7,30~34세,25634
2019,4,11230,8,35~39세,27823
2019,4,11230,9,40~44세,25194
2019,4,11230,10,45~49세,28382
2019,4,11230,11,50~54세,27816
2019,4,11230,12,55~59세,28220
2019,4,11230,13,60~64세,26417
2019,4,11230,14,65~69세,18766
2019,4,11230,15,70~74세,15406
2019,4,11230,16,75~79세,12590
2019,4,11230,17,80~84세,7476
2019,4,11230,18,85~89세,3308
2019,4,11230,19,90~94세,1144
2019,4,11230,20,95~99세,384
2019,4,11230,21,100세 이상,276
2019,4,11260,1,0~4세,11975
2019,4,11260,2,5~9세,13095
2019,4,11260,3,10~14세,12623
2019,4,11260,4,15~19세,16115
2019,4,11260,5,20~24세,25102
2019,4,11260,6,25~29세,32307
2019,4,11260,7,30~34세,29263
2019,4,11260,8,35~39세,31439
2019,4,11260,9,40~44세,27542
2019,4,11260,10,45~49세,32582
2019,4,11260,11,50~54세,34926
2019,4,11260,12,55~59세,36909
2019,4,11260,13,60~64세,32982
2019,4,11260,14,65~69세,22285
2019,4,11260,15,70~74세,17278
2019,4,11260,16,75~79세,13089
2019,4,11260,17,80~84세,7590
2019,4,11260,18,85~89세,3221
2019,4,11260,19,90~94세,1189
2019,4,11260,20,95~99세,326
2019,4,11260,21,100세 이상,186
2019,4,11290,1,0~4세,13848
2019,4,11290,2,5~9세,17483
2019,4,11290,3,10~14세,17664
2019,4,11290,4,15~19세,22629
2019,4,11290,5,20~24세,37032
2019,4,11290,6,25~29세,36053
2019,4,11290,7,30~34세,29692
2019,4,11290,8,35~39세,34124
2019,4,11290,9,40~44세,32990
2019,4,11290,10,45~49세,40412
2019,4,11290,11,50~54세,36275
2019,4,11290,12,55~59세,34354
2019,4,11290,13,60~64세,31338
2019,4,11290,14,65~69세,21956
2019,4,11290,15,70~74세,18156
2019,4,11290,16,75~79세,15097
2019,4,11290,17,80~84세,9397
2019,4,11290,18,85~89세,3983
2019,4,11290,19,90~94세,1497
2019,4,11290,20,95~99세,400
2019,4,11290,21,100세 이상,364
2019,4,11305,1,0~4세,7766
2019,4,11305,2,5~9세,9801
2019,4,11305,3,10~14세,10322
2019,4,11305,4,15~19세,13476
2019,4,11305,5,20~24세,20968
2019,4,11305,6,25~29세,23504
2019,4,11305,7,30~34세,19498
2019,4,11305,8,35~39세,22375
2019,4,11305,9,40~44세,21993
2019,4,11305,10,45~49세,27478
2019,4,11305,11,50~54세,26808
2019,4,11305,12,55~59세,27489
2019,4,11305,13,60~64세,25640
2019,4,11305,14,65~69세,18748
2019,4,11305,15,70~74세,16247
2019,4,11305,16,75~79세,13379
2019,4,11305,17,80~84세,7636
2019,4,11305,18,85~89세,2929
2019,4,11305,19,90~94세,1084
2019,4,11305,20,95~99세,318
2019,4,11305,21,100세 이상,236
2019,4,11320,1,0~4세,9189
2019,4,11320,2,5~9세,11571
2019,4,11320,3,10~14세,11975
2019,4,11320,4,15~19세,15836
2019,4,11320,5,20~24세,21808
2019,4,11320,6,25~29세,23806
2019,4,11320,7,30~34세,20247
2019,4,11320,8,35~39세,23709
2019,4,11320,9,40~44세,22685
2019,4,11320,10,45~49세,28767
2019,4,11320,11,50~54세,28915
2019,4,11320,12,55~59세,29964
2019,4,11320,13,60~64세,28445
2019,4,11320,14,65~69세,19006
2019,4,11320,15,70~74세,14951
2019,4,11320,16,75~79세,12190
2019,4,11320,17,80~84세,7449
2019,4,11320,18,85~89세,3399
2019,4,11320,19,90~94세,1244
2019,4,11320,20,95~99세,316
2019,4,11320,21,100세 이상,159
2019,4,11350,1,0~4세,15356
2019,4,11350,2,5~9세,20550
2019,4,11350,3,10~14세,24639
2019,4,11350,4,15~19세,32536
2019,4,11350,5,20~24세,40380
2019,4,11350,6,25~29세,36196
2019,4,11350,7,30~34세,31073
2019,4,11350,8,35~39세,37088
2019,4,11350,9,40~44세,39444
2019,4,11350,10,45~49세,50962
2019,4,11350,11,50~54세,46364
2019,4,11350,12,55~59세,43038
2019,4,11350,13,60~64세,38754
2019,4,11350,14,65~69세,26350
2019,4,11350,15,70~74세,20311
2019,4,11350,16,75~79세,16257
2019,4,11350,17,80~84세,10467
2019,4,11350,18,85~89세,5044
2019,4,11350,19,90~94세,1749
2019,4,11350,20,95~99세,492
2019,4,11350,21,100세 이상,253
2019,4,11380,1,0~4세,14427
2019,4,11380,2,5~9세,17472
2019,4,11380,3,10~14세,18202
2019,4,11380,4,15~19세,22771
2019,4,11380,5,20~24세,30174
2019,4,11380,6,25~29세,36624
2019,4,11380,7,30~34세,32581
2019,4,11380,8,35~39세,38294
2019,4,11380,9,40~44세,36135
2019,4,11380,10,45~49세,42871
2019,4,11380,11,50~54세,39268
2019,4,11380,12,55~59세,38996
2019,4,11380,13,60~64세,35993
2019,4,11380,14,65~69세,25474
2019,4,11380,15,70~74세,21293
2019,4,11380,16,75~79세,16960
2019,4,11380,17,80~84세,10380
2019,4,11380,18,85~89세,4238
2019,4,11380,19,90~94세,1571
2019,4,11380,20,95~99세,425
2019,4,11380,21,100세 이상,397
2019,4,11410,1,0~4세,9600
2019,4,11410,2,5~9세,11136
2019,4,11410,3,10~14세,10999
2019,4,11410,4,15~19세,14924
2019,4,11410,5,20~24세,27421
2019,4,11410,6,25~29세,28802
2019,4,11410,7,30~34세,22567
2019,4,11410,8,35~39세,23982
2019,4,11410,9,40~44세,22399
2019,4,11410,10,45~49세,26786
2019,4,11410,11,50~54세,25501
2019,4,11410,12,55~59세,24887
2019,4,11410,13,60~64세,22093
2019,4,11410,14,65~69세,15247
2019,4,11410,15,70~74세,13138
2019,4,11410,16,75~79세,11225
2019,4,11410,17,80~84세,7501
2019,4,11410,18,85~89세,3140
2019,4,11410,19,90~94세,1191
2019,4,11410,20,95~99세,353
2019,4,11410,21,100세 이상,279
2019,4,11440,1,0~4세,13043
2019,4,11440,2,5~9세,13901
2019,4,11440,3,10~14세,14057
2019,4,11440,4,15~19세,16522
2019,4,11440,5,20~24세,28822
2019,4,11440,6,25~29세,37358
2019,4,11440,7,30~34세,33436
2019,4,11440,8,35~39세,34386
2019,4,11440,9,40~44세,30302
2019,4,11440,10,45~49세,33402
2019,4,11440,11,50~54세,28716
2019,4,11440,12,55~59세,26604
2019,4,11440,13,60~64세,22947
2019,4,11440,14,65~69세,15590
2019,4,11440,15,70~74세,13268
2019,4,11440,16,75~79세,11188
2019,4,11440,17,80~84세,7236
2019,4,11440,18,85~89세,3289
2019,4,11440,19,90~94세,1182
2019,4,11440,20,95~99세,356
2019,4,11440,21,100세 이상,320
2019,4,11470,1,0~4세,13264
2019,4,11470,2,5~9세,20089
2019,4,11470,3,10~14세,24455
2019,4,11470,4,15~19세,28256
2019,4,11470,5,20~24세,30629
2019,4,11470,6,25~29세,31055
2019,4,11470,7,30~34세,27423
2019,4,11470,8,35~39세,33361
2019,4,11470,9,40~44세,36357
2019,4,11470,10,45~49세,45111
2019,4,11470,11,50~54세,40721
2019,4,11470,12,55~59세,37702
2019,4,11470,13,60~64세,32598
2019,4,11470,14,65~69세,22157
2019,4,11470,15,70~74세,15956
2019,4,11470,16,75~79세,11171
2019,4,11470,17,80~84세,6846
2019,4,11470,18,85~89세,3381
2019,4,11470,19,90~94세,1240
2019,4,11470,20,95~99세,342
2019,4,11470,21,100세 이상,171
2019,4,11500,1,0~4세,20904
2019,4,11500,2,5~9세,23465
2019,4,11500,3,10~14세,21684
2019,4,11500,4,15~19세,25899
2019,4,11500,5,20~24세,35759
2019,4,11500,6,25~29세,52571
2019,4,11500,7,30~34세,50875
2019,4,11500,8,35~39세,53866
2019,4,11500,9,40~44세,46080
2019,4,11500,10,45~49세,48424
2019,4,11500,11,50~54세,44006
2019,4,11500,12,55~59세,46593
2019,4,11500,13,60~64세,44070
2019,4,11500,14,65~69세,30006
2019,4,11500,15,70~74세,22350
2019,4,11500,16,75~79세,15282
2019,4,11500,17,80~84세,9327
2019,4,11500,18,85~89세,4590
2019,4,11500,19,90~94세,1833
2019,4,11500,20,95~99세,471
2019,4,11500,21,100세 이상,218
2019,4,11530,1,0~4세,15662
2019,4,11530,2,5~9세,16981
2019,4,11530,3,10~14세,15131
2019,4,11530,4,15~19세,17257
2019,4,11530,5,20~24세,25101
2019,4,11530,6,25~29세,33305
2019,4,11530,7,30~34세,33514
2019,4,11530,8,35~39세,37240
2019,4,11530,9,40~44세,33739
2019,4,11530,10,45~49세,37366
2019,4,11530,11,50~54세,36394
2019,4,11530,12,55~59세,38684
2019,4,11530,13,60~64세,33218
2019,4,11530,14,65~69세,23095
2019,4,11530,15,70~74세,17800
2019,4,11530,16,75~79세,12776
2019,4,11530,17,80~84세,7432
2019,4,11530,18,85~89세,3121
2019,4,11530,19,90~94세,1100
2019,4,11530,20,95~99세,299
2019,4,11530,21,100세 이상,156
2019,4,11545,1,0~4세,7446
2019,4,11545,2,5~9세,7705
2019,4,11545,3,10~14세,7117
2019,4,11545,4,15~19세,9108
2019,4,11545,5,20~24세,15210
2019,4,11545,6,25~29세,22406
2019,4,11545,7,30~34세,19757
2019,4,11545,8,35~39세,19330
2019,4,11545,9,40~44세,17042
2019,4,11545,10,45~49세,21129
2019,4,11545,11,50~54세,23132
2019,4,11545,12,55~59세,24953
2019,4,11545,13,60~64세,19825
2019,4,11545,14,65~69세,13212
2019,4,11545,15,70~74세,10068
2019,4,11545,16,75~79세,7489
2019,4,11545,17,80~84세,4143
2019,4,11545,18,85~89세,1799
2019,4,11545,19,90~94세,605
2019,4,11545,20,95~99세,175
2019,4,11545,21,100세 이상,169
2019,4,11560,1,0~4세,14111
2019,4,11560,2,5~9세,13494
2019,4,11560,3,10~14세,11733
2019,4,11560,4,15~19세,14015
2019,4,11560,5,20~24세,22602
2019,4,11560,6,25~29세,36612
2019,4,11560,7,30~34세,36846
2019,4,11560,8,35~39세,35177
2019,4,11560,9,40~44세,29297
2019,4,11560,10,45~49세,32894
2019,4,11560,11,50~54세,32966
2019,4,11560,12,55~59세,34853
2019,4,11560,13,60~64세,28514
2019,4,11560,14,65~69세,19037
2019,4,11560,15,70~74세,15013
2019,4,11560,16,75~79세,11484
2019,4,11560,17,80~84세,7352
2019,4,11560,18,85~89세,3228
2019,4,11560,19,90~94세,1150
2019,4,11560,20,95~99세,338
2019,4,11560,21,100세 이상,270
2019,4,11590,1,0~4세,12708
2019,4,11590,2,5~9세,14297
2019,4,11590,3,10~14세,13357
2019,4,11590,4,15~19세,16860
2019,4,11590,5,20~24세,31549
2019,4,11590,6,25~29세,39776
2019,4,11590,7,30~34세,33147
2019,4,11590,8,35~39세,32867
2019,4,11590,9,40~44세,29677
2019,4,11590,10,45~49세,32302
2019,4,11590,11,50~54세,30520
2019,4,11590,12,55~59세,31421
2019,4,11590,13,60~64세,28205
2019,4,11590,14,65~69세,19985
2019,4,11590,15,70~74세,16507
2019,4,11590,16,75~79세,12656
2019,4,11590,17,80~84세,7651
2019,4,11590,18,85~89세,3448
2019,4,11590,19,90~94세,1319
2019,4,11590,20,95~99세,370
2019,4,11590,21,100세 이상,290
2019,4,11620,1,0~4세,12322
2019,4,11620,2,5~9세,13694
2019,4,11620,3,10~14세,13494
2019,4,11620,4,15~19세,17745
2019,4,11620,5,20~24세,41202
2019,4,11620,6,25~29세,69774
2019,4,11620,7,30~34세,50342
2019,4,11620,8,35~39세,41882
2019,4,11620,9,40~44세,34770
2019,4,11620,10,45~49세,38826
2019,4,11620,11,50~54세,36521
2019,4,11620,12,55~59세,37689
2019,4,11620,13,60~64세,33879
2019,4,11620,14,65~69세,24946
2019,4,11620,15,70~74세,20530
2019,4,11620,16,75~79세,15783
2019,4,11620,17,80~84세,8617
2019,4,11620,18,85~89세,3424
2019,4,11620,19,90~94세,1248
2019,4,11620,20,95~99세,341
2019,4,11620,21,100세 이상,305
2019,4,11650,1,0~4세,14840
2019,4,11650,2,5~9세,21503
2019,4,11650,3,10~14세,22494
2019,4,11650,4,15~19세,23731
2019,4,11650,5,20~24세,25851
2019,4,11650,6,25~29세,31347
2019,4,11650,7,30~34세,31463
2019,4,11650,8,35~39세,36523
2019,4,11650,9,40~44세,37414
2019,4,11650,10,45~49세,42069
2019,4,11650,11,50~54세,33815
2019,4,11650,12,55~59세,29565
2019,4,11650,13,60~64세,27356
2019,4,11650,14,65~69세,19412
2019,4,11650,15,70~74세,15893
2019,4,11650,16,75~79세,10646
2019,4,11650,17,80~84세,6239
2019,4,11650,18,85~89세,2960
2019,4,11650,19,90~94세,1365
2019,4,11650,20,95~99세,412
2019,4,11650,21,100세 이상,209
2019,4,11680,1,0~4세,15439
2019,4,11680,2,5~9세,23402
2019,4,11680,3,10~14세,28114
2019,4,11680,4,15~19세,32497
2019,4,11680,5,20~24세,34690
2019,4,11680,6,25~29세,42754
2019,4,11680,7,30~34세,41270
2019,4,11680,8,35~39세,45900
2019,4,11680,9,40~44세,46859
2019,4,11680,10,45~49세,53979
2019,4,11680,11,50~54세,44027
2019,4,11680,12,55~59세,36818
2019,4,11680,13,60~64세,33435
2019,4,11680,14,65~69세,24599
2019,4,11680,15,70~74세,19859
2019,4,11680,16,75~79세,13042
2019,4,11680,17,80~84세,7357
2019,4,11680,18,85~89세,3705
2019,4,11680,19,90~94세,1706
2019,4,11680,20,95~99세,485
2019,4,11680,21,100세 이상,272
2019,4,11710,1,0~4세,24742
2019,4,11710,2,5~9세,29288
2019,4,11710,3,10~14세,28804
2019,4,11710,4,15~19세,33042
2019,4,11710,5,20~24세,42090
2019,4,11710,6,25~29세,54975
2019,4,11710,7,30~34세,55673
2019,4,11710,8,35~39세,60594
2019,4,11710,9,40~44세,53825
2019,4,11710,10,45~49세,58090
2019,4,11710,11,50~54세,53561
2019,4,11710,12,55~59세,52544
2019,4,11710,13,60~64세,48179
2019,4,11710,14,65~69세,32847
2019,4,11710,15,70~74세,23357
2019,4,11710,16,75~79세,15127
2019,4,11710,17,80~84세,8875
2019,4,11710,18,85~89세,4488
2019,4,11710,19,90~94세,1860
2019,4,11710,20,95~99세,510
2019,4,11710,21,100세 이상,270
2019,4,11740,1,0~4세,14711
2019,4,11740,2,5~9세,17684
2019,4,11740,3,10~14세,17715
2019,4,11740,4,15~19세,20860
2019,4,11740,5,20~24세,26577
2019,4,11740,6,25~29세,33085
2019,4,11740,7,30~34세,31801
2019,4,11740,8,35~39세,36928
2019,4,11740,9,40~44세,33719
2019,4,11740,10,45~49세,37032
2019,4,11740,11,50~54세,35177
2019,4,11740,12,55~59세,37029
2019,4,11740,13,60~64세,34620
2019,4,11740,14,65~69세,23443
2019,4,11740,15,70~74세,17205
2019,4,11740,16,75~79세,11240
2019,4,11740,17,80~84세,6471
2019,4,11740,18,85~89세,3147
2019,4,11740,19,90~94세,1351
2019,4,11740,20,95~99세,366
2019,4,11740,21,100세 이상,229
2020,1,11110,1,0~4세,3563
2020,1,11110,2,5~9세,4784
2020,1,11110,3,10~14세,5234
2020,1,11110,4,15~19세,6929
2020,1,11110,5,20~24세,14640
2020,1,11110,6,25~29세,14241
2020,1,11110,7,30~34세,11025
2020,1,11110,8,35~39세,10882
2020,1,11110,9,40~44세,10515
2020,1,11110,10,45~49세,13526
2020,1,11110,11,50~54세,13372
2020,1,11110,12,55~59세,13509
2020,1,11110,13,60~64세,11691
2020,1,11110,14,65~69세,8299
2020,1,11110,15,70~74세,6783
2020,1,11110,16,75~79세,5883
2020,1,11110,17,80~84세,3907
2020,1,11110,18,85~89세,1905
2020,1,11110,19,90~94세,755
2020,1,11110,20,95~99세,280
2020,1,11110,21,100세 이상,261
2020,1,11140,1,0~4세,3829
2020,1,11140,2,5~9세,3911
2020,1,11140,3,10~14세,3294
2020,1,11140,4,15~19세,4455
2020,1,11140,5,20~24세,9784
2020,1,11140,6,25~29세,12268
2020,1,11140,7,30~34세,11229
2020,1,11140,8,35~39세,11104
2020,1,11140,9,40~44세,9430
2020,1,11140,10,45~49세,10477
2020,1,11140,11,50~54세,10993
2020,1,11140,12,55~59세,11590
2020,1,11140,13,60~64세,10311
2020,1,11140,14,65~69세,7456
2020,1,11140,15,70~74세,5807
2020,1,11140,16,75~79세,4793
2020,1,11140,17,80~84세,3137
2020,1,11140,18,85~89세,1548
2020,1,11140,19,90~94세,656
2020,1,11140,20,95~99세,201
2020,1,11140,21,100세 이상,196
2020,1,11170,1,0~4세,7290
2020,1,11170,2,5~9세,8141
2020,1,11170,3,10~14세,7861
2020,1,11170,4,15~19세,9443
2020,1,11170,5,20~24세,15219
2020,1,11170,6,25~29세,21192
2020,1,11170,7,30~34세,20900
2020,1,11170,8,35~39세,21550
2020,1,11170,9,40~44세,18474
2020,1,11170,10,45~49세,20946
2020,1,11170,11,50~54세,19832
2020,1,11170,12,55~59세,18994
2020,1,11170,13,60~64세,16884
2020,1,11170,14,65~69세,11771
2020,1,11170,15,70~74세,9436
2020,1,11170,16,75~79세,7944
2020,1,11170,17,80~84세,5600
2020,1,11170,18,85~89세,2744
2020,1,11170,19,90~94세,1155
2020,1,11170,20,95~99세,424
2020,1,11170,21,100세 이상,365
2020,1,11200,1,0~4세,10912
2020,1,11200,2,5~9세,10742
2020,1,11200,3,10~14세,9501
2020,1,11200,4,15~19세,12015
2020,1,11200,5,20~24세,22295
2020,1,11200,6,25~29세,26804
2020,1,11200,7,30~34세,24953
2020,1,11200,8,35~39세,26684
2020,1,11200,9,40~44세,22612
2020,1,11200,10,45~49세,24971
2020,1,11200,11,50~54세,24827
2020,1,11200,12,55~59세,24687
2020,1,11200,13,60~64세,21462
2020,1,11200,14,65~69세,14589
2020,1,11200,15,70~74세,11369
2020,1,11200,16,75~79세,9178
2020,1,11200,17,80~84세,5695
2020,1,11200,18,85~89세,2518
2020,1,11200,19,90~94세,896
2020,1,11200,20,95~99세,242
2020,1,11200,21,100세 이상,241
2020,1,11215,1,0~4세,9816
2020,1,11215,2,5~9세,11973
2020,1,11215,3,10~14세,12391
2020,1,11215,4,15~19세,15371
2020,1,11215,5,20~24세,30051
2020,1,11215,6,25~29세,37992
2020,1,11215,7,30~34세,31060
2020,1,11215,8,35~39세,29048
2020,1,11215,9,40~44세,25971
2020,1,11215,10,45~49세,29841
2020,1,11215,11,50~54세,29394
2020,1,11215,12,55~59세,28850
2020,1,11215,13,60~64세,25243
2020,1,11215,14,65~69세,16811
2020,1,11215,15,70~74세,12661
2020,1,11215,16,75~79세,9571
2020,1,11215,17,80~84세,5907
2020,1,11215,18,85~89세,2596
2020,1,11215,19,90~94세,955
2020,1,11215,20,95~99세,282
2020,1,11215,21,100세 이상,206
2020,1,11230,1,0~4세,10501
2020,1,11230,2,5~9세,11652
2020,1,11230,3,10~14세,11208
2020,1,11230,4,15~19세,14375
2020,1,11230,5,20~24세,32816
2020,1,11230,6,25~29세,33186
2020,1,11230,7,30~34세,25868
2020,1,11230,8,35~39세,27557
2020,1,11230,9,40~44세,24980
2020,1,11230,10,45~49세,28193
2020,1,11230,11,50~54세,27748
2020,1,11230,12,55~59세,27927
2020,1,11230,13,60~64세,26415
2020,1,11230,14,65~69세,19349
2020,1,11230,15,70~74세,15479
2020,1,11230,16,75~79세,12675
2020,1,11230,17,80~84세,7572
2020,1,11230,18,85~89세,3439
2020,1,11230,19,90~94세,1185
2020,1,11230,20,95~99세,378
2020,1,11230,21,100세 이상,290
2020,1,11260,1,0~4세,11462
2020,1,11260,2,5~9세,12935
2020,1,11260,3,10~14세,12539
2020,1,11260,4,15~19세,15612
2020,1,11260,5,20~24세,24853
2020,1,11260,6,25~29세,32346
2020,1,11260,7,30~34세,29196
2020,1,11260,8,35~39세,30879
2020,1,11260,9,40~44세,27554
2020,1,11260,10,45~49세,32106
2020,1,11260,11,50~54세,34797
2020,1,11260,12,55~59세,36576
2020,1,11260,13,60~64세,33059
2020,1,11260,14,65~69세,23167
2020,1,11260,15,70~74세,17553
2020,1,11260,16,75~79세,13125
2020,1,11260,17,80~84세,7787
2020,1,11260,18,85~89세,3397
2020,1,11260,19,90~94세,1206
2020,1,11260,20,95~99세,335
2020,1,11260,21,100세 이상,194
2020,1,11290,1,0~4세,13547
2020,1,11290,2,5~9세,17286
2020,1,11290,3,10~14세,17479
2020,1,11290,4,15~19세,21976
2020,1,11290,5,20~24세,37341
2020,1,11290,6,25~29세,36683
2020,1,11290,7,30~34세,29661
2020,1,11290,8,35~39세,33587
2020,1,11290,9,40~44세,32850
2020,1,11290,10,45~49세,40009
2020,1,11290,11,50~54세,36567
2020,1,11290,12,55~59세,34146
2020,1,11290,13,60~64세,31228
2020,1,11290,14,65~69세,22638
2020,1,11290,15,70~74세,18389
2020,1,11290,16,75~79세,15140
2020,1,11290,17,80~84세,9520
2020,1,11290,18,85~89세,4156
2020,1,11290,19,90~94세,1554
2020,1,11290,20,95~99세,406
2020,1,11290,21,100세 이상,369
2020,1,11305,1,0~4세,7480
2020,1,11305,2,5~9세,9705
2020,1,11305,3,10~14세,10245
2020,1,11305,4,15~19세,13040
2020,1,11305,5,20~24세,20901
2020,1,11305,6,25~29세,23629
2020,1,11305,7,30~34세,19278
2020,1,11305,8,35~39세,21829
2020,1,11305,9,40~44세,21943
2020,1,11305,10,45~49세,27219
2020,1,11305,11,50~54세,26847
2020,1,11305,12,55~59세,27249
2020,1,11305,13,60~64세,25725
2020,1,11305,14,65~69세,19261
2020,1,11305,15,70~74세,16329
2020,1,11305,16,75~79세,13438
2020,1,11305,17,80~84세,7833
2020,1,11305,18,85~89세,3108
2020,1,11305,19,90~94세,1120
2020,1,11305,20,95~99세,331
2020,1,11305,21,100세 이상,240
2020,1,11320,1,0~4세,8791
2020,1,11320,2,5~9세,11402
2020,1,11320,3,10~14세,11806
2020,1,11320,4,15~19세,15229
2020,1,11320,5,20~24세,21598
2020,1,11320,6,25~29세,23752
2020,1,11320,7,30~34세,19986
2020,1,11320,8,35~39세,23272
2020,1,11320,9,40~44세,22399
2020,1,11320,10,45~49세,28353
2020,1,11320,11,50~54세,28904
2020,1,11320,12,55~59세,29600
2020,1,11320,13,60~64세,28380
2020,1,11320,14,65~69세,19822
2020,1,11320,15,70~74세,15149
2020,1,11320,16,75~79세,12122
2020,1,11320,17,80~84세,7651
2020,1,11320,18,85~89세,3501
2020,1,11320,19,90~94세,1301
2020,1,11320,20,95~99세,311
2020,1,11320,21,100세 이상,166
2020,1,11350,1,0~4세,14977
2020,1,11350,2,5~9세,20556
2020,1,11350,3,10~14세,24579
2020,1,11350,4,15~19세,31434
2020,1,11350,5,20~24세,40032
2020,1,11350,6,25~29세,36082
2020,1,11350,7,30~34세,31097
2020,1,11350,8,35~39세,36673
2020,1,11350,9,40~44세,39256
2020,1,11350,10,45~49세,50403
2020,1,11350,11,50~54세,46486
2020,1,11350,12,55~59세,42603
2020,1,11350,13,60~64세,38635
2020,1,11350,14,65~69세,27334
2020,1,11350,15,70~74세,20570
2020,1,11350,16,75~79세,16316
2020,1,11350,17,80~84세,10654
2020,1,11350,18,85~89세,5195
2020,1,11350,19,90~94세,1852
2020,1,11350,20,95~99세,498
2020,1,11350,21,100세 이상,263
2020,1,11380,1,0~4세,13855
2020,1,11380,2,5~9세,17255
2020,1,11380,3,10~14세,18105
2020,1,11380,4,15~19세,22028
2020,1,11380,5,20~24세,30126
2020,1,11380,6,25~29세,36880
2020,1,11380,7,30~34세,32356
2020,1,11380,8,35~39세,37439
2020,1,11380,9,40~44세,36054
2020,1,11380,10,45~49세,42405
2020,1,11380,11,50~54세,39252
2020,1,11380,12,55~59세,38540
2020,1,11380,13,60~64세,35969
2020,1,11380,14,65~69세,26361
2020,1,11380,15,70~74세,21431
2020,1,11380,16,75~79세,17019
2020,1,11380,17,80~84세,10567
2020,1,11380,18,85~89세,4419
2020,1,11380,19,90~94세,1594
2020,1,11380,20,95~99세,444
2020,1,11380,21,100세 이상,410
2020,1,11410,1,0~4세,9657
2020,1,11410,2,5~9세,11303
2020,1,11410,3,10~14세,11100
2020,1,11410,4,15~19세,14203
2020,1,11410,5,20~24세,27309
2020,1,11410,6,25~29세,29563
2020,1,11410,7,30~34세,23028
2020,1,11410,8,35~39세,24334
2020,1,11410,9,40~44세,22652
2020,1,11410,10,45~49세,26830
2020,1,11410,11,50~54세,25805
2020,1,11410,12,55~59세,24827
2020,1,11410,13,60~64세,22226
2020,1,11410,14,65~69세,15731
2020,1,11410,15,70~74세,13282
2020,1,11410,16,75~79세,11257
2020,1,11410,17,80~84세,7627
2020,1,11410,18,85~89세,3260
2020,1,11410,19,90~94세,1243
2020,1,11410,20,95~99세,355
2020,1,11410,21,100세 이상,283
2020,1,11440,1,0~4세,12684
2020,1,11440,2,5~9세,13871
2020,1,11440,3,10~14세,13909
2020,1,11440,4,15~19세,16003
2020,1,11440,5,20~24세,28906
2020,1,11440,6,25~29세,37549
2020,1,11440,7,30~34세,33447
2020,1,11440,8,35~39세,34192
2020,1,11440,9,40~44세,30271
2020,1,11440,10,45~49세,33368
2020,1,11440,11,50~54세,28940
2020,1,11440,12,55~59세,26601
2020,1,11440,13,60~64세,23062
2020,1,11440,14,65~69세,16069
2020,1,11440,15,70~74세,13351
2020,1,11440,16,75~79세,11196
2020,1,11440,17,80~84세,7321
2020,1,11440,18,85~89세,3434
2020,1,11440,19,90~94세,1221
2020,1,11440,20,95~99세,366
2020,1,11440,21,100세 이상,325
2020,1,11470,1,0~4세,12918
2020,1,11470,2,5~9세,20214
2020,1,11470,3,10~14세,24587
2020,1,11470,4,15~19세,27388
2020,1,11470,5,20~24세,30059
2020,1,11470,6,25~29세,31099
2020,1,11470,7,30~34세,27149
2020,1,11470,8,35~39세,32859
2020,1,11470,9,40~44세,36602
2020,1,11470,10,45~49세,44584
2020,1,11470,11,50~54세,40490
2020,1,11470,12,55~59세,37286
2020,1,11470,13,60~64세,32536
2020,1,11470,14,65~69세,23044
2020,1,11470,15,70~74세,16231
2020,1,11470,16,75~79세,11295
2020,1,11470,17,80~84세,6918
2020,1,11470,18,85~89세,3468
2020,1,11470,19,90~94세,1266
2020,1,11470,20,95~99세,366
2020,1,11470,21,100세 이상,173
2020,1,11500,1,0~4세,20010
2020,1,11500,2,5~9세,23212
2020,1,11500,3,10~14세,21506
2020,1,11500,4,15~19세,25237
2020,1,11500,5,20~24세,35531
2020,1,11500,6,25~29세,52752
2020,1,11500,7,30~34세,50469
2020,1,11500,8,35~39세,52881
2020,1,11500,9,40~44세,46073
2020,1,11500,10,45~49세,48038
2020,1,11500,11,50~54세,43805
2020,1,11500,12,55~59세,46132
2020,1,11500,13,60~64세,44065
2020,1,11500,14,65~69세,31057
2020,1,11500,15,70~74세,22749
2020,1,11500,16,75~79세,15375
2020,1,11500,17,80~84세,9473
2020,1,11500,18,85~89세,4743
2020,1,11500,19,90~94세,1899
2020,1,11500,20,95~99세,474
2020,1,11500,21,100세 이상,222
2020,1,11530,1,0~4세,15109
2020,1,11530,2,5~9세,16815
2020,1,11530,3,10~14세,15075
2020,1,11530,4,15~19세,16814
2020,1,11530,5,20~24세,24868
2020,1,11530,6,25~29세,33095
2020,1,11530,7,30~34세,33590
2020,1,11530,8,35~39세,36693
2020,1,11530,9,40~44세,33575
2020,1,11530,10,45~49세,36606
2020,1,11530,11,50~54세,36192
2020,1,11530,12,55~59세,38280
2020,1,11530,13,60~64세,34164
2020,1,11530,14,65~69세,23795
2020,1,11530,15,70~74세,18235
2020,1,11530,16,75~79세,12926
2020,1,11530,17,80~84세,7608
2020,1,11530,18,85~89세,3247
2020,1,11530,19,90~94세,1152
2020,1,11530,20,95~99세,304
2020,1,11530,21,100세 이상,165
2020,1,11545,1,0~4세,7075
2020,1,11545,2,5~9세,7674
2020,1,11545,3,10~14세,7117
2020,1,11545,4,15~19세,8778
2020,1,11545,5,20~24세,15108
2020,1,11545,6,25~29세,22565
2020,1,11545,7,30~34세,19833
2020,1,11545,8,35~39세,19057
2020,1,11545,9,40~44세,16965
2020,1,11545,10,45~49세,20559
2020,1,11545,11,50~54세,22871
2020,1,11545,12,55~59세,24789
2020,1,11545,13,60~64세,20471
2020,1,11545,14,65~69세,13578
2020,1,11545,15,70~74세,10249
2020,1,11545,16,75~79세,7542
2020,1,11545,17,80~84세,4273
2020,1,11545,18,85~89세,1885
2020,1,11545,19,90~94세,628
2020,1,11545,20,95~99세,183
2020,1,11545,21,100세 이상,170
2020,1,11560,1,0~4세,13927
2020,1,11560,2,5~9세,13759
2020,1,11560,3,10~14세,11815
2020,1,11560,4,15~19세,13825
2020,1,11560,5,20~24세,22797
2020,1,11560,6,25~29세,37140
2020,1,11560,7,30~34세,37281
2020,1,11560,8,35~39세,35513
2020,1,11560,9,40~44세,29531
2020,1,11560,10,45~49세,32469
2020,1,11560,11,50~54세,32975
2020,1,11560,12,55~59세,34830
2020,1,11560,13,60~64세,29531
2020,1,11560,14,65~69세,19772
2020,1,11560,15,70~74세,15336
2020,1,11560,16,75~79세,11546
2020,1,11560,17,80~84세,7495
2020,1,11560,18,85~89세,3430
2020,1,11560,19,90~94세,1167
2020,1,11560,20,95~99세,356
2020,1,11560,21,100세 이상,271
2020,1,11590,1,0~4세,12293
2020,1,11590,2,5~9세,14153
2020,1,11590,3,10~14세,13185
2020,1,11590,4,15~19세,16310
2020,1,11590,5,20~24세,31555
2020,1,11590,6,25~29세,40085
2020,1,11590,7,30~34세,33056
2020,1,11590,8,35~39세,32298
2020,1,11590,9,40~44세,29489
2020,1,11590,10,45~49세,32097
2020,1,11590,11,50~54세,30572
2020,1,11590,12,55~59세,30946
2020,1,11590,13,60~64세,28385
2020,1,11590,14,65~69세,20540
2020,1,11590,15,70~74세,16726
2020,1,11590,16,75~79세,12690
2020,1,11590,17,80~84세,7862
2020,1,11590,18,85~89세,3535
2020,1,11590,19,90~94세,1352
2020,1,11590,20,95~99세,368
2020,1,11590,21,100세 이상,305
2020,1,11620,1,0~4세,11673
2020,1,11620,2,5~9세,13447
2020,1,11620,3,10~14세,13335
2020,1,11620,4,15~19세,17458
2020,1,11620,5,20~24세,41539
2020,1,11620,6,25~29세,70235
2020,1,11620,7,30~34세,50604
2020,1,11620,8,35~39세,41239
2020,1,11620,9,40~44세,34598
2020,1,11620,10,45~49세,38187
2020,1,11620,11,50~54세,36449
2020,1,11620,12,55~59세,37169
2020,1,11620,13,60~64세,34065
2020,1,11620,14,65~69세,25663
2020,1,11620,15,70~74세,20777
2020,1,11620,16,75~79세,15829
2020,1,11620,17,80~84세,8837
2020,1,11620,18,85~89세,3610
2020,1,11620,19,90~94세,1290
2020,1,11620,20,95~99세,349
2020,1,11620,21,100세 이상,309
2020,1,11650,1,0~4세,14443
2020,1,11650,2,5~9세,21526
2020,1,11650,3,10~14세,22611
2020,1,11650,4,15~19세,23301
2020,1,11650,5,20~24세,25747
2020,1,11650,6,25~29세,31309
2020,1,11650,7,30~34세,31267
2020,1,11650,8,35~39세,36074
2020,1,11650,9,40~44세,37573
2020,1,11650,10,45~49세,41922
2020,1,11650,11,50~54세,34110
2020,1,11650,12,55~59세,29463
2020,1,11650,13,60~64세,27123
2020,1,11650,14,65~69세,19991
2020,1,11650,15,70~74세,16121
2020,1,11650,16,75~79세,10754
2020,1,11650,17,80~84세,6341
2020,1,11650,18,85~89세,3116
2020,1,11650,19,90~94세,1377
2020,1,11650,20,95~99세,413
2020,1,11650,21,100세 이상,219
2020,1,11680,1,0~4세,14971
2020,1,11680,2,5~9세,23751
2020,1,11680,3,10~14세,28543
2020,1,11680,4,15~19세,31613
2020,1,11680,5,20~24세,34275
2020,1,11680,6,25~29세,42563
2020,1,11680,7,30~34세,41188
2020,1,11680,8,35~39세,45476
2020,1,11680,9,40~44세,47544
2020,1,11680,10,45~49세,53662
2020,1,11680,11,50~54세,44237
2020,1,11680,12,55~59세,36414
2020,1,11680,13,60~64세,33059
2020,1,11680,14,65~69세,25483
2020,1,11680,15,70~74세,20091
2020,1,11680,16,75~79세,13231
2020,1,11680,17,80~84세,7510
2020,1,11680,18,85~89세,3790
2020,1,11680,19,90~94세,1723
2020,1,11680,20,95~99세,494
2020,1,11680,21,100세 이상,280
2020,1,11710,1,0~4세,24020
2020,1,11710,2,5~9세,29230
2020,1,11710,3,10~14세,28731
2020,1,11710,4,15~19세,32164
2020,1,11710,5,20~24세,41725
2020,1,11710,6,25~29세,54819
2020,1,11710,7,30~34세,55614
2020,1,11710,8,35~39세,59929
2020,1,11710,9,40~44세,54058
2020,1,11710,10,45~49세,57525
2020,1,11710,11,50~54세,53379
2020,1,11710,12,55~59세,52215
2020,1,11710,13,60~64세,47935
2020,1,11710,14,65~69세,34129
2020,1,11710,15,70~74세,23731
2020,1,11710,16,75~79세,15362
2020,1,11710,17,80~84세,8968
2020,1,11710,18,85~89세,4637
2020,1,11710,19,90~94세,1915
2020,1,11710,20,95~99세,516
2020,1,11710,21,100세 이상,281
2020,1,11740,1,0~4세,15668
2020,1,11740,2,5~9세,19279
2020,1,11740,3,10~14세,18804
2020,1,11740,4,15~19세,20920
2020,1,11740,5,20~24세,27077
2020,1,11740,6,25~29세,34148
2020,1,11740,7,30~34세,33182
2020,1,11740,8,35~39세,38549
2020,1,11740,9,40~44세,35993
2020,1,11740,10,45~49세,38021
2020,1,11740,11,50~54세,36102
2020,1,11740,12,55~59세,37588
2020,1,11740,13,60~64세,35310
2020,1,11740,14,65~69세,25011
2020,1,11740,15,70~74세,17766
2020,1,11740,16,75~79세,11599
2020,1,11740,17,80~84세,6679
2020,1,11740,18,85~89세,3318
2020,1,11740,19,90~94세,1420
2020,1,11740,20,95~99세,367
2020,1,11740,21,100세 이상,241
2020,2,11110,1,0~4세,3468
2020,2,11110,2,5~9세,4717
2020,2,11110,3,10~14세,5202
2020,2,11110,4,15~19세,6716
2020,2,11110,5,20~24세,14092
2020,2,11110,6,25~29세,14168
2020,2,11110,7,30~34세,10999
2020,2,11110,8,35~39세,10720
2020,2,11110,9,40~44세,10498
2020,2,11110,10,45~49세,13253
2020,2,11110,11,50~54세,13428
2020,2,11110,12,55~59세,13379
2020,2,11110,13,60~64세,11677
2020,2,11110,14,65~69세,8373
2020,2,11110,15,70~74세,6742
2020,2,11110,16,75~79세,5935
2020,2,11110,17,80~84세,3904
2020,2,11110,18,85~89세,1927
2020,2,11110,19,90~94세,772
2020,2,11110,20,95~99세,283
2020,2,11110,21,100세 이상,267
2020,2,11140,1,0~4세,3703
2020,2,11140,2,5~9세,3936
2020,2,11140,3,10~14세,3309
2020,2,11140,4,15~19세,4319
2020,2,11140,5,20~24세,9688
2020,2,11140,6,25~29세,12121
2020,2,11140,7,30~34세,11193
2020,2,11140,8,35~39세,11103
2020,2,11140,9,40~44세,9403
2020,2,11140,10,45~49세,10376
2020,2,11140,11,50~54세,11032
2020,2,11140,12,55~59세,11463
2020,2,11140,13,60~64세,10349
2020,2,11140,14,65~69세,7516
2020,2,11140,15,70~74세,5836
2020,2,11140,16,75~79세,4890
2020,2,11140,17,80~84세,3157
2020,2,11140,18,85~89세,1574
2020,2,11140,19,90~94세,664
2020,2,11140,20,95~99세,200
2020,2,11140,21,100세 이상,198
2020,2,11170,1,0~4세,7143
2020,2,11170,2,5~9세,8122
2020,2,11170,3,10~14세,7810
2020,2,11170,4,15~19세,9209
2020,2,11170,5,20~24세,14930
2020,2,11170,6,25~29세,21265
2020,2,11170,7,30~34세,21007
2020,2,11170,8,35~39세,21347
2020,2,11170,9,40~44세,18458
2020,2,11170,10,45~49세,20667
2020,2,11170,11,50~54세,19872
2020,2,11170,12,55~59세,18920
2020,2,11170,13,60~64세,16962
2020,2,11170,14,65~69세,11900
2020,2,11170,15,70~74세,9435
2020,2,11170,16,75~79세,7949
2020,2,11170,17,80~84세,5610
2020,2,11170,18,85~89세,2801
2020,2,11170,19,90~94세,1169
2020,2,11170,20,95~99세,421
2020,2,11170,21,100세 이상,365
2020,2,11200,1,0~4세,10677
2020,2,11200,2,5~9세,10716
2020,2,11200,3,10~14세,9451
2020,2,11200,4,15~19세,11698
2020,2,11200,5,20~24세,21926
2020,2,11200,6,25~29세,26578
2020,2,11200,7,30~34세,24872
2020,2,11200,8,35~39세,26339
2020,2,11200,9,40~44세,22453
2020,2,11200,10,45~49세,24470
2020,2,11200,11,50~54세,24791
2020,2,11200,12,55~59세,24306
2020,2,11200,13,60~64세,21569
2020,2,11200,14,65~69세,14677
2020,2,11200,15,70~74세,11381
2020,2,11200,16,75~79세,9244
2020,2,11200,17,80~84세,5715
2020,2,11200,18,85~89세,2594
2020,2,11200,19,90~94세,911
2020,2,11200,20,95~99세,239
2020,2,11200,21,100세 이상,244
2020,2,11215,1,0~4세,9435
2020,2,11215,2,5~9세,11905
2020,2,11215,3,10~14세,12357
2020,2,11215,4,15~19세,14948
2020,2,11215,5,20~24세,29636
2020,2,11215,6,25~29세,37973
2020,2,11215,7,30~34세,30976
2020,2,11215,8,35~39세,28655
2020,2,11215,9,40~44세,25810
2020,2,11215,10,45~49세,29372
2020,2,11215,11,50~54세,29453
2020,2,11215,12,55~59세,28471
2020,2,11215,13,60~64세,25477
2020,2,11215,14,65~69세,17042
2020,2,11215,15,70~74세,12646
2020,2,11215,16,75~79세,9702
2020,2,11215,17,80~84세,5990
2020,2,11215,18,85~89세,2608
2020,2,11215,19,90~94세,977
2020,2,11215,20,95~99세,280
2020,2,11215,21,100세 이상,212
2020,2,11230,1,0~4세,10226
2020,2,11230,2,5~9세,11660
2020,2,11230,3,10~14세,11176
2020,2,11230,4,15~19세,13971
2020,2,11230,5,20~24세,31953
2020,2,11230,6,25~29세,33063
2020,2,11230,7,30~34세,25825
2020,2,11230,8,35~39세,27255
2020,2,11230,9,40~44세,24853
2020,2,11230,10,45~49세,27811
2020,2,11230,11,50~54세,27730
2020,2,11230,12,55~59세,27500
2020,2,11230,13,60~64세,26540
2020,2,11230,14,65~69세,19575
2020,2,11230,15,70~74세,15383
2020,2,11230,16,75~79세,12787
2020,2,11230,17,80~84세,7697
2020,2,11230,18,85~89세,3482
2020,2,11230,19,90~94세,1216
2020,2,11230,20,95~99세,375
2020,2,11230,21,100세 이상,302
2020,2,11260,1,0~4세,11131
2020,2,11260,2,5~9세,12857
2020,2,11260,3,10~14세,12539
2020,2,11260,4,15~19세,15194
2020,2,11260,5,20~24세,24624
2020,2,11260,6,25~29세,32492
2020,2,11260,7,30~34세,29202
2020,2,11260,8,35~39세,30406
2020,2,11260,9,40~44세,27540
2020,2,11260,10,45~49세,31555
2020,2,11260,11,50~54세,34680
2020,2,11260,12,55~59세,36235
2020,2,11260,13,60~64세,33323
2020,2,11260,14,65~69세,23529
2020,2,11260,15,70~74세,17654
2020,2,11260,16,75~79세,13352
2020,2,11260,17,80~84세,7880
2020,2,11260,18,85~89세,3454
2020,2,11260,19,90~94세,1236
2020,2,11260,20,95~99세,333
2020,2,11260,21,100세 이상,199
2020,2,11290,1,0~4세,13208
2020,2,11290,2,5~9세,17187
2020,2,11290,3,10~14세,17443
2020,2,11290,4,15~19세,21483
2020,2,11290,5,20~24세,36515
2020,2,11290,6,25~29세,36466
2020,2,11290,7,30~34세,29751
2020,2,11290,8,35~39세,33286
2020,2,11290,9,40~44세,32607
2020,2,11290,10,45~49세,39634
2020,2,11290,11,50~54세,36768
2020,2,11290,12,55~59세,33715
2020,2,11290,13,60~64세,31405
2020,2,11290,14,65~69세,22834
2020,2,11290,15,70~74세,18498
2020,2,11290,16,75~79세,15276
2020,2,11290,17,80~84세,9582
2020,2,11290,18,85~89세,4272
2020,2,11290,19,90~94세,1587
2020,2,11290,20,95~99세,397
2020,2,11290,21,100세 이상,376
2020,2,11305,1,0~4세,7187
2020,2,11305,2,5~9세,9647
2020,2,11305,3,10~14세,10162
2020,2,11305,4,15~19세,12715
2020,2,11305,5,20~24세,20764
2020,2,11305,6,25~29세,23595
2020,2,11305,7,30~34세,19300
2020,2,11305,8,35~39세,21380
2020,2,11305,9,40~44세,21797
2020,2,11305,10,45~49세,26798
2020,2,11305,11,50~54세,26919
2020,2,11305,12,55~59세,26973
2020,2,11305,13,60~64세,25820
2020,2,11305,14,65~69세,19517
2020,2,11305,15,70~74세,16318
2020,2,11305,16,75~79세,13668
2020,2,11305,17,80~84세,7954
2020,2,11305,18,85~89세,3168
2020,2,11305,19,90~94세,1134
2020,2,11305,20,95~99세,333
2020,2,11305,21,100세 이상,246
2020,2,11320,1,0~4세,8516
2020,2,11320,2,5~9세,11298
2020,2,11320,3,10~14세,11788
2020,2,11320,4,15~19세,14799
2020,2,11320,5,20~24세,21397
2020,2,11320,6,25~29세,23595
2020,2,11320,7,30~34세,19875
2020,2,11320,8,35~39세,22860
2020,2,11320,9,40~44세,22243
2020,2,11320,10,45~49세,27831
2020,2,11320,11,50~54세,29033
2020,2,11320,12,55~59세,29074
2020,2,11320,13,60~64세,28651
2020,2,11320,14,65~69세,20177
2020,2,11320,15,70~74세,15282
2020,2,11320,16,75~79세,12260
2020,2,11320,17,80~84세,7704
2020,2,11320,18,85~89세,3560
2020,2,11320,19,90~94세,1316
2020,2,11320,20,95~99세,313
2020,2,11320,21,100세 이상,172
2020,2,11350,1,0~4세,14575
2020,2,11350,2,5~9세,20366
2020,2,11350,3,10~14세,24383
2020,2,11350,4,15~19세,30663
2020,2,11350,5,20~24세,39613
2020,2,11350,6,25~29세,36152
2020,2,11350,7,30~34세,31112
2020,2,11350,8,35~39세,36149
2020,2,11350,9,40~44세,38934
2020,2,11350,10,45~49세,49738
2020,2,11350,11,50~54세,46684
2020,2,11350,12,55~59세,42127
2020,2,11350,13,60~64세,38909
2020,2,11350,14,65~69세,27743
2020,2,11350,15,70~74세,20703
2020,2,11350,16,75~79세,16519
2020,2,11350,17,80~84세,10727
2020,2,11350,18,85~89세,5274
2020,2,11350,19,90~94세,1903
2020,2,11350,20,95~99세,494
2020,2,11350,21,100세 이상,273
2020,2,11380,1,0~4세,13701
2020,2,11380,2,5~9세,17293
2020,2,11380,3,10~14세,18083
2020,2,11380,4,15~19세,21632
2020,2,11380,5,20~24세,30115
2020,2,11380,6,25~29세,37179
2020,2,11380,7,30~34세,32918
2020,2,11380,8,35~39세,37322
2020,2,11380,9,40~44세,36167
2020,2,11380,10,45~49세,41990
2020,2,11380,11,50~54세,39639
2020,2,11380,12,55~59세,38263
2020,2,11380,13,60~64세,36364
2020,2,11380,14,65~69세,26665
2020,2,11380,15,70~74세,21608
2020,2,11380,16,75~79세,17249
2020,2,11380,17,80~84세,10729
2020,2,11380,18,85~89세,4532
2020,2,11380,19,90~94세,1629
2020,2,11380,20,95~99세,446
2020,2,11380,21,100세 이상,414
2020,2,11410,1,0~4세,9461
2020,2,11410,2,5~9세,11344
2020,2,11410,3,10~14세,11059
2020,2,11410,4,15~19세,13871
2020,2,11410,5,20~24세,26443
2020,2,11410,6,25~29세,29591
2020,2,11410,7,30~34세,23045
2020,2,11410,8,35~39세,24045
2020,2,11410,9,40~44세,22628
2020,2,11410,10,45~49세,26416
2020,2,11410,11,50~54세,25920
2020,2,11410,12,55~59세,24576
2020,2,11410,13,60~64세,22357
2020,2,11410,14,65~69세,15963
2020,2,11410,15,70~74세,13290
2020,2,11410,16,75~79세,11312
2020,2,11410,17,80~84세,7643
2020,2,11410,18,85~89세,3372
2020,2,11410,19,90~94세,1246
2020,2,11410,20,95~99세,357
2020,2,11410,21,100세 이상,285
2020,2,11440,1,0~4세,12357
2020,2,11440,2,5~9세,13861
2020,2,11440,3,10~14세,13946
2020,2,11440,4,15~19세,15579
2020,2,11440,5,20~24세,28605
2020,2,11440,6,25~29세,37666
2020,2,11440,7,30~34세,33579
2020,2,11440,8,35~39세,33990
2020,2,11440,9,40~44세,30065
2020,2,11440,10,45~49세,33086
2020,2,11440,11,50~54세,29016
2020,2,11440,12,55~59세,26378
2020,2,11440,13,60~64세,23135
2020,2,11440,14,65~69세,16266
2020,2,11440,15,70~74세,13342
2020,2,11440,16,75~79세,11308
2020,2,11440,17,80~84세,7341
2020,2,11440,18,85~89세,3487
2020,2,11440,19,90~94세,1249
2020,2,11440,20,95~99세,373
2020,2,11440,21,100세 이상,328
2020,2,11470,1,0~4세,12824
2020,2,11470,2,5~9세,20275
2020,2,11470,3,10~14세,24605
2020,2,11470,4,15~19세,26963
2020,2,11470,5,20~24세,29965
2020,2,11470,6,25~29세,31366
2020,2,11470,7,30~34세,27591
2020,2,11470,8,35~39세,32867
2020,2,11470,9,40~44세,36641
2020,2,11470,10,45~49세,44209
2020,2,11470,11,50~54세,40829
2020,2,11470,12,55~59세,37122
2020,2,11470,13,60~64세,32953
2020,2,11470,14,65~69세,23497
2020,2,11470,15,70~74세,16529
2020,2,11470,16,75~79세,11459
2020,2,11470,17,80~84세,7020
2020,2,11470,18,85~89세,3474
2020,2,11470,19,90~94세,1305
2020,2,11470,20,95~99세,366
2020,2,11470,21,100세 이상,174
2020,2,11500,1,0~4세,19301
2020,2,11500,2,5~9세,22972
2020,2,11500,3,10~14세,21532
2020,2,11500,4,15~19세,24696
2020,2,11500,5,20~24세,35338
2020,2,11500,6,25~29세,52828
2020,2,11500,7,30~34세,50637
2020,2,11500,8,35~39세,51945
2020,2,11500,9,40~44세,45914
2020,2,11500,10,45~49세,47610
2020,2,11500,11,50~54세,43736
2020,2,11500,12,55~59세,45429
2020,2,11500,13,60~64세,44233
2020,2,11500,14,65~69세,31465
2020,2,11500,15,70~74세,22940
2020,2,11500,16,75~79세,15576
2020,2,11500,17,80~84세,9593
2020,2,11500,18,85~89세,4810
2020,2,11500,19,90~94세,1941
2020,2,11500,20,95~99세,478
2020,2,11500,21,100세 이상,229
2020,2,11530,1,0~4세,14646
2020,2,11530,2,5~9세,16703
2020,2,11530,3,10~14세,15164
2020,2,11530,4,15~19세,16374
2020,2,11530,5,20~24세,24780
2020,2,11530,6,25~29세,33126
2020,2,11530,7,30~34세,33506
2020,2,11530,8,35~39세,36134
2020,2,11530,9,40~44세,33501
2020,2,11530,10,45~49세,36287
2020,2,11530,11,50~54세,36174
2020,2,11530,12,55~59세,37832
2020,2,11530,13,60~64세,34200
2020,2,11530,14,65~69세,24081
2020,2,11530,15,70~74세,18380
2020,2,11530,16,75~79세,13135
2020,2,11530,17,80~84세,7721
2020,2,11530,18,85~89세,3335
2020,2,11530,19,90~94세,1151
2020,2,11530,20,95~99세,309
2020,2,11530,21,100세 이상,168
2020,2,11545,1,0~4세,6899
2020,2,11545,2,5~9세,7618
2020,2,11545,3,10~14세,7085
2020,2,11545,4,15~19세,8543
2020,2,11545,5,20~24세,15042
2020,2,11545,6,25~29세,22774
2020,2,11545,7,30~34세,19932
2020,2,11545,8,35~39세,18874
2020,2,11545,9,40~44세,16714
2020,2,11545,10,45~49세,20332
2020,2,11545,11,50~54세,22715
2020,2,11545,12,55~59세,24513
2020,2,11545,13,60~64세,20563
2020,2,11545,14,65~69세,13697
2020,2,11545,15,70~74세,10302
2020,2,11545,16,75~79세,7667
2020,2,11545,17,80~84세,4348
2020,2,11545,18,85~89세,1942
2020,2,11545,19,90~94세,631
2020,2,11545,20,95~99세,189
2020,2,11545,21,100세 이상,174
2020,2,11560,1,0~4세,13770
2020,2,11560,2,5~9세,13758
2020,2,11560,3,10~14세,11855
2020,2,11560,4,15~19세,13572
2020,2,11560,5,20~24세,22723
2020,2,11560,6,25~29세,37437
2020,2,11560,7,30~34세,37659
2020,2,11560,8,35~39세,35565
2020,2,11560,9,40~44세,29475
2020,2,11560,10,45~49세,32270
2020,2,11560,11,50~54세,33013
2020,2,11560,12,55~59세,34458
2020,2,11560,13,60~64세,29528
2020,2,11560,14,65~69세,20046
2020,2,11560,15,70~74세,15431
2020,2,11560,16,75~79세,11718
2020,2,11560,17,80~84세,7514
2020,2,11560,18,85~89세,3548
2020,2,11560,19,90~94세,1176
2020,2,11560,20,95~99세,366
2020,2,11560,21,100세 이상,272
2020,2,11590,1,0~4세,11989
2020,2,11590,2,5~9세,14150
2020,2,11590,3,10~14세,13208
2020,2,11590,4,15~19세,15861
2020,2,11590,5,20~24세,30959
2020,2,11590,6,25~29세,40265
2020,2,11590,7,30~34세,33133
2020,2,11590,8,35~39세,32016
2020,2,11590,9,40~44세,29450
2020,2,11590,10,45~49세,31848
2020,2,11590,11,50~54세,30630
2020,2,11590,12,55~59세,30703
2020,2,11590,13,60~64세,28525
2020,2,11590,14,65~69세,20789
2020,2,11590,15,70~74세,16742
2020,2,11590,16,75~79세,12866
2020,2,11590,17,80~84세,7980
2020,2,11590,18,85~89세,3601
2020,2,11590,19,90~94세,1378
2020,2,11590,20,95~99세,372
2020,2,11590,21,100세 이상,311
2020,2,11620,1,0~4세,11248
2020,2,11620,2,5~9세,13325
2020,2,11620,3,10~14세,13198
2020,2,11620,4,15~19세,17130
2020,2,11620,5,20~24세,41714
2020,2,11620,6,25~29세,71236
2020,2,11620,7,30~34세,50936
2020,2,11620,8,35~39세,40725
2020,2,11620,9,40~44세,34489
2020,2,11620,10,45~49세,37726
2020,2,11620,11,50~54세,36439
2020,2,11620,12,55~59세,36694
2020,2,11620,13,60~64세,34117
2020,2,11620,14,65~69세,25771
2020,2,11620,15,70~74세,20851
2020,2,11620,16,75~79세,16123
2020,2,11620,17,80~84세,8926
2020,2,11620,18,85~89세,3681
2020,2,11620,19,90~94세,1321
2020,2,11620,20,95~99세,352
2020,2,11620,21,100세 이상,316
2020,2,11650,1,0~4세,13976
2020,2,11650,2,5~9세,21307
2020,2,11650,3,10~14세,22774
2020,2,11650,4,15~19세,22868
2020,2,11650,5,20~24세,25718
2020,2,11650,6,25~29세,31131
2020,2,11650,7,30~34세,31005
2020,2,11650,8,35~39세,35460
2020,2,11650,9,40~44세,37490
2020,2,11650,10,45~49세,41538
2020,2,11650,11,50~54세,34454
2020,2,11650,12,55~59세,29204
2020,2,11650,13,60~64세,27074
2020,2,11650,14,65~69세,20315
2020,2,11650,15,70~74세,16204
2020,2,11650,16,75~79세,10974
2020,2,11650,17,80~84세,6375
2020,2,11650,18,85~89세,3163
2020,2,11650,19,90~94세,1389
2020,2,11650,20,95~99세,423
2020,2,11650,21,100세 이상,220
2020,2,11680,1,0~4세,14458
2020,2,11680,2,5~9세,23437
2020,2,11680,3,10~14세,28574
2020,2,11680,4,15~19세,30919
2020,2,11680,5,20~24세,34065
2020,2,11680,6,25~29세,42394
2020,2,11680,7,30~34세,40899
2020,2,11680,8,35~39세,44562
2020,2,11680,9,40~44세,47130
2020,2,11680,10,45~49세,53206
2020,2,11680,11,50~54세,44502
2020,2,11680,12,55~59세,36071
2020,2,11680,13,60~64세,32844
2020,2,11680,14,65~69세,25685
2020,2,11680,15,70~74세,20142
2020,2,11680,16,75~79세,13414
2020,2,11680,17,80~84세,7554
2020,2,11680,18,85~89세,3819
2020,2,11680,19,90~94세,1705
2020,2,11680,20,95~99세,494
2020,2,11680,21,100세 이상,284
2020,2,11710,1,0~4세,23344
2020,2,11710,2,5~9세,29115
2020,2,11710,3,10~14세,28804
2020,2,11710,4,15~19세,31399
2020,2,11710,5,20~24세,41401
2020,2,11710,6,25~29세,54679
2020,2,11710,7,30~34세,55505
2020,2,11710,8,35~39세,59117
2020,2,11710,9,40~44세,53948
2020,2,11710,10,45~49세,57023
2020,2,11710,11,50~54세,53527
2020,2,11710,12,55~59세,51501
2020,2,11710,13,60~64세,48004
2020,2,11710,14,65~69세,34693
2020,2,11710,15,70~74세,23930
2020,2,11710,16,75~79세,15593
2020,2,11710,17,80~84세,9042
2020,2,11710,18,85~89세,4731
2020,2,11710,19,90~94세,1915
2020,2,11710,20,95~99세,511
2020,2,11710,21,100세 이상,285
2020,2,11740,1,0~4세,15625
2020,2,11740,2,5~9세,19485
2020,2,11740,3,10~14세,19087
2020,2,11740,4,15~19세,20556
2020,2,11740,5,20~24세,27203
2020,2,11740,6,25~29세,34780
2020,2,11740,7,30~34세,33867
2020,2,11740,8,35~39세,38912
2020,2,11740,9,40~44세,36444
2020,2,11740,10,45~49세,37971
2020,2,11740,11,50~54세,36532
2020,2,11740,12,55~59세,37358
2020,2,11740,13,60~64세,35985
2020,2,11740,14,65~69세,25672
2020,2,11740,15,70~74세,18014
2020,2,11740,16,75~79세,11861
2020,2,11740,17,80~84세,6753
2020,2,11740,18,85~89세,3365
2020,2,11740,19,90~94세,1456
2020,2,11740,20,95~99세,379
2020,2,11740,21,100세 이상,242
2020,3,11110,1,0~4세,3337
2020,3,11110,2,5~9세,4634
2020,3,11110,3,10~14세,5224
2020,3,11110,4,15~19세,6585
2020,3,11110,5,20~24세,13907
2020,3,11110,6,25~29세,14215
2020,3,11110,7,30~34세,10966
2020,3,11110,8,35~39세,10646
2020,3,11110,9,40~44세,10508
2020,3,11110,10,45~49세,12969
2020,3,11110,11,50~54세,13474
2020,3,11110,12,55~59세,13265
2020,3,11110,13,60~64세,11716
2020,3,11110,14,65~69세,8496
2020,3,11110,15,70~74세,6738
2020,3,11110,16,75~79세,5891
2020,3,11110,17,80~84세,3947
2020,3,11110,18,85~89세,1978
2020,3,11110,19,90~94세,786
2020,3,11110,20,95~99세,289
2020,3,11110,21,100세 이상,271
2020,3,11140,1,0~4세,3646
2020,3,11140,2,5~9세,3893
2020,3,11140,3,10~14세,3282
2020,3,11140,4,15~19세,4140
2020,3,11140,5,20~24세,9572
2020,3,11140,6,25~29세,12061
2020,3,11140,7,30~34세,11178
2020,3,11140,8,35~39세,10950
2020,3,11140,9,40~44세,9431
2020,3,11140,10,45~49세,10169
2020,3,11140,11,50~54세,11012
2020,3,11140,12,55~59세,11327
2020,3,11140,13,60~64세,10395
2020,3,11140,14,65~69세,7579
2020,3,11140,15,70~74세,5897
2020,3,11140,16,75~79세,4886
2020,3,11140,17,80~84세,3197
2020,3,11140,18,85~89세,1607
2020,3,11140,19,90~94세,690
2020,3,11140,20,95~99세,208
2020,3,11140,21,100세 이상,201
2020,3,11170,1,0~4세,6997
2020,3,11170,2,5~9세,8071
2020,3,11170,3,10~14세,7801
2020,3,11170,4,15~19세,9094
2020,3,11170,5,20~24세,14734
2020,3,11170,6,25~29세,21173
2020,3,11170,7,30~34세,20952
2020,3,11170,8,35~39세,21117
2020,3,11170,9,40~44세,18585
2020,3,11170,10,45~49세,20349
2020,3,11170,11,50~54세,20098
2020,3,11170,12,55~59세,18834
2020,3,11170,13,60~64세,17153
2020,3,11170,14,65~69세,12078
2020,3,11170,15,70~74세,9445
2020,3,11170,16,75~79세,7993
2020,3,11170,17,80~84세,5627
2020,3,11170,18,85~89세,2860
2020,3,11170,19,90~94세,1194
2020,3,11170,20,95~99세,429
2020,3,11170,21,100세 이상,369
2020,3,11200,1,0~4세,10399
2020,3,11200,2,5~9세,10689
2020,3,11200,3,10~14세,9307
2020,3,11200,4,15~19세,11388
2020,3,11200,5,20~24세,21503
2020,3,11200,6,25~29세,26538
2020,3,11200,7,30~34세,24627
2020,3,11200,8,35~39세,26038
2020,3,11200,9,40~44세,22467
2020,3,11200,10,45~49세,23968
2020,3,11200,11,50~54세,24664
2020,3,11200,12,55~59세,23999
2020,3,11200,13,60~64세,21736
2020,3,11200,14,65~69세,14876
2020,3,11200,15,70~74세,11415
2020,3,11200,16,75~79세,9254
2020,3,11200,17,80~84세,5784
2020,3,11200,18,85~89세,2613
2020,3,11200,19,90~94세,932
2020,3,11200,20,95~99세,251
2020,3,11200,21,100세 이상,247
2020,3,11215,1,0~4세,9059
2020,3,11215,2,5~9세,11707
2020,3,11215,3,10~14세,12388
2020,3,11215,4,15~19세,14581
2020,3,11215,5,20~24세,29434
2020,3,11215,6,25~29세,38139
2020,3,11215,7,30~34세,30703
2020,3,11215,8,35~39세,28141
2020,3,11215,9,40~44세,25735
2020,3,11215,10,45~49세,28823
2020,3,11215,11,50~54세,29474
2020,3,11215,12,55~59세,28200
2020,3,11215,13,60~64세,25492
2020,3,11215,14,65~69세,17409
2020,3,11215,15,70~74세,12741
2020,3,11215,16,75~79세,9695
2020,3,11215,17,80~84세,6021
2020,3,11215,18,85~89세,2698
2020,3,11215,19,90~94세,977
2020,3,11215,20,95~99세,284
2020,3,11215,21,100세 이상,222
2020,3,11230,1,0~4세,9948
2020,3,11230,2,5~9세,11565
2020,3,11230,3,10~14세,11171
2020,3,11230,4,15~19세,13490
2020,3,11230,5,20~24세,31946
2020,3,11230,6,25~29세,33006
2020,3,11230,7,30~34세,25680
2020,3,11230,8,35~39세,26799
2020,3,11230,9,40~44세,24914
2020,3,11230,10,45~49세,27282
2020,3,11230,11,50~54세,27785
2020,3,11230,12,55~59세,27077
2020,3,11230,13,60~64세,26608
2020,3,11230,14,65~69세,19889
2020,3,11230,15,70~74세,15437
2020,3,11230,16,75~79세,12816
2020,3,11230,17,80~84세,7770
2020,3,11230,18,85~89세,3585
2020,3,11230,19,90~94세,1233
2020,3,11230,20,95~99세,371
2020,3,11230,21,100세 이상,307
2020,3,11260,1,0~4세,11083
2020,3,11260,2,5~9세,12894
2020,3,11260,3,10~14세,12497
2020,3,11260,4,15~19세,15005
2020,3,11260,5,20~24세,24507
2020,3,11260,6,25~29세,32822
2020,3,11260,7,30~34세,29508
2020,3,11260,8,35~39세,30294
2020,3,11260,9,40~44세,27919
2020,3,11260,10,45~49세,31146
2020,3,11260,11,50~54세,34890
2020,3,11260,12,55~59세,36014
2020,3,11260,13,60~64세,33752
2020,3,11260,14,65~69세,24031
2020,3,11260,15,70~74세,17797
2020,3,11260,16,75~79세,13468
2020,3,11260,17,80~84세,8021
2020,3,11260,18,85~89세,3543
2020,3,11260,19,90~94세,1258
2020,3,11260,20,95~99세,332
2020,3,11260,21,100세 이상,208
2020,3,11290,1,0~4세,12786
2020,3,11290,2,5~9세,16974
2020,3,11290,3,10~14세,17439
2020,3,11290,4,15~19세,20886
2020,3,11290,5,20~24세,36244
2020,3,11290,6,25~29세,36495
2020,3,11290,7,30~34세,29603
2020,3,11290,8,35~39세,32685
2020,3,11290,9,40~44세,32485
2020,3,11290,10,45~49세,38888
2020,3,11290,11,50~54세,37130
2020,3,11290,12,55~59세,33243
2020,3,11290,13,60~64세,31643
2020,3,11290,14,65~69세,23168
2020,3,11290,15,70~74세,18476
2020,3,11290,16,75~79세,15263
2020,3,11290,17,80~84세,9695
2020,3,11290,18,85~89세,4357
2020,3,11290,19,90~94세,1631
2020,3,11290,20,95~99세,399
2020,3,11290,21,100세 이상,381
2020,3,11305,1,0~4세,6993
2020,3,11305,2,5~9세,9425
2020,3,11305,3,10~14세,10137
2020,3,11305,4,15~19세,12417
2020,3,11305,5,20~24세,20479
2020,3,11305,6,25~29세,23643
2020,3,11305,7,30~34세,19147
2020,3,11305,8,35~39세,20932
2020,3,11305,9,40~44세,21621
2020,3,11305,10,45~49세,26263
2020,3,11305,11,50~54세,26875
2020,3,11305,12,55~59세,26645
2020,3,11305,13,60~64세,26022
2020,3,11305,14,65~69세,19771
2020,3,11305,15,70~74세,16409
2020,3,11305,16,75~79세,13669
2020,3,11305,17,80~84세,8065
2020,3,11305,18,85~89세,3280
2020,3,11305,19,90~94세,1165
2020,3,11305,20,95~99세,345
2020,3,11305,21,100세 이상,247
2020,3,11320,1,0~4세,8239
2020,3,11320,2,5~9세,11109
2020,3,11320,3,10~14세,11763
2020,3,11320,4,15~19세,14392
2020,3,11320,5,20~24세,21014
2020,3,11320,6,25~29세,23427
2020,3,11320,7,30~34세,19653
2020,3,11320,8,35~39세,22350
2020,3,11320,9,40~44세,22204
2020,3,11320,10,45~49세,27298
2020,3,11320,11,50~54세,28990
2020,3,11320,12,55~59세,28683
2020,3,11320,13,60~64세,28790
2020,3,11320,14,65~69세,20493
2020,3,11320,15,70~74세,15372
2020,3,11320,16,75~79세,12312
2020,3,11320,17,80~84세,7760
2020,3,11320,18,85~89세,3636
2020,3,11320,19,90~94세,1323
2020,3,11320,20,95~99세,311
2020,3,11320,21,100세 이상,181
2020,3,11350,1,0~4세,13985
2020,3,11350,2,5~9세,20039
2020,3,11350,3,10~14세,24271
2020,3,11350,4,15~19세,29894
2020,3,11350,5,20~24세,39237
2020,3,11350,6,25~29세,36073
2020,3,11350,7,30~34세,30867
2020,3,11350,8,35~39세,35389
2020,3,11350,9,40~44세,38731
2020,3,11350,10,45~49세,48862
2020,3,11350,11,50~54세,46868
2020,3,11350,12,55~59세,41641
2020,3,11350,13,60~64세,39063
2020,3,11350,14,65~69세,28216
2020,3,11350,15,70~74세,20917
2020,3,11350,16,75~79세,16491
2020,3,11350,17,80~84세,10848
2020,3,11350,18,85~89세,5409
2020,3,11350,19,90~94세,1942
2020,3,11350,20,95~99세,504
2020,3,11350,21,100세 이상,285
2020,3,11380,1,0~4세,13436
2020,3,11380,2,5~9세,17304
2020,3,11380,3,10~14세,18121
2020,3,11380,4,15~19세,21318
2020,3,11380,5,20~24세,30187
2020,3,11380,6,25~29세,37546
2020,3,11380,7,30~34세,33295
2020,3,11380,8,35~39세,37076
2020,3,11380,9,40~44세,36373
2020,3,11380,10,45~49세,41719
2020,3,11380,11,50~54세,40142
2020,3,11380,12,55~59세,38151
2020,3,11380,13,60~64세,36821
2020,3,11380,14,65~69세,27175
2020,3,11380,15,70~74세,21770
2020,3,11380,16,75~79세,17295
2020,3,11380,17,80~84세,10903
2020,3,11380,18,85~89세,4691
2020,3,11380,19,90~94세,1640
2020,3,11380,20,95~99세,462
2020,3,11380,21,100세 이상,417
2020,3,11410,1,0~4세,9410
2020,3,11410,2,5~9세,11375
2020,3,11410,3,10~14세,11074
2020,3,11410,4,15~19세,13516
2020,3,11410,5,20~24세,26095
2020,3,11410,6,25~29세,29619
2020,3,11410,7,30~34세,23090
2020,3,11410,8,35~39세,23915
2020,3,11410,9,40~44세,22778
2020,3,11410,10,45~49세,26079
2020,3,11410,11,50~54세,26095
2020,3,11410,12,55~59세,24407
2020,3,11410,13,60~64세,22538
2020,3,11410,14,65~69세,16247
2020,3,11410,15,70~74세,13263
2020,3,11410,16,75~79세,11309
2020,3,11410,17,80~84세,7676
2020,3,11410,18,85~89세,3447
2020,3,11410,19,90~94세,1275
2020,3,11410,20,95~99세,367
2020,3,11410,21,100세 이상,285
2020,3,11440,1,0~4세,11982
2020,3,11440,2,5~9세,13839
2020,3,11440,3,10~14세,13831
2020,3,11440,4,15~19세,15265
2020,3,11440,5,20~24세,28287
2020,3,11440,6,25~29세,38005
2020,3,11440,7,30~34세,33433
2020,3,11440,8,35~39세,33674
2020,3,11440,9,40~44세,30053
2020,3,11440,10,45~49세,32596
2020,3,11440,11,50~54세,29151
2020,3,11440,12,55~59세,26150
2020,3,11440,13,60~64세,23175
2020,3,11440,14,65~69세,16496
2020,3,11440,15,70~74세,13343
2020,3,11440,16,75~79세,11206
2020,3,11440,17,80~84세,7441
2020,3,11440,18,85~89세,3558
2020,3,11440,19,90~94세,1306
2020,3,11440,20,95~99세,366
2020,3,11440,21,100세 이상,337
2020,3,11470,1,0~4세,12454
2020,3,11470,2,5~9세,19971
2020,3,11470,3,10~14세,24741
2020,3,11470,4,15~19세,26518
2020,3,11470,5,20~24세,29525
2020,3,11470,6,25~29세,31337
2020,3,11470,7,30~34세,27215
2020,3,11470,8,35~39세,32326
2020,3,11470,9,40~44세,36618
2020,3,11470,10,45~49세,43634
2020,3,11470,11,50~54세,41005
2020,3,11470,12,55~59세,36722
2020,3,11470,13,60~64세,33178
2020,3,11470,14,65~69세,23900
2020,3,11470,15,70~74세,16890
2020,3,11470,16,75~79세,11534
2020,3,11470,17,80~84세,7085
2020,3,11470,18,85~89세,3525
2020,3,11470,19,90~94세,1319
2020,3,11470,20,95~99세,362
2020,3,11470,21,100세 이상,189
2020,3,11500,1,0~4세,18502
2020,3,11500,2,5~9세,22507
2020,3,11500,3,10~14세,21422
2020,3,11500,4,15~19세,24154
2020,3,11500,5,20~24세,34944
2020,3,11500,6,25~29세,53176
2020,3,11500,7,30~34세,50509
2020,3,11500,8,35~39세,50919
2020,3,11500,9,40~44세,45843
2020,3,11500,10,45~49세,46845
2020,3,11500,11,50~54세,43732
2020,3,11500,12,55~59세,44570
2020,3,11500,13,60~64세,44361
2020,3,11500,14,65~69세,31894
2020,3,11500,15,70~74세,23162
2020,3,11500,16,75~79세,15703
2020,3,11500,17,80~84세,9664
2020,3,11500,18,85~89세,4893
2020,3,11500,19,90~94세,2013
2020,3,11500,20,95~99세,490
2020,3,11500,21,100세 이상,233
2020,3,11530,1,0~4세,14316
2020,3,11530,2,5~9세,16508
2020,3,11530,3,10~14세,15170
2020,3,11530,4,15~19세,16106
2020,3,11530,5,20~24세,24559
2020,3,11530,6,25~29세,33251
2020,3,11530,7,30~34세,33623
2020,3,11530,8,35~39세,35699
2020,3,11530,9,40~44세,33543
2020,3,11530,10,45~49세,35765
2020,3,11530,11,50~54세,36219
2020,3,11530,12,55~59세,37590
2020,3,11530,13,60~64세,34090
2020,3,11530,14,65~69세,24582
2020,3,11530,15,70~74세,18560
2020,3,11530,16,75~79세,13206
2020,3,11530,17,80~84세,7833
2020,3,11530,18,85~89세,3455
2020,3,11530,19,90~94세,1186
2020,3,11530,20,95~99세,316
2020,3,11530,21,100세 이상,174
2020,3,11545,1,0~4세,6694
2020,3,11545,2,5~9세,7470
2020,3,11545,3,10~14세,6992
2020,3,11545,4,15~19세,8319
2020,3,11545,5,20~24세,14958
2020,3,11545,6,25~29세,23255
2020,3,11545,7,30~34세,20055
2020,3,11545,8,35~39세,18570
2020,3,11545,9,40~44세,16721
2020,3,11545,10,45~49세,19891
2020,3,11545,11,50~54세,22532
2020,3,11545,12,55~59세,24236
2020,3,11545,13,60~64세,20587
2020,3,11545,14,65~69세,13841
2020,3,11545,15,70~74세,10393
2020,3,11545,16,75~79세,7725
2020,3,11545,17,80~84세,4379
2020,3,11545,18,85~89세,2005
2020,3,11545,19,90~94세,651
2020,3,11545,20,95~99세,189
2020,3,11545,21,100세 이상,178
2020,3,11560,1,0~4세,13717
2020,3,11560,2,5~9세,13828
2020,3,11560,3,10~14세,11899
2020,3,11560,4,15~19세,13351
2020,3,11560,5,20~24세,22571
2020,3,11560,6,25~29세,37870
2020,3,11560,7,30~34세,38191
2020,3,11560,8,35~39세,35481
2020,3,11560,9,40~44세,29848
2020,3,11560,10,45~49세,31819
2020,3,11560,11,50~54세,33058
2020,3,11560,12,55~59세,34188
2020,3,11560,13,60~64세,29335
2020,3,11560,14,65~69세,20335
2020,3,11560,15,70~74세,15621
2020,3,11560,16,75~79세,11806
2020,3,11560,17,80~84세,7578
2020,3,11560,18,85~89세,3618
2020,3,11560,19,90~94세,1219
2020,3,11560,20,95~99세,370
2020,3,11560,21,100세 이상,279
2020,3,11590,1,0~4세,11546
2020,3,11590,2,5~9세,14009
2020,3,11590,3,10~14세,13201
2020,3,11590,4,15~19세,15434
2020,3,11590,5,20~24세,30658
2020,3,11590,6,25~29세,40286
2020,3,11590,7,30~34세,32964
2020,3,11590,8,35~39세,31415
2020,3,11590,9,40~44세,29402
2020,3,11590,10,45~49세,31325
2020,3,11590,11,50~54세,30871
2020,3,11590,12,55~59세,30240
2020,3,11590,13,60~64세,28592
2020,3,11590,14,65~69세,21086
2020,3,11590,15,70~74세,16888
2020,3,11590,16,75~79세,12865
2020,3,11590,17,80~84세,8050
2020,3,11590,18,85~89세,3665
2020,3,11590,19,90~94세,1418
2020,3,11590,20,95~99세,385
2020,3,11590,21,100세 이상,317
2020,3,11620,1,0~4세,10809
2020,3,11620,2,5~9세,13154
2020,3,11620,3,10~14세,13066
2020,3,11620,4,15~19세,16723
2020,3,11620,5,20~24세,41408
2020,3,11620,6,25~29세,71654
2020,3,11620,7,30~34세,51062
2020,3,11620,8,35~39세,39905
2020,3,11620,9,40~44세,34466
2020,3,11620,10,45~49세,37201
2020,3,11620,11,50~54세,36487
2020,3,11620,12,55~59세,36285
2020,3,11620,13,60~64세,34129
2020,3,11620,14,65~69세,26109
2020,3,11620,15,70~74세,20981
2020,3,11620,16,75~79세,16198
2020,3,11620,17,80~84세,9105
2020,3,11620,18,85~89세,3774
2020,3,11620,19,90~94세,1361
2020,3,11620,20,95~99세,363
2020,3,11620,21,100세 이상,315
2020,3,11650,1,0~4세,13550
2020,3,11650,2,5~9세,21128
2020,3,11650,3,10~14세,22878
2020,3,11650,4,15~19세,22566
2020,3,11650,5,20~24세,25562
2020,3,11650,6,25~29세,30648
2020,3,11650,7,30~34세,30558
2020,3,11650,8,35~39세,34646
2020,3,11650,9,40~44세,37450
2020,3,11650,10,45~49세,40896
2020,3,11650,11,50~54세,34740
2020,3,11650,12,55~59세,28821
2020,3,11650,13,60~64세,27057
2020,3,11650,14,65~69세,20496
2020,3,11650,15,70~74세,16257
2020,3,11650,16,75~79세,11052
2020,3,11650,17,80~84세,6442
2020,3,11650,18,85~89세,3219
2020,3,11650,19,90~94세,1386
2020,3,11650,20,95~99세,419
2020,3,11650,21,100세 이상,224
2020,3,11680,1,0~4세,13904
2020,3,11680,2,5~9세,23333
2020,3,11680,3,10~14세,28805
2020,3,11680,4,15~19세,30690
2020,3,11680,5,20~24세,34032
2020,3,11680,6,25~29세,41772
2020,3,11680,7,30~34세,40526
2020,3,11680,8,35~39세,43624
2020,3,11680,9,40~44세,47278
2020,3,11680,10,45~49세,52803
2020,3,11680,11,50~54세,44663
2020,3,11680,12,55~59세,35801
2020,3,11680,13,60~64세,32912
2020,3,11680,14,65~69세,26034
2020,3,11680,15,70~74세,20257
2020,3,11680,16,75~79세,13574
2020,3,11680,17,80~84세,7704
2020,3,11680,18,85~89세,3860
2020,3,11680,19,90~94세,1707
2020,3,11680,20,95~99세,516
2020,3,11680,21,100세 이상,290
2020,3,11710,1,0~4세,22804
2020,3,11710,2,5~9세,29033
2020,3,11710,3,10~14세,28929
2020,3,11710,4,15~19세,30750
2020,3,11710,5,20~24세,41040
2020,3,11710,6,25~29세,54580
2020,3,11710,7,30~34세,55130
2020,3,11710,8,35~39세,58432
2020,3,11710,9,40~44세,54405
2020,3,11710,10,45~49세,56425
2020,3,11710,11,50~54세,53619
2020,3,11710,12,55~59세,51079
2020,3,11710,13,60~64세,48298
2020,3,11710,14,65~69세,35423
2020,3,11710,15,70~74세,24292
2020,3,11710,16,75~79세,15728
2020,3,11710,17,80~84세,9103
2020,3,11710,18,85~89세,4835
2020,3,11710,19,90~94세,1954
2020,3,11710,20,95~99세,524
2020,3,11710,21,100세 이상,290
2020,3,11740,1,0~4세,15487
2020,3,11740,2,5~9세,19527
2020,3,11740,3,10~14세,19192
2020,3,11740,4,15~19세,20114
2020,3,11740,5,20~24세,26940
2020,3,11740,6,25~29세,35013
2020,3,11740,7,30~34세,34162
2020,3,11740,8,35~39세,38620
2020,3,11740,9,40~44세,36875
2020,3,11740,10,45~49세,37639
2020,3,11740,11,50~54세,36664
2020,3,11740,12,55~59세,36914
2020,3,11740,13,60~64세,36330
2020,3,11740,14,65~69세,26122
2020,3,11740,15,70~74세,18271
2020,3,11740,16,75~79세,12025
2020,3,11740,17,80~84세,6853
2020,3,11740,18,85~89세,3420
2020,3,11740,19,90~94세,1483
2020,3,11740,20,95~99세,372
2020,3,11740,21,100세 이상,252
2020,4,11110,1,0~4세,3197
2020,4,11110,2,5~9세,4596
2020,4,11110,3,10~14세,5261
2020,4,11110,4,15~19세,6463
2020,4,11110,5,20~24세,13721
2020,4,11110,6,25~29세,14261
2020,4,11110,7,30~34세,10902
2020,4,11110,8,35~39세,10505
2020,4,11110,9,40~44세,10525
2020,4,11110,10,45~49세,12759
2020,4,11110,11,50~54세,13399
2020,4,11110,12,55~59세,13120
2020,4,11110,13,60~64세,11780
2020,4,11110,14,65~69세,8569
2020,4,11110,15,70~74세,6784
2020,4,11110,16,75~79세,5787
2020,4,11110,17,80~84세,4011
2020,4,11110,18,85~89세,1985
2020,4,11110,19,90~94세,804
2020,4,11110,20,95~99세,291
2020,4,11110,21,100세 이상,276
2020,4,11140,1,0~4세,3540
2020,4,11140,2,5~9세,3827
2020,4,11140,3,10~14세,3288
2020,4,11140,4,15~19세,4006
2020,4,11140,5,20~24세,9510
2020,4,11140,6,25~29세,12167
2020,4,11140,7,30~34세,11097
2020,4,11140,8,35~39세,10843
2020,4,11140,9,40~44세,9391
2020,4,11140,10,45~49세,9920
2020,4,11140,11,50~54세,10979
2020,4,11140,12,55~59세,11141
2020,4,11140,13,60~64세,10431
2020,4,11140,14,65~69세,7669
2020,4,11140,15,70~74세,5988
2020,4,11140,16,75~79세,4858
2020,4,11140,17,80~84세,3202
2020,4,11140,18,85~89세,1668
2020,4,11140,19,90~94세,700
2020,4,11140,20,95~99세,205
2020,4,11140,21,100세 이상,205
2020,4,11170,1,0~4세,6897
2020,4,11170,2,5~9세,7981
2020,4,11170,3,10~14세,7775
2020,4,11170,4,15~19세,8851
2020,4,11170,5,20~24세,14684
2020,4,11170,6,25~29세,21248
2020,4,11170,7,30~34세,20950
2020,4,11170,8,35~39세,20959
2020,4,11170,9,40~44세,18636
2020,4,11170,10,45~49세,20045
2020,4,11170,11,50~54세,20227
2020,4,11170,12,55~59세,18813
2020,4,11170,13,60~64세,17332
2020,4,11170,14,65~69세,12245
2020,4,11170,15,70~74세,9547
2020,4,11170,16,75~79세,7842
2020,4,11170,17,80~84세,5666
2020,4,11170,18,85~89세,2939
2020,4,11170,19,90~94세,1197
2020,4,11170,20,95~99세,438
2020,4,11170,21,100세 이상,373
2020,4,11200,1,0~4세,10197
2020,4,11200,2,5~9세,10503
2020,4,11200,3,10~14세,9180
2020,4,11200,4,15~19세,10996
2020,4,11200,5,20~24세,21368
2020,4,11200,6,25~29세,26519
2020,4,11200,7,30~34세,24371
2020,4,11200,8,35~39세,25765
2020,4,11200,9,40~44세,22406
2020,4,11200,10,45~49세,23441
2020,4,11200,11,50~54세,24421
2020,4,11200,12,55~59세,23842
2020,4,11200,13,60~64세,21893
2020,4,11200,14,65~69세,14994
2020,4,11200,15,70~74세,11569
2020,4,11200,16,75~79세,9065
2020,4,11200,17,80~84세,5878
2020,4,11200,18,85~89세,2654
2020,4,11200,19,90~94세,935
2020,4,11200,20,95~99세,254
2020,4,11200,21,100세 이상,254
2020,4,11215,1,0~4세,8719
2020,4,11215,2,5~9세,11536
2020,4,11215,3,10~14세,12429
2020,4,11215,4,15~19세,14278
2020,4,11215,5,20~24세,29342
2020,4,11215,6,25~29세,38579
2020,4,11215,7,30~34세,30414
2020,4,11215,8,35~39세,27819
2020,4,11215,9,40~44세,25562
2020,4,11215,10,45~49세,28354
2020,4,11215,11,50~54세,29224
2020,4,11215,12,55~59세,27775
2020,4,11215,13,60~64세,25518
2020,4,11215,14,65~69세,17703
2020,4,11215,15,70~74세,12896
2020,4,11215,16,75~79세,9593
2020,4,11215,17,80~84세,6118
2020,4,11215,18,85~89세,2752
2020,4,11215,19,90~94세,991
2020,4,11215,20,95~99세,288
2020,4,11215,21,100세 이상,219
2020,4,11230,1,0~4세,9720
2020,4,11230,2,5~9세,11422
2020,4,11230,3,10~14세,11153
2020,4,11230,4,15~19세,13154
2020,4,11230,5,20~24세,31905
2020,4,11230,6,25~29세,33057
2020,4,11230,7,30~34세,25668
2020,4,11230,8,35~39세,26421
2020,4,11230,9,40~44세,24799
2020,4,11230,10,45~49세,26816
2020,4,11230,11,50~54세,27660
2020,4,11230,12,55~59세,26762
2020,4,11230,13,60~64세,26681
2020,4,11230,14,65~69세,20102
2020,4,11230,15,70~74세,15656
2020,4,11230,16,75~79세,12591
2020,4,11230,17,80~84세,7868
2020,4,11230,18,85~89세,3680
2020,4,11230,19,90~94세,1224
2020,4,11230,20,95~99세,362
2020,4,11230,21,100세 이상,313
2020,4,11260,1,0~4세,10726
2020,4,11260,2,5~9세,12677
2020,4,11260,3,10~14세,12480
2020,4,11260,4,15~19세,14497
2020,4,11260,5,20~24세,24114
2020,4,11260,6,25~29세,33161
2020,4,11260,7,30~34세,29499
2020,4,11260,8,35~39세,29870
2020,4,11260,9,40~44세,27953
2020,4,11260,10,45~49세,30666
2020,4,11260,11,50~54세,34583
2020,4,11260,12,55~59세,35797
2020,4,11260,13,60~64세,34092
2020,4,11260,14,65~69세,24394
2020,4,11260,15,70~74세,18118
2020,4,11260,16,75~79세,13364
2020,4,11260,17,80~84세,8099
2020,4,11260,18,85~89세,3665
2020,4,11260,19,90~94세,1274
2020,4,11260,20,95~99세,327
2020,4,11260,21,100세 이상,206
2020,4,11290,1,0~4세,12400
2020,4,11290,2,5~9세,16743
2020,4,11290,3,10~14세,17432
2020,4,11290,4,15~19세,20356
2020,4,11290,5,20~24세,35905
2020,4,11290,6,25~29세,36514
2020,4,11290,7,30~34세,29293
2020,4,11290,8,35~39세,32205
2020,4,11290,9,40~44세,32388
2020,4,11290,10,45~49세,38264
2020,4,11290,11,50~54세,37110
2020,4,11290,12,55~59세,32962
2020,4,11290,13,60~64세,31714
2020,4,11290,14,65~69세,23440
2020,4,11290,15,70~74세,18599
2020,4,11290,16,75~79세,15024
2020,4,11290,17,80~84세,9758
2020,4,11290,18,85~89세,4490
2020,4,11290,19,90~94세,1658
2020,4,11290,20,95~99세,416
2020,4,11290,21,100세 이상,385
2020,4,11305,1,0~4세,6706
2020,4,11305,2,5~9세,9169
2020,4,11305,3,10~14세,10082
2020,4,11305,4,15~19세,12057
2020,4,11305,5,20~24세,20228
2020,4,11305,6,25~29세,23779
2020,4,11305,7,30~34세,19021
2020,4,11305,8,35~39세,20565
2020,4,11305,9,40~44세,21432
2020,4,11305,10,45~49세,25788
2020,4,11305,11,50~54세,26757
2020,4,11305,12,55~59세,26457
2020,4,11305,13,60~64세,26106
2020,4,11305,14,65~69세,20006
2020,4,11305,15,70~74세,16575
2020,4,11305,16,75~79세,13553
2020,4,11305,17,80~84세,8107
2020,4,11305,18,85~89세,3417
2020,4,11305,19,90~94세,1176
2020,4,11305,20,95~99세,337
2020,4,11305,21,100세 이상,251
2020,4,11320,1,0~4세,7975
2020,4,11320,2,5~9세,10890
2020,4,11320,3,10~14세,11729
2020,4,11320,4,15~19세,13961
2020,4,11320,5,20~24세,20677
2020,4,11320,6,25~29세,23339
2020,4,11320,7,30~34세,19579
2020,4,11320,8,35~39세,21978
2020,4,11320,9,40~44세,22130
2020,4,11320,10,45~49세,26755
2020,4,11320,11,50~54세,28896
2020,4,11320,12,55~59세,28435
2020,4,11320,13,60~64세,28958
2020,4,11320,14,65~69세,20884
2020,4,11320,15,70~74세,15534
2020,4,11320,16,75~79세,12187
2020,4,11320,17,80~84세,7866
2020,4,11320,18,85~89세,3742
2020,4,11320,19,90~94세,1354
2020,4,11320,20,95~99세,317
2020,4,11320,21,100세 이상,175
2020,4,11350,1,0~4세,13583
2020,4,11350,2,5~9세,19728
2020,4,11350,3,10~14세,24300
2020,4,11350,4,15~19세,29159
2020,4,11350,5,20~24세,38754
2020,4,11350,6,25~29세,36247
2020,4,11350,7,30~34세,30673
2020,4,11350,8,35~39세,34868
2020,4,11350,9,40~44세,38647
2020,4,11350,10,45~49세,48037
2020,4,11350,11,50~54세,46927
2020,4,11350,12,55~59세,41304
2020,4,11350,13,60~64세,39316
2020,4,11350,14,65~69세,28634
2020,4,11350,15,70~74세,21248
2020,4,11350,16,75~79세,16311
2020,4,11350,17,80~84세,10940
2020,4,11350,18,85~89세,5558
2020,4,11350,19,90~94세,2013
2020,4,11350,20,95~99세,496
2020,4,11350,21,100세 이상,289
2020,4,11380,1,0~4세,12961
2020,4,11380,2,5~9세,16953
2020,4,11380,3,10~14세,18148
2020,4,11380,4,15~19세,20737
2020,4,11380,5,20~24세,29987
2020,4,11380,6,25~29세,37868
2020,4,11380,7,30~34세,33083
2020,4,11380,8,35~39세,36504
2020,4,11380,9,40~44세,36137
2020,4,11380,10,45~49세,41230
2020,4,11380,11,50~54세,40159
2020,4,11380,12,55~59세,37891
2020,4,11380,13,60~64세,37198
2020,4,11380,14,65~69세,27543
2020,4,11380,15,70~74세,22050
2020,4,11380,16,75~79세,17132
2020,4,11380,17,80~84세,11072
2020,4,11380,18,85~89세,4850
2020,4,11380,19,90~94세,1661
2020,4,11380,20,95~99세,454
2020,4,11380,21,100세 이상,425
2020,4,11410,1,0~4세,9170
2020,4,11410,2,5~9세,11272
2020,4,11410,3,10~14세,11092
2020,4,11410,4,15~19세,13280
2020,4,11410,5,20~24세,26000
2020,4,11410,6,25~29세,29760
2020,4,11410,7,30~34세,23023
2020,4,11410,8,35~39세,23783
2020,4,11410,9,40~44세,22783
2020,4,11410,10,45~49세,25726
2020,4,11410,11,50~54세,25981
2020,4,11410,12,55~59세,24250
2020,4,11410,13,60~64세,22628
2020,4,11410,14,65~69세,16454
2020,4,11410,15,70~74세,13382
2020,4,11410,16,75~79세,11100
2020,4,11410,17,80~84세,7734
2020,4,11410,18,85~89세,3577
2020,4,11410,19,90~94세,1287
2020,4,11410,20,95~99세,371
2020,4,11410,21,100세 이상,299
2020,4,11440,1,0~4세,11660
2020,4,11440,2,5~9세,13573
2020,4,11440,3,10~14세,13907
2020,4,11440,4,15~19세,14951
2020,4,11440,5,20~24세,28016
2020,4,11440,6,25~29세,38160
2020,4,11440,7,30~34세,33296
2020,4,11440,8,35~39세,33277
2020,4,11440,9,40~44세,29915
2020,4,11440,10,45~49세,32239
2020,4,11440,11,50~54세,29240
2020,4,11440,12,55~59세,26019
2020,4,11440,13,60~64세,23274
2020,4,11440,14,65~69세,16757
2020,4,11440,15,70~74세,13350
2020,4,11440,16,75~79세,11075
2020,4,11440,17,80~84세,7439
2020,4,11440,18,85~89세,3685
2020,4,11440,19,90~94세,1319
2020,4,11440,20,95~99세,358
2020,4,11440,21,100세 이상,348
2020,4,11470,1,0~4세,12013
2020,4,11470,2,5~9세,19711
2020,4,11470,3,10~14세,24885
2020,4,11470,4,15~19세,26107
2020,4,11470,5,20~24세,29147
2020,4,11470,6,25~29세,31170
2020,4,11470,7,30~34세,26831
2020,4,11470,8,35~39세,31813
2020,4,11470,9,40~44세,36577
2020,4,11470,10,45~49세,43104
2020,4,11470,11,50~54세,40858
2020,4,11470,12,55~59세,36492
2020,4,11470,13,60~64세,33403
2020,4,11470,14,65~69세,24414
2020,4,11470,15,70~74세,17220
2020,4,11470,16,75~79세,11420
2020,4,11470,17,80~84세,7133
2020,4,11470,18,85~89세,3598
2020,4,11470,19,90~94세,1344
2020,4,11470,20,95~99세,353
2020,4,11470,21,100세 이상,188
2020,4,11500,1,0~4세,17688
2020,4,11500,2,5~9세,22220
2020,4,11500,3,10~14세,21262
2020,4,11500,4,15~19세,23550
2020,4,11500,5,20~24세,34309
2020,4,11500,6,25~29세,53505
2020,4,11500,7,30~34세,50522
2020,4,11500,8,35~39세,50119
2020,4,11500,9,40~44세,45680
2020,4,11500,10,45~49세,46211
2020,4,11500,11,50~54세,43568
2020,4,11500,12,55~59세,43904
2020,4,11500,13,60~64세,44379
2020,4,11500,14,65~69세,32417
2020,4,11500,15,70~74세,23479
2020,4,11500,16,75~79세,15525
2020,4,11500,17,80~84세,9801
2020,4,11500,18,85~89세,4999
2020,4,11500,19,90~94세,2031
2020,4,11500,20,95~99세,493
2020,4,11500,21,100세 이상,239
2020,4,11530,1,0~4세,13947
2020,4,11530,2,5~9세,16162
2020,4,11530,3,10~14세,15166
2020,4,11530,4,15~19세,15787
2020,4,11530,5,20~24세,24139
2020,4,11530,6,25~29세,33477
2020,4,11530,7,30~34세,33493
2020,4,11530,8,35~39세,34986
2020,4,11530,9,40~44세,33304
2020,4,11530,10,45~49세,35215
2020,4,11530,11,50~54세,35824
2020,4,11530,12,55~59세,36830
2020,4,11530,13,60~64세,33960
2020,4,11530,14,65~69세,24947
2020,4,11530,15,70~74세,18906
2020,4,11530,16,75~79세,13135
2020,4,11530,17,80~84세,7951
2020,4,11530,18,85~89세,3553
2020,4,11530,19,90~94세,1210
2020,4,11530,20,95~99세,317
2020,4,11530,21,100세 이상,179
2020,4,11545,1,0~4세,6470
2020,4,11545,2,5~9세,7310
2020,4,11545,3,10~14세,6957
2020,4,11545,4,15~19세,8123
2020,4,11545,5,20~24세,14724
2020,4,11545,6,25~29세,23499
2020,4,11545,7,30~34세,20083
2020,4,11545,8,35~39세,18345
2020,4,11545,9,40~44세,16537
2020,4,11545,10,45~49세,19487
2020,4,11545,11,50~54세,22172
2020,4,11545,12,55~59세,23713
2020,4,11545,13,60~64세,20573
2020,4,11545,14,65~69세,14079
2020,4,11545,15,70~74세,10539
2020,4,11545,16,75~79세,7655
2020,4,11545,17,80~84세,4446
2020,4,11545,18,85~89세,2061
2020,4,11545,19,90~94세,693
2020,4,11545,20,95~99세,191
2020,4,11545,21,100세 이상,178
2020,4,11560,1,0~4세,13798
2020,4,11560,2,5~9세,13930
2020,4,11560,3,10~14세,11971
2020,4,11560,4,15~19세,13142
2020,4,11560,5,20~24세,22614
2020,4,11560,6,25~29세,38449
2020,4,11560,7,30~34세,38441
2020,4,11560,8,35~39세,35853
2020,4,11560,9,40~44세,30197
2020,4,11560,10,45~49세,31412
2020,4,11560,11,50~54세,32922
2020,4,11560,12,55~59세,33666
2020,4,11560,13,60~64세,29284
2020,4,11560,14,65~69세,20735
2020,4,11560,15,70~74세,15922
2020,4,11560,16,75~79세,11715
2020,4,11560,17,80~84세,7677
2020,4,11560,18,85~89세,3732
2020,4,11560,19,90~94세,1252
2020,4,11560,20,95~99세,368
2020,4,11560,21,100세 이상,287
2020,4,11590,1,0~4세,11143
2020,4,11590,2,5~9세,13778
2020,4,11590,3,10~14세,13211
2020,4,11590,4,15~19세,15036
2020,4,11590,5,20~24세,30100
2020,4,11590,6,25~29세,40304
2020,4,11590,7,30~34세,32748
2020,4,11590,8,35~39세,30994
2020,4,11590,9,40~44세,29251
2020,4,11590,10,45~49세,30805
2020,4,11590,11,50~54세,30576
2020,4,11590,12,55~59세,29838
2020,4,11590,13,60~64세,28598
2020,4,11590,14,65~69세,21314
2020,4,11590,15,70~74세,17112
2020,4,11590,16,75~79세,12711
2020,4,11590,17,80~84세,8126
2020,4,11590,18,85~89세,3794
2020,4,11590,19,90~94세,1435
2020,4,11590,20,95~99세,382
2020,4,11590,21,100세 이상,316
2020,4,11620,1,0~4세,10314
2020,4,11620,2,5~9세,12801
2020,4,11620,3,10~14세,12927
2020,4,11620,4,15~19세,16178
2020,4,11620,5,20~24세,40485
2020,4,11620,6,25~29세,71836
2020,4,11620,7,30~34세,50689
2020,4,11620,8,35~39세,39117
2020,4,11620,9,40~44세,34125
2020,4,11620,10,45~49세,36493
2020,4,11620,11,50~54세,36105
2020,4,11620,12,55~59세,35677
2020,4,11620,13,60~64세,34181
2020,4,11620,14,65~69세,26323
2020,4,11620,15,70~74세,21260
2020,4,11620,16,75~79세,16031
2020,4,11620,17,80~84세,9313
2020,4,11620,18,85~89세,3864
2020,4,11620,19,90~94세,1409
2020,4,11620,20,95~99세,352
2020,4,11620,21,100세 이상,323
2020,4,11650,1,0~4세,13239
2020,4,11650,2,5~9세,20913
2020,4,11650,3,10~14세,23247
2020,4,11650,4,15~19세,22318
2020,4,11650,5,20~24세,25343
2020,4,11650,6,25~29세,30404
2020,4,11650,7,30~34세,30207
2020,4,11650,8,35~39세,34113
2020,4,11650,9,40~44세,37601
2020,4,11650,10,45~49세,40591
2020,4,11650,11,50~54세,35015
2020,4,11650,12,55~59세,28729
2020,4,11650,13,60~64세,27136
2020,4,11650,14,65~69세,20838
2020,4,11650,15,70~74세,16353
2020,4,11650,16,75~79세,11114
2020,4,11650,17,80~84세,6470
2020,4,11650,18,85~89세,3329
2020,4,11650,19,90~94세,1412
2020,4,11650,20,95~99세,420
2020,4,11650,21,100세 이상,233
2020,4,11680,1,0~4세,13675
2020,4,11680,2,5~9세,23210
2020,4,11680,3,10~14세,29194
2020,4,11680,4,15~19세,30089
2020,4,11680,5,20~24세,33765
2020,4,11680,6,25~29세,41597
2020,4,11680,7,30~34세,40207
2020,4,11680,8,35~39세,43175
2020,4,11680,9,40~44세,47545
2020,4,11680,10,45~49세,52514
2020,4,11680,11,50~54세,44957
2020,4,11680,12,55~59세,35919
2020,4,11680,13,60~64세,33112
2020,4,11680,14,65~69세,26516
2020,4,11680,15,70~74세,20630
2020,4,11680,16,75~79세,13589
2020,4,11680,17,80~84세,7845
2020,4,11680,18,85~89세,3979
2020,4,11680,19,90~94세,1733
2020,4,11680,20,95~99세,507
2020,4,11680,21,100세 이상,297
2020,4,11710,1,0~4세,22147
2020,4,11710,2,5~9세,28933
2020,4,11710,3,10~14세,29160
2020,4,11710,4,15~19세,30075
2020,4,11710,5,20~24세,40527
2020,4,11710,6,25~29세,54500
2020,4,11710,7,30~34세,54443
2020,4,11710,8,35~39세,57750
2020,4,11710,9,40~44세,54660
2020,4,11710,10,45~49세,55712
2020,4,11710,11,50~54세,53466
2020,4,11710,12,55~59세,50486
2020,4,11710,13,60~64세,48584
2020,4,11710,14,65~69세,36021
2020,4,11710,15,70~74세,24753
2020,4,11710,16,75~79세,15743
2020,4,11710,17,80~84세,9176
2020,4,11710,18,85~89세,4970
2020,4,11710,19,90~94세,1986
2020,4,11710,20,95~99세,535
2020,4,11710,21,100세 이상,299
2020,4,11740,1,0~4세,15408
2020,4,11740,2,5~9세,19549
2020,4,11740,3,10~14세,19381
2020,4,11740,4,15~19세,19703
2020,4,11740,5,20~24세,26857
2020,4,11740,6,25~29세,35248
2020,4,11740,7,30~34세,34393
2020,4,11740,8,35~39세,38656
2020,4,11740,9,40~44세,37314
2020,4,11740,10,45~49세,37468
2020,4,11740,11,50~54세,36692
2020,4,11740,12,55~59세,36536
2020,4,11740,13,60~64세,36774
2020,4,11740,14,65~69세,26769
2020,4,11740,15,70~74세,18646
2020,4,11740,16,75~79세,12027
2020,4,11740,17,80~84세,6925
2020,4,11740,18,85~89세,3531
2020,4,11740,19,90~94세,1486
2020,4,11740,20,95~99세,379
2020,4,11740,21,100세 이상,256
2021,1,11110,1,0~4세,3074
2021,1,11110,2,5~9세,4479
2021,1,11110,3,10~14세,5180
2021,1,11110,4,15~19세,6077
2021,1,11110,5,20~24세,13477
2021,1,11110,6,25~29세,14463
2021,1,11110,7,30~34세,10896
2021,1,11110,8,35~39세,10280
2021,1,11110,9,40~44세,10507
2021,1,11110,10,45~49세,12327
2021,1,11110,11,50~54세,13415
2021,1,11110,12,55~59세,12779
2021,1,11110,13,60~64세,11832
2021,1,11110,14,65~69세,8645
2021,1,11110,15,70~74세,6620
2021,1,11110,16,75~79세,5533
2021,1,11110,17,80~84세,4014
2021,1,11110,18,85~89세,1954
2021,1,11110,19,90~94세,736
2021,1,11110,20,95~99세,213
2021,1,11110,21,100세 이상,66
2021,1,11140,1,0~4세,3337
2021,1,11140,2,5~9세,3743
2021,1,11140,3,10~14세,3313
2021,1,11140,4,15~19세,3830
2021,1,11140,5,20~24세,9180
2021,1,11140,6,25~29세,12306
2021,1,11140,7,30~34세,11015
2021,1,11140,8,35~39세,10698
2021,1,11140,9,40~44세,9448
2021,1,11140,10,45~49세,9665
2021,1,11140,11,50~54세,10938
2021,1,11140,12,55~59세,10922
2021,1,11140,13,60~64세,10546
2021,1,11140,14,65~69세,7887
2021,1,11140,15,70~74세,5992
2021,1,11140,16,75~79세,4822
2021,1,11140,17,80~84세,3226
2021,1,11140,18,85~89세,1747
2021,1,11140,19,90~94세,706
2021,1,11140,20,95~99세,198
2021,1,11140,21,100세 이상,189
2021,1,11170,1,0~4세,6653
2021,1,11170,2,5~9세,7938
2021,1,11170,3,10~14세,7764
2021,1,11170,4,15~19세,8697
2021,1,11170,5,20~24세,14540
2021,1,11170,6,25~29세,21419
2021,1,11170,7,30~34세,21283
2021,1,11170,8,35~39세,20815
2021,1,11170,9,40~44세,18671
2021,1,11170,10,45~49세,19644
2021,1,11170,11,50~54세,20345
2021,1,11170,12,55~59세,18544
2021,1,11170,13,60~64세,17448
2021,1,11170,14,65~69세,12336
2021,1,11170,15,70~74세,9450
2021,1,11170,16,75~79세,7605
2021,1,11170,17,80~84세,5625
2021,1,11170,18,85~89세,3012
2021,1,11170,19,90~94세,1105
2021,1,11170,20,95~99세,329
2021,1,11170,21,100세 이상,113
2021,1,11200,1,0~4세,9899
2021,1,11200,2,5~9세,10281
2021,1,11200,3,10~14세,9139
2021,1,11200,4,15~19세,10693
2021,1,11200,5,20~24세,20920
2021,1,11200,6,25~29세,26457
2021,1,11200,7,30~34세,24162
2021,1,11200,8,35~39세,25317
2021,1,11200,9,40~44세,22352
2021,1,11200,10,45~49세,23010
2021,1,11200,11,50~54세,24527
2021,1,11200,12,55~59세,23544
2021,1,11200,13,60~64세,22152
2021,1,11200,14,65~69세,15332
2021,1,11200,15,70~74세,11681
2021,1,11200,16,75~79세,9019
2021,1,11200,17,80~84세,5905
2021,1,11200,18,85~89세,2786
2021,1,11200,19,90~94세,921
2021,1,11200,20,95~99세,220
2021,1,11200,21,100세 이상,104
2021,1,11215,1,0~4세,8267
2021,1,11215,2,5~9세,11258
2021,1,11215,3,10~14세,12333
2021,1,11215,4,15~19세,13658
2021,1,11215,5,20~24세,28845
2021,1,11215,6,25~29세,38576
2021,1,11215,7,30~34세,30383
2021,1,11215,8,35~39세,27297
2021,1,11215,9,40~44세,25419
2021,1,11215,10,45~49세,27687
2021,1,11215,11,50~54세,29035
2021,1,11215,12,55~59세,27306
2021,1,11215,13,60~64세,25757
2021,1,11215,14,65~69세,18006
2021,1,11215,15,70~74세,12724
2021,1,11215,16,75~79세,9406
2021,1,11215,17,80~84세,6164
2021,1,11215,18,85~89세,2814
2021,1,11215,19,90~94세,941
2021,1,11215,20,95~99세,243
2021,1,11215,21,100세 이상,72
2021,1,11230,1,0~4세,9327
2021,1,11230,2,5~9세,11218
2021,1,11230,3,10~14세,11139
2021,1,11230,4,15~19세,12725
2021,1,11230,5,20~24세,31046
2021,1,11230,6,25~29세,33605
2021,1,11230,7,30~34세,25754
2021,1,11230,8,35~39세,25828
2021,1,11230,9,40~44세,24704
2021,1,11230,10,45~49세,26079
2021,1,11230,11,50~54세,27548
2021,1,11230,12,55~59세,26217
2021,1,11230,13,60~64세,26512
2021,1,11230,14,65~69세,20261
2021,1,11230,15,70~74세,15332
2021,1,11230,16,75~79세,12294
2021,1,11230,17,80~84세,7831
2021,1,11230,18,85~89세,3653
2021,1,11230,19,90~94세,1147
2021,1,11230,20,95~99세,275
2021,1,11230,21,100세 이상,75
2021,1,11260,1,0~4세,10272
2021,1,11260,2,5~9세,12461
2021,1,11260,3,10~14세,12412
2021,1,11260,4,15~19세,14064
2021,1,11260,5,20~24세,23758
2021,1,11260,6,25~29세,33290
2021,1,11260,7,30~34세,29458
2021,1,11260,8,35~39세,29274
2021,1,11260,9,40~44세,27822
2021,1,11260,10,45~49세,30008
2021,1,11260,11,50~54세,34519
2021,1,11260,12,55~59세,35121
2021,1,11260,13,60~64세,34507
2021,1,11260,14,65~69세,24895
2021,1,11260,15,70~74세,18087
2021,1,11260,16,75~79세,13227
2021,1,11260,17,80~84세,8233
2021,1,11260,18,85~89세,3675
2021,1,11260,19,90~94세,1297
2021,1,11260,20,95~99세,319
2021,1,11260,21,100세 이상,108
2021,1,11290,1,0~4세,12253
2021,1,11290,2,5~9세,16802
2021,1,11290,3,10~14세,17542
2021,1,11290,4,15~19세,19862
2021,1,11290,5,20~24세,35349
2021,1,11290,6,25~29세,36365
2021,1,11290,7,30~34세,29196
2021,1,11290,8,35~39세,31982
2021,1,11290,9,40~44세,32462
2021,1,11290,10,45~49세,37616
2021,1,11290,11,50~54세,37426
2021,1,11290,12,55~59세,32419
2021,1,11290,13,60~64세,31863
2021,1,11290,14,65~69세,23728
2021,1,11290,15,70~74세,18392
2021,1,11290,16,75~79세,14681
2021,1,11290,17,80~84세,9763
2021,1,11290,18,85~89세,4542
2021,1,11290,19,90~94세,1605
2021,1,11290,20,95~99세,345
2021,1,11290,21,100세 이상,102
2021,1,11305,1,0~4세,6378
2021,1,11305,2,5~9세,8967
2021,1,11305,3,10~14세,9965
2021,1,11305,4,15~19세,11687
2021,1,11305,5,20~24세,19892
2021,1,11305,6,25~29세,23589
2021,1,11305,7,30~34세,18836
2021,1,11305,8,35~39세,20004
2021,1,11305,9,40~44세,21208
2021,1,11305,10,45~49세,25175
2021,1,11305,11,50~54세,26720
2021,1,11305,12,55~59세,25981
2021,1,11305,13,60~64세,26242
2021,1,11305,14,65~69세,20132
2021,1,11305,15,70~74세,16436
2021,1,11305,16,75~79세,13178
2021,1,11305,17,80~84세,8195
2021,1,11305,18,85~89세,3485
2021,1,11305,19,90~94세,1139
2021,1,11305,20,95~99세,279
2021,1,11305,21,100세 이상,49
2021,1,11320,1,0~4세,7532
2021,1,11320,2,5~9세,10692
2021,1,11320,3,10~14세,11623
2021,1,11320,4,15~19세,13649
2021,1,11320,5,20~24세,20266
2021,1,11320,6,25~29세,23083
2021,1,11320,7,30~34세,19336
2021,1,11320,8,35~39세,21380
2021,1,11320,9,40~44세,21850
2021,1,11320,10,45~49세,26125
2021,1,11320,11,50~54세,28868
2021,1,11320,12,55~59세,27893
2021,1,11320,13,60~64세,29095
2021,1,11320,14,65~69세,21268
2021,1,11320,15,70~74세,15568
2021,1,11320,16,75~79세,11982
2021,1,11320,17,80~84세,7957
2021,1,11320,18,85~89세,3826
2021,1,11320,19,90~94세,1340
2021,1,11320,20,95~99세,300
2021,1,11320,21,100세 이상,119
2021,1,11350,1,0~4세,13054
2021,1,11350,2,5~9세,19400
2021,1,11350,3,10~14세,24107
2021,1,11350,4,15~19세,28302
2021,1,11350,5,20~24세,38189
2021,1,11350,6,25~29세,35895
2021,1,11350,7,30~34세,30580
2021,1,11350,8,35~39세,34210
2021,1,11350,9,40~44세,38307
2021,1,11350,10,45~49세,46879
2021,1,11350,11,50~54세,47139
2021,1,11350,12,55~59세,40611
2021,1,11350,13,60~64세,39646
2021,1,11350,14,65~69세,29289
2021,1,11350,15,70~74세,21308
2021,1,11350,16,75~79세,16035
2021,1,11350,17,80~84세,11037
2021,1,11350,18,85~89세,5630
2021,1,11350,19,90~94세,2041
2021,1,11350,20,95~99세,452
2021,1,11350,21,100세 이상,114
2021,1,11380,1,0~4세,12405
2021,1,11380,2,5~9세,16615
2021,1,11380,3,10~14세,17989
2021,1,11380,4,15~19세,20304
2021,1,11380,5,20~24세,29516
2021,1,11380,6,25~29세,37822
2021,1,11380,7,30~34세,33135
2021,1,11380,8,35~39세,35592
2021,1,11380,9,40~44세,35811
2021,1,11380,10,45~49세,40385
2021,1,11380,11,50~54세,40348
2021,1,11380,12,55~59세,37204
2021,1,11380,13,60~64세,37341
2021,1,11380,14,65~69세,27915
2021,1,11380,15,70~74세,21932
2021,1,11380,16,75~79세,16926
2021,1,11380,17,80~84세,11120
2021,1,11380,18,85~89세,4955
2021,1,11380,19,90~94세,1613
2021,1,11380,20,95~99세,398
2021,1,11380,21,100세 이상,281
2021,1,11410,1,0~4세,8781
2021,1,11410,2,5~9세,11195
2021,1,11410,3,10~14세,11044
2021,1,11410,4,15~19세,12833
2021,1,11410,5,20~24세,25437
2021,1,11410,6,25~29세,29625
2021,1,11410,7,30~34세,23003
2021,1,11410,8,35~39세,23338
2021,1,11410,9,40~44세,22626
2021,1,11410,10,45~49세,25067
2021,1,11410,11,50~54세,26035
2021,1,11410,12,55~59세,23754
2021,1,11410,13,60~64세,22636
2021,1,11410,14,65~69세,16595
2021,1,11410,15,70~74세,13133
2021,1,11410,16,75~79세,10790
2021,1,11410,17,80~84세,7638
2021,1,11410,18,85~89세,3638
2021,1,11410,19,90~94세,1241
2021,1,11410,20,95~99세,295
2021,1,11410,21,100세 이상,110
2021,1,11440,1,0~4세,11193
2021,1,11440,2,5~9세,13435
2021,1,11440,3,10~14세,13767
2021,1,11440,4,15~19세,14732
2021,1,11440,5,20~24세,27549
2021,1,11440,6,25~29세,38077
2021,1,11440,7,30~34세,33282
2021,1,11440,8,35~39세,32678
2021,1,11440,9,40~44세,29927
2021,1,11440,10,45~49세,31595
2021,1,11440,11,50~54세,29503
2021,1,11440,12,55~59세,25612
2021,1,11440,13,60~64세,23372
2021,1,11440,14,65~69세,16858
2021,1,11440,15,70~74세,13144
2021,1,11440,16,75~79세,10735
2021,1,11440,17,80~84세,7420
2021,1,11440,18,85~89세,3679
2021,1,11440,19,90~94세,1274
2021,1,11440,20,95~99세,276
2021,1,11440,21,100세 이상,108
2021,1,11470,1,0~4세,11781
2021,1,11470,2,5~9세,19696
2021,1,11470,3,10~14세,24814
2021,1,11470,4,15~19세,25611
2021,1,11470,5,20~24세,28666
2021,1,11470,6,25~29세,30970
2021,1,11470,7,30~34세,26861
2021,1,11470,8,35~39세,31304
2021,1,11470,9,40~44세,36512
2021,1,11470,10,45~49세,42530
2021,1,11470,11,50~54세,40993
2021,1,11470,12,55~59세,36121
2021,1,11470,13,60~64세,33929
2021,1,11470,14,65~69세,24987
2021,1,11470,15,70~74세,17346
2021,1,11470,16,75~79세,11337
2021,1,11470,17,80~84세,7203
2021,1,11470,18,85~89세,3639
2021,1,11470,19,90~94세,1317
2021,1,11470,20,95~99세,335
2021,1,11470,21,100세 이상,67
2021,1,11500,1,0~4세,17048
2021,1,11500,2,5~9세,21964
2021,1,11500,3,10~14세,21234
2021,1,11500,4,15~19세,23138
2021,1,11500,5,20~24세,34116
2021,1,11500,6,25~29세,53487
2021,1,11500,7,30~34세,50653
2021,1,11500,8,35~39세,49268
2021,1,11500,9,40~44세,45592
2021,1,11500,10,45~49세,45815
2021,1,11500,11,50~54세,43593
2021,1,11500,12,55~59세,42844
2021,1,11500,13,60~64세,44675
2021,1,11500,14,65~69세,33007
2021,1,11500,15,70~74세,23479
2021,1,11500,16,75~79세,15382
2021,1,11500,17,80~84세,9915
2021,1,11500,18,85~89세,5065
2021,1,11500,19,90~94세,1968
2021,1,11500,20,95~99세,472
2021,1,11500,21,100세 이상,89
2021,1,11530,1,0~4세,13150
2021,1,11530,2,5~9세,15889
2021,1,11530,3,10~14세,15043
2021,1,11530,4,15~19세,15425
2021,1,11530,5,20~24세,23862
2021,1,11530,6,25~29세,33254
2021,1,11530,7,30~34세,32992
2021,1,11530,8,35~39세,34206
2021,1,11530,9,40~44세,32822
2021,1,11530,10,45~49세,34093
2021,1,11530,11,50~54세,35283
2021,1,11530,12,55~59세,35781
2021,1,11530,13,60~64세,34158
2021,1,11530,14,65~69세,25474
2021,1,11530,15,70~74세,18931
2021,1,11530,16,75~79세,13104
2021,1,11530,17,80~84세,8008
2021,1,11530,18,85~89세,3643
2021,1,11530,19,90~94세,1224
2021,1,11530,20,95~99세,274
2021,1,11530,21,100세 이상,59
2021,1,11545,1,0~4세,6040
2021,1,11545,2,5~9세,7220
2021,1,11545,3,10~14세,6990
2021,1,11545,4,15~19세,7971
2021,1,11545,5,20~24세,14496
2021,1,11545,6,25~29세,23526
2021,1,11545,7,30~34세,20035
2021,1,11545,8,35~39세,18018
2021,1,11545,9,40~44세,16344
2021,1,11545,10,45~49세,18605
2021,1,11545,11,50~54세,21544
2021,1,11545,12,55~59세,23262
2021,1,11545,13,60~64세,20732
2021,1,11545,14,65~69세,14383
2021,1,11545,15,70~74세,10482
2021,1,11545,16,75~79세,7498
2021,1,11545,17,80~84세,4475
2021,1,11545,18,85~89세,2054
2021,1,11545,19,90~94세,698
2021,1,11545,20,95~99세,146
2021,1,11545,21,100세 이상,45
2021,1,11560,1,0~4세,13239
2021,1,11560,2,5~9세,13997
2021,1,11560,3,10~14세,12060
2021,1,11560,4,15~19세,12950
2021,1,11560,5,20~24세,22501
2021,1,11560,6,25~29세,38425
2021,1,11560,7,30~34세,38141
2021,1,11560,8,35~39세,35744
2021,1,11560,9,40~44세,29929
2021,1,11560,10,45~49세,30436
2021,1,11560,11,50~54세,32396
2021,1,11560,12,55~59세,32687
2021,1,11560,13,60~64세,29368
2021,1,11560,14,65~69세,20963
2021,1,11560,15,70~74세,15773
2021,1,11560,16,75~79세,11475
2021,1,11560,17,80~84세,7660
2021,1,11560,18,85~89세,3769
2021,1,11560,19,90~94세,1184
2021,1,11560,20,95~99세,307
2021,1,11560,21,100세 이상,66
2021,1,11590,1,0~4세,10764
2021,1,11590,2,5~9세,13643
2021,1,11590,3,10~14세,13154
2021,1,11590,4,15~19세,14591
2021,1,11590,5,20~24세,29216
2021,1,11590,6,25~29세,40108
2021,1,11590,7,30~34세,32793
2021,1,11590,8,35~39세,30541
2021,1,11590,9,40~44세,29011
2021,1,11590,10,45~49세,30322
2021,1,11590,11,50~54세,30617
2021,1,11590,12,55~59세,29302
2021,1,11590,13,60~64세,28747
2021,1,11590,14,65~69세,21564
2021,1,11590,15,70~74세,17199
2021,1,11590,16,75~79세,12636
2021,1,11590,17,80~84세,8162
2021,1,11590,18,85~89세,3887
2021,1,11590,19,90~94세,1402
2021,1,11590,20,95~99세,365
2021,1,11590,21,100세 이상,181
2021,1,11620,1,0~4세,9707
2021,1,11620,2,5~9세,12433
2021,1,11620,3,10~14세,12841
2021,1,11620,4,15~19세,15785
2021,1,11620,5,20~24세,40141
2021,1,11620,6,25~29세,71733
2021,1,11620,7,30~34세,50670
2021,1,11620,8,35~39세,38270
2021,1,11620,9,40~44세,33798
2021,1,11620,10,45~49세,35466
2021,1,11620,11,50~54세,35888
2021,1,11620,12,55~59세,34936
2021,1,11620,13,60~64세,34072
2021,1,11620,14,65~69세,26537
2021,1,11620,15,70~74세,21133
2021,1,11620,16,75~79세,15697
2021,1,11620,17,80~84세,9385
2021,1,11620,18,85~89세,3910
2021,1,11620,19,90~94세,1335
2021,1,11620,20,95~99세,299
2021,1,11620,21,100세 이상,104
2021,1,11650,1,0~4세,12857
2021,1,11650,2,5~9세,20562
2021,1,11650,3,10~14세,23335
2021,1,11650,4,15~19세,21997
2021,1,11650,5,20~24세,24985
2021,1,11650,6,25~29세,29823
2021,1,11650,7,30~34세,29983
2021,1,11650,8,35~39세,33270
2021,1,11650,9,40~44세,37308
2021,1,11650,10,45~49세,40124
2021,1,11650,11,50~54세,35354
2021,1,11650,12,55~59세,28408
2021,1,11650,13,60~64세,26888
2021,1,11650,14,65~69세,21057
2021,1,11650,15,70~74세,16322
2021,1,11650,16,75~79세,11062
2021,1,11650,17,80~84세,6545
2021,1,11650,18,85~89세,3328
2021,1,11650,19,90~94세,1390
2021,1,11650,20,95~99세,365
2021,1,11650,21,100세 이상,140
2021,1,11680,1,0~4세,13307
2021,1,11680,2,5~9세,22991
2021,1,11680,3,10~14세,29412
2021,1,11680,4,15~19세,29222
2021,1,11680,5,20~24세,32936
2021,1,11680,6,25~29세,40812
2021,1,11680,7,30~34세,39678
2021,1,11680,8,35~39세,42413
2021,1,11680,9,40~44세,47615
2021,1,11680,10,45~49세,51662
2021,1,11680,11,50~54세,45396
2021,1,11680,12,55~59세,35408
2021,1,11680,13,60~64세,33084
2021,1,11680,14,65~69세,26948
2021,1,11680,15,70~74세,20747
2021,1,11680,16,75~79세,13581
2021,1,11680,17,80~84세,7943
2021,1,11680,18,85~89세,4028
2021,1,11680,19,90~94세,1720
2021,1,11680,20,95~99세,478
2021,1,11680,21,100세 이상,157
2021,1,11710,1,0~4세,21188
2021,1,11710,2,5~9세,28586
2021,1,11710,3,10~14세,29119
2021,1,11710,4,15~19세,29387
2021,1,11710,5,20~24세,39820
2021,1,11710,6,25~29세,53943
2021,1,11710,7,30~34세,53463
2021,1,11710,8,35~39세,56530
2021,1,11710,9,40~44세,54553
2021,1,11710,10,45~49세,54645
2021,1,11710,11,50~54세,53386
2021,1,11710,12,55~59세,49675
2021,1,11710,13,60~64세,48675
2021,1,11710,14,65~69세,36689
2021,1,11710,15,70~74세,24957
2021,1,11710,16,75~79세,15681
2021,1,11710,17,80~84세,9224
2021,1,11710,18,85~89세,5015
2021,1,11710,19,90~94세,1977
2021,1,11710,20,95~99세,485
2021,1,11710,21,100세 이상,117
2021,1,11740,1,0~4세,15704
2021,1,11740,2,5~9세,20011
2021,1,11740,3,10~14세,19821
2021,1,11740,4,15~19세,19549
2021,1,11740,5,20~24세,26813
2021,1,11740,6,25~29세,35576
2021,1,11740,7,30~34세,34926
2021,1,11740,8,35~39세,38948
2021,1,11740,9,40~44세,38249
2021,1,11740,10,45~49세,37387
2021,1,11740,11,50~54세,37086
2021,1,11740,12,55~59세,36166
2021,1,11740,13,60~64세,37376
2021,1,11740,14,65~69세,27642
2021,1,11740,15,70~74세,18892
2021,1,11740,16,75~79세,12065
2021,1,11740,17,80~84세,7078
2021,1,11740,18,85~89세,3577
2021,1,11740,19,90~94세,1472
2021,1,11740,20,95~99세,360
2021,1,11740,21,100세 이상,117
2021,2,11110,1,0~4세,3032
2021,2,11110,2,5~9세,4482
2021,2,11110,3,10~14세,5124
2021,2,11110,4,15~19세,5905
2021,2,11110,5,20~24세,13211
2021,2,11110,6,25~29세,14487
2021,2,11110,7,30~34세,10937
2021,2,11110,8,35~39세,10068
2021,2,11110,9,40~44세,10497
2021,2,11110,10,45~49세,11963
2021,2,11110,11,50~54세,13434
2021,2,11110,12,55~59세,12509
2021,2,11110,13,60~64세,11852
2021,2,11110,14,65~69세,8743
2021,2,11110,15,70~74세,6416
2021,2,11110,16,75~79세,5450
2021,2,11110,17,80~84세,4010
2021,2,11110,18,85~89세,1994
2021,2,11110,19,90~94세,734
2021,2,11110,20,95~99세,206
2021,2,11110,21,100세 이상,52
2021,2,11140,1,0~4세,3286
2021,2,11140,2,5~9세,3708
2021,2,11140,3,10~14세,3342
2021,2,11140,4,15~19세,3756
2021,2,11140,5,20~24세,9061
2021,2,11140,6,25~29세,12333
2021,2,11140,7,30~34세,11130
2021,2,11140,8,35~39세,10628
2021,2,11140,9,40~44세,9522
2021,2,11140,10,45~49세,9493
2021,2,11140,11,50~54세,10882
2021,2,11140,12,55~59세,10677
2021,2,11140,13,60~64세,10461
2021,2,11140,14,65~69세,7866
2021,2,11140,15,70~74세,5772
2021,2,11140,16,75~79세,4675
2021,2,11140,17,80~84세,3158
2021,2,11140,18,85~89세,1646
2021,2,11140,19,90~94세,653
2021,2,11140,20,95~99세,151
2021,2,11140,21,100세 이상,59
2021,2,11170,1,0~4세,6578
2021,2,11170,2,5~9세,7860
2021,2,11170,3,10~14세,7699
2021,2,11170,4,15~19세,8500
2021,2,11170,5,20~24세,14483
2021,2,11170,6,25~29세,21347
2021,2,11170,7,30~34세,21374
2021,2,11170,8,35~39세,20511
2021,2,11170,9,40~44세,18636
2021,2,11170,10,45~49세,19085
2021,2,11170,11,50~54세,20304
2021,2,11170,12,55~59세,18158
2021,2,11170,13,60~64세,17246
2021,2,11170,14,65~69세,12376
2021,2,11170,15,70~74세,9151
2021,2,11170,16,75~79세,7388
2021,2,11170,17,80~84세,5528
2021,2,11170,18,85~89세,2966
2021,2,11170,19,90~94세,1076
2021,2,11170,20,95~99세,306
2021,2,11170,21,100세 이상,93
2021,2,11200,1,0~4세,9797
2021,2,11200,2,5~9세,10275
2021,2,11200,3,10~14세,9130
2021,2,11200,4,15~19세,10467
2021,2,11200,5,20~24세,20758
2021,2,11200,6,25~29세,26416
2021,2,11200,7,30~34세,24113
2021,2,11200,8,35~39세,24814
2021,2,11200,9,40~44세,22362
2021,2,11200,10,45~49세,22407
2021,2,11200,11,50~54세,24489
2021,2,11200,12,55~59세,22986
2021,2,11200,13,60~64세,22162
2021,2,11200,14,65~69세,15325
2021,2,11200,15,70~74세,11450
2021,2,11200,16,75~79세,8836
2021,2,11200,17,80~84세,5971
2021,2,11200,18,85~89세,2799
2021,2,11200,19,90~94세,929
2021,2,11200,20,95~99세,197
2021,2,11200,21,100세 이상,84
2021,2,11215,1,0~4세,8104
2021,2,11215,2,5~9세,11111
2021,2,11215,3,10~14세,12265
2021,2,11215,4,15~19세,13519
2021,2,11215,5,20~24세,28553
2021,2,11215,6,25~29세,38835
2021,2,11215,7,30~34세,30396
2021,2,11215,8,35~39세,26915
2021,2,11215,9,40~44세,25493
2021,2,11215,10,45~49세,27104
2021,2,11215,11,50~54세,29183
2021,2,11215,12,55~59세,26948
2021,2,11215,13,60~64세,26065
2021,2,11215,14,65~69세,18245
2021,2,11215,15,70~74세,12770
2021,2,11215,16,75~79세,9364
2021,2,11215,17,80~84세,6284
2021,2,11215,18,85~89세,2882
2021,2,11215,19,90~94세,955
2021,2,11215,20,95~99세,243
2021,2,11215,21,100세 이상,72
2021,2,11230,1,0~4세,9155
2021,2,11230,2,5~9세,11147
2021,2,11230,3,10~14세,11119
2021,2,11230,4,15~19세,12548
2021,2,11230,5,20~24세,31217
2021,2,11230,6,25~29세,33825
2021,2,11230,7,30~34세,25775
2021,2,11230,8,35~39세,25538
2021,2,11230,9,40~44세,24786
2021,2,11230,10,45~49세,25626
2021,2,11230,11,50~54세,27641
2021,2,11230,12,55~59세,25777
2021,2,11230,13,60~64세,26843
2021,2,11230,14,65~69세,20523
2021,2,11230,15,70~74세,15303
2021,2,11230,16,75~79세,12220
2021,2,11230,17,80~84세,8007
2021,2,11230,18,85~89세,3698
2021,2,11230,19,90~94세,1158
2021,2,11230,20,95~99세,273
2021,2,11230,21,100세 이상,80
2021,2,11260,1,0~4세,10077
2021,2,11260,2,5~9세,12277
2021,2,11260,3,10~14세,12304
2021,2,11260,4,15~19세,13832
2021,2,11260,5,20~24세,23419
2021,2,11260,6,25~29세,33170
2021,2,11260,7,30~34세,29548
2021,2,11260,8,35~39세,28754
2021,2,11260,9,40~44세,27908
2021,2,11260,10,45~49세,29259
2021,2,11260,11,50~54세,34600
2021,2,11260,12,55~59세,34463
2021,2,11260,13,60~64세,34896
2021,2,11260,14,65~69세,25191
2021,2,11260,15,70~74세,17967
2021,2,11260,16,75~79세,13198
2021,2,11260,17,80~84세,8401
2021,2,11260,18,85~89세,3749
2021,2,11260,19,90~94세,1289
2021,2,11260,20,95~99세,300
2021,2,11260,21,100세 이상,77
2021,2,11290,1,0~4세,11982
2021,2,11290,2,5~9세,16665
2021,2,11290,3,10~14세,17539
2021,2,11290,4,15~19세,19543
2021,2,11290,5,20~24세,35248
2021,2,11290,6,25~29세,36320
2021,2,11290,7,30~34세,29401
2021,2,11290,8,35~39세,31517
2021,2,11290,9,40~44세,32619
2021,2,11290,10,45~49세,36920
2021,2,11290,11,50~54세,37766
2021,2,11290,12,55~59세,31934
2021,2,11290,13,60~64세,32184
2021,2,11290,14,65~69세,24096
2021,2,11290,15,70~74세,18200
2021,2,11290,16,75~79세,14633
2021,2,11290,17,80~84세,9934
2021,2,11290,18,85~89세,4615
2021,2,11290,19,90~94세,1632
2021,2,11290,20,95~99세,352
2021,2,11290,21,100세 이상,106
2021,2,11305,1,0~4세,6167
2021,2,11305,2,5~9세,8892
2021,2,11305,3,10~14세,9865
2021,2,11305,4,15~19세,11525
2021,2,11305,5,20~24세,19578
2021,2,11305,6,25~29세,23498
2021,2,11305,7,30~34세,18898
2021,2,11305,8,35~39세,19608
2021,2,11305,9,40~44세,21150
2021,2,11305,10,45~49세,24606
2021,2,11305,11,50~54세,26881
2021,2,11305,12,55~59세,25401
2021,2,11305,13,60~64세,26641
2021,2,11305,14,65~69세,20405
2021,2,11305,15,70~74세,16368
2021,2,11305,16,75~79세,13129
2021,2,11305,17,80~84세,8384
2021,2,11305,18,85~89세,3620
2021,2,11305,19,90~94세,1144
2021,2,11305,20,95~99세,283
2021,2,11305,21,100세 이상,50
2021,2,11320,1,0~4세,7338
2021,2,11320,2,5~9세,10590
2021,2,11320,3,10~14세,11543
2021,2,11320,4,15~19세,13339
2021,2,11320,5,20~24세,20086
2021,2,11320,6,25~29세,23003
2021,2,11320,7,30~34세,19392
2021,2,11320,8,35~39세,20994
2021,2,11320,9,40~44세,21993
2021,2,11320,10,45~49세,25542
2021,2,11320,11,50~54세,28972
2021,2,11320,12,55~59세,27400
2021,2,11320,13,60~64세,29333
2021,2,11320,14,65~69세,21581
2021,2,11320,15,70~74세,15573
2021,2,11320,16,75~79세,11949
2021,2,11320,17,80~84세,8117
2021,2,11320,18,85~89세,3886
2021,2,11320,19,90~94세,1365
2021,2,11320,20,95~99세,300
2021,2,11320,21,100세 이상,123
2021,2,11350,1,0~4세,12781
2021,2,11350,2,5~9세,19100
2021,2,11350,3,10~14세,23859
2021,2,11350,4,15~19세,27792
2021,2,11350,5,20~24세,37828
2021,2,11350,6,25~29세,35739
2021,2,11350,7,30~34세,30861
2021,2,11350,8,35~39세,33698
2021,2,11350,9,40~44세,38319
2021,2,11350,10,45~49세,45847
2021,2,11350,11,50~54세,47456
2021,2,11350,12,55~59세,40005
2021,2,11350,13,60~64세,40023
2021,2,11350,14,65~69세,29799
2021,2,11350,15,70~74세,21263
2021,2,11350,16,75~79세,16045
2021,2,11350,17,80~84세,11262
2021,2,11350,18,85~89세,5707
2021,2,11350,19,90~94세,2050
2021,2,11350,20,95~99세,451
2021,2,11350,21,100세 이상,120
2021,2,11380,1,0~4세,12198
2021,2,11380,2,5~9세,16611
2021,2,11380,3,10~14세,17929
2021,2,11380,4,15~19세,20047
2021,2,11380,5,20~24세,29279
2021,2,11380,6,25~29세,37863
2021,2,11380,7,30~34세,33360
2021,2,11380,8,35~39세,35075
2021,2,11380,9,40~44세,36138
2021,2,11380,10,45~49세,39624
2021,2,11380,11,50~54세,40885
2021,2,11380,12,55~59세,36630
2021,2,11380,13,60~64세,37849
2021,2,11380,14,65~69세,28376
2021,2,11380,15,70~74세,21870
2021,2,11380,16,75~79세,16956
2021,2,11380,17,80~84세,11325
2021,2,11380,18,85~89세,5088
2021,2,11380,19,90~94세,1633
2021,2,11380,20,95~99세,389
2021,2,11380,21,100세 이상,284
2021,2,11410,1,0~4세,8556
2021,2,11410,2,5~9세,11139
2021,2,11410,3,10~14세,10948
2021,2,11410,4,15~19세,12641
2021,2,11410,5,20~24세,25402
2021,2,11410,6,25~29세,29611
2021,2,11410,7,30~34세,23230
2021,2,11410,8,35~39세,23011
2021,2,11410,9,40~44세,22592
2021,2,11410,10,45~49세,24566
2021,2,11410,11,50~54세,26160
2021,2,11410,12,55~59세,23310
2021,2,11410,13,60~64세,22906
2021,2,11410,14,65~69세,16776
2021,2,11410,15,70~74세,13005
2021,2,11410,16,75~79세,10727
2021,2,11410,17,80~84세,7736
2021,2,11410,18,85~89세,3727
2021,2,11410,19,90~94세,1249
2021,2,11410,20,95~99세,294
2021,2,11410,21,100세 이상,113
2021,2,11440,1,0~4세,10991
2021,2,11440,2,5~9세,13618
2021,2,11440,3,10~14세,13833
2021,2,11440,4,15~19세,14630
2021,2,11440,5,20~24세,27735
2021,2,11440,6,25~29세,38313
2021,2,11440,7,30~34세,33486
2021,2,11440,8,35~39세,32554
2021,2,11440,9,40~44세,30271
2021,2,11440,10,45~49세,31427
2021,2,11440,11,50~54세,30057
2021,2,11440,12,55~59세,25381
2021,2,11440,13,60~64세,23797
2021,2,11440,14,65~69세,17167
2021,2,11440,15,70~74세,13034
2021,2,11440,16,75~79세,10735
2021,2,11440,17,80~84세,7544
2021,2,11440,18,85~89세,3719
2021,2,11440,19,90~94세,1311
2021,2,11440,20,95~99세,271
2021,2,11440,21,100세 이상,110
2021,2,11470,1,0~4세,11430
2021,2,11470,2,5~9세,19393
2021,2,11470,3,10~14세,24794
2021,2,11470,4,15~19세,25323
2021,2,11470,5,20~24세,28295
2021,2,11470,6,25~29세,30894
2021,2,11470,7,30~34세,26860
2021,2,11470,8,35~39세,30660
2021,2,11470,9,40~44세,36632
2021,2,11470,10,45~49세,41780
2021,2,11470,11,50~54세,41348
2021,2,11470,12,55~59세,35550
2021,2,11470,13,60~64세,34387
2021,2,11470,14,65~69세,25320
2021,2,11470,15,70~74세,17461
2021,2,11470,16,75~79세,11408
2021,2,11470,17,80~84세,7316
2021,2,11470,18,85~89세,3703
2021,2,11470,19,90~94세,1327
2021,2,11470,20,95~99세,336
2021,2,11470,21,100세 이상,71
2021,2,11500,1,0~4세,16696
2021,2,11500,2,5~9세,21844
2021,2,11500,3,10~14세,21346
2021,2,11500,4,15~19세,22797
2021,2,11500,5,20~24세,33915
2021,2,11500,6,25~29세,53609
2021,2,11500,7,30~34세,51194
2021,2,11500,8,35~39세,48826
2021,2,11500,9,40~44세,45925
2021,2,11500,10,45~49세,45227
2021,2,11500,11,50~54세,44026
2021,2,11500,12,55~59세,41861
2021,2,11500,13,60~64세,45325
2021,2,11500,14,65~69세,33614
2021,2,11500,15,70~74세,23525
2021,2,11500,16,75~79세,15465
2021,2,11500,17,80~84세,10077
2021,2,11500,18,85~89세,5130
2021,2,11500,19,90~94세,2021
2021,2,11500,20,95~99세,480
2021,2,11500,21,100세 이상,92
2021,2,11530,1,0~4세,12888
2021,2,11530,2,5~9세,15610
2021,2,11530,3,10~14세,15054
2021,2,11530,4,15~19세,15306
2021,2,11530,5,20~24세,23538
2021,2,11530,6,25~29세,33086
2021,2,11530,7,30~34세,33042
2021,2,11530,8,35~39세,33460
2021,2,11530,9,40~44세,32801
2021,2,11530,10,45~49세,33650
2021,2,11530,11,50~54세,35466
2021,2,11530,12,55~59세,35313
2021,2,11530,13,60~64세,34182
2021,2,11530,14,65~69세,25671
2021,2,11530,15,70~74세,18985
2021,2,11530,16,75~79세,13050
2021,2,11530,17,80~84세,8176
2021,2,11530,18,85~89세,3747
2021,2,11530,19,90~94세,1210
2021,2,11530,20,95~99세,295
2021,2,11530,21,100세 이상,52
2021,2,11545,1,0~4세,5950
2021,2,11545,2,5~9세,7140
2021,2,11545,3,10~14세,6961
2021,2,11545,4,15~19세,7801
2021,2,11545,5,20~24세,14325
2021,2,11545,6,25~29세,23792
2021,2,11545,7,30~34세,20442
2021,2,11545,8,35~39세,17860
2021,2,11545,9,40~44세,16427
2021,2,11545,10,45~49세,18282
2021,2,11545,11,50~54세,21621
2021,2,11545,12,55~59세,22946
2021,2,11545,13,60~64세,20957
2021,2,11545,14,65~69세,14569
2021,2,11545,15,70~74세,10508
2021,2,11545,16,75~79세,7523
2021,2,11545,17,80~84세,4588
2021,2,11545,18,85~89세,2076
2021,2,11545,19,90~94세,722
2021,2,11545,20,95~99세,148
2021,2,11545,21,100세 이상,47
2021,2,11560,1,0~4세,13100
2021,2,11560,2,5~9세,13967
2021,2,11560,3,10~14세,12113
2021,2,11560,4,15~19세,12625
2021,2,11560,5,20~24세,22469
2021,2,11560,6,25~29세,38303
2021,2,11560,7,30~34세,38363
2021,2,11560,8,35~39세,35402
2021,2,11560,9,40~44세,30176
2021,2,11560,10,45~49세,30001
2021,2,11560,11,50~54세,32570
2021,2,11560,12,55~59세,32198
2021,2,11560,13,60~64세,29517
2021,2,11560,14,65~69세,21141
2021,2,11560,15,70~74세,15734
2021,2,11560,16,75~79세,11455
2021,2,11560,17,80~84세,7769
2021,2,11560,18,85~89세,3887
2021,2,11560,19,90~94세,1215
2021,2,11560,20,95~99세,306
2021,2,11560,21,100세 이상,64
2021,2,11590,1,0~4세,10598
2021,2,11590,2,5~9세,13586
2021,2,11590,3,10~14세,13146
2021,2,11590,4,15~19세,14417
2021,2,11590,5,20~24세,28966
2021,2,11590,6,25~29세,39953
2021,2,11590,7,30~34세,32918
2021,2,11590,8,35~39세,30205
2021,2,11590,9,40~44세,29120
2021,2,11590,10,45~49세,29945
2021,2,11590,11,50~54세,30934
2021,2,11590,12,55~59세,28732
2021,2,11590,13,60~64세,28979
2021,2,11590,14,65~69세,21814
2021,2,11590,15,70~74세,17093
2021,2,11590,16,75~79세,12648
2021,2,11590,17,80~84세,8294
2021,2,11590,18,85~89세,3967
2021,2,11590,19,90~94세,1409
2021,2,11590,20,95~99세,349
2021,2,11590,21,100세 이상,158
2021,2,11620,1,0~4세,9405
2021,2,11620,2,5~9세,12280
2021,2,11620,3,10~14세,12751
2021,2,11620,4,15~19세,15584
2021,2,11620,5,20~24세,39822
2021,2,11620,6,25~29세,72114
2021,2,11620,7,30~34세,50967
2021,2,11620,8,35~39세,37695
2021,2,11620,9,40~44세,33851
2021,2,11620,10,45~49세,34808
2021,2,11620,11,50~54세,36159
2021,2,11620,12,55~59세,34339
2021,2,11620,13,60~64세,34276
2021,2,11620,14,65~69세,26600
2021,2,11620,15,70~74세,21091
2021,2,11620,16,75~79세,15622
2021,2,11620,17,80~84세,9637
2021,2,11620,18,85~89세,3961
2021,2,11620,19,90~94세,1336
2021,2,11620,20,95~99세,294
2021,2,11620,21,100세 이상,106
2021,2,11650,1,0~4세,12442
2021,2,11650,2,5~9세,20367
2021,2,11650,3,10~14세,23236
2021,2,11650,4,15~19세,21858
2021,2,11650,5,20~24세,24644
2021,2,11650,6,25~29세,29612
2021,2,11650,7,30~34세,29769
2021,2,11650,8,35~39세,32437
2021,2,11650,9,40~44세,37286
2021,2,11650,10,45~49세,39548
2021,2,11650,11,50~54세,35688
2021,2,11650,12,55~59세,27820
2021,2,11650,13,60~64세,27072
2021,2,11650,14,65~69세,21281
2021,2,11650,15,70~74세,16078
2021,2,11650,16,75~79세,11154
2021,2,11650,17,80~84세,6659
2021,2,11650,18,85~89세,3345
2021,2,11650,19,90~94세,1400
2021,2,11650,20,95~99세,365
2021,2,11650,21,100세 이상,113
2021,2,11680,1,0~4세,12919
2021,2,11680,2,5~9세,22579
2021,2,11680,3,10~14세,29378
2021,2,11680,4,15~19세,28957
2021,2,11680,5,20~24세,32612
2021,2,11680,6,25~29세,40373
2021,2,11680,7,30~34세,39303
2021,2,11680,8,35~39세,41330
2021,2,11680,9,40~44세,47612
2021,2,11680,10,45~49세,50890
2021,2,11680,11,50~54세,45888
2021,2,11680,12,55~59세,34915
2021,2,11680,13,60~64세,33167
2021,2,11680,14,65~69세,27422
2021,2,11680,15,70~74세,20565
2021,2,11680,16,75~79세,13743
2021,2,11680,17,80~84세,8050
2021,2,11680,18,85~89세,4068
2021,2,11680,19,90~94세,1726
2021,2,11680,20,95~99세,477
2021,2,11680,21,100세 이상,133
2021,2,11710,1,0~4세,20431
2021,2,11710,2,5~9세,28373
2021,2,11710,3,10~14세,29107
2021,2,11710,4,15~19세,28915
2021,2,11710,5,20~24세,39531
2021,2,11710,6,25~29세,53538
2021,2,11710,7,30~34세,53370
2021,2,11710,8,35~39세,55574
2021,2,11710,9,40~44세,54787
2021,2,11710,10,45~49세,53745
2021,2,11710,11,50~54세,53767
2021,2,11710,12,55~59세,48766
2021,2,11710,13,60~64세,49273
2021,2,11710,14,65~69세,37313
2021,2,11710,15,70~74세,24990
2021,2,11710,16,75~79세,15785
2021,2,11710,17,80~84세,9456
2021,2,11710,18,85~89세,5026
2021,2,11710,19,90~94세,1990
2021,2,11710,20,95~99세,492
2021,2,11710,21,100세 이상,112
2021,2,11740,1,0~4세,15525
2021,2,11740,2,5~9세,20059
2021,2,11740,3,10~14세,19866
2021,2,11740,4,15~19세,19350
2021,2,11740,5,20~24세,26655
2021,2,11740,6,25~29세,35366
2021,2,11740,7,30~34세,35117
2021,2,11740,8,35~39세,38450
2021,2,11740,9,40~44세,38714
2021,2,11740,10,45~49세,37073
2021,2,11740,11,50~54세,37335
2021,2,11740,12,55~59세,35481
2021,2,11740,13,60~64세,37828
2021,2,11740,14,65~69세,28205
2021,2,11740,15,70~74세,19010
2021,2,11740,16,75~79세,12223
2021,2,11740,17,80~84세,7190
2021,2,11740,18,85~89세,3682
2021,2,11740,19,90~94세,1482
2021,2,11740,20,95~99세,363
2021,2,11740,21,100세 이상,120
2021,3,11110,1,0~4세,2934
2021,3,11110,2,5~9세,4475
2021,3,11110,3,10~14세,5129
2021,3,11110,4,15~19세,5831
2021,3,11110,5,20~24세,13090
2021,3,11110,6,25~29세,14260
2021,3,11110,7,30~34세,10970
2021,3,11110,8,35~39세,9914
2021,3,11110,9,40~44세,10500
2021,3,11110,10,45~49세,11741
2021,3,11110,11,50~54세,13545
2021,3,11110,12,55~59세,12348
2021,3,11110,13,60~64세,11805
2021,3,11110,14,65~69세,8867
2021,3,11110,15,70~74세,6338
2021,3,11110,16,75~79세,5468
2021,3,11110,17,80~84세,4073
2021,3,11110,18,85~89세,2027
2021,3,11110,19,90~94세,743
2021,3,11110,20,95~99세,203
2021,3,11110,21,100세 이상,57
2021,3,11140,1,0~4세,3177
2021,3,11140,2,5~9세,3704
2021,3,11140,3,10~14세,3314
2021,3,11140,4,15~19세,3736
2021,3,11140,5,20~24세,9028
2021,3,11140,6,25~29세,12282
2021,3,11140,7,30~34세,11272
2021,3,11140,8,35~39세,10520
2021,3,11140,9,40~44세,9522
2021,3,11140,10,45~49세,9280
2021,3,11140,11,50~54세,10964
2021,3,11140,12,55~59세,10516
2021,3,11140,13,60~64세,10403
2021,3,11140,14,65~69세,8042
2021,3,11140,15,70~74세,5752
2021,3,11140,16,75~79세,4647
2021,3,11140,17,80~84세,3243
2021,3,11140,18,85~89세,1663
2021,3,11140,19,90~94세,662
2021,3,11140,20,95~99세,155
2021,3,11140,21,100세 이상,61
2021,3,11170,1,0~4세,6409
2021,3,11170,2,5~9세,7802
2021,3,11170,3,10~14세,7628
2021,3,11170,4,15~19세,8317
2021,3,11170,5,20~24세,14192
2021,3,11170,6,25~29세,21086
2021,3,11170,7,30~34세,21296
2021,3,11170,8,35~39세,20186
2021,3,11170,9,40~44세,18524
2021,3,11170,10,45~49세,18501
2021,3,11170,11,50~54세,20421
2021,3,11170,12,55~59세,17828
2021,3,11170,13,60~64세,17204
2021,3,11170,14,65~69세,12545
2021,3,11170,15,70~74세,8990
2021,3,11170,16,75~79세,7356
2021,3,11170,17,80~84세,5571
2021,3,11170,18,85~89세,2957
2021,3,11170,19,90~94세,1096
2021,3,11170,20,95~99세,294
2021,3,11170,21,100세 이상,97
2021,3,11200,1,0~4세,9511
2021,3,11200,2,5~9세,10236
2021,3,11200,3,10~14세,9082
2021,3,11200,4,15~19세,10268
2021,3,11200,5,20~24세,20392
2021,3,11200,6,25~29세,26290
2021,3,11200,7,30~34세,23977
2021,3,11200,8,35~39세,24422
2021,3,11200,9,40~44세,22473
2021,3,11200,10,45~49세,21930
2021,3,11200,11,50~54세,24663
2021,3,11200,12,55~59세,22625
2021,3,11200,13,60~64세,22218
2021,3,11200,14,65~69세,15699
2021,3,11200,15,70~74세,11277
2021,3,11200,16,75~79세,8949
2021,3,11200,17,80~84세,6018
2021,3,11200,18,85~89세,2876
2021,3,11200,19,90~94세,951
2021,3,11200,20,95~99세,199
2021,3,11200,21,100세 이상,84
2021,3,11215,1,0~4세,7869
2021,3,11215,2,5~9세,10888
2021,3,11215,3,10~14세,12215
2021,3,11215,4,15~19세,13309
2021,3,11215,5,20~24세,28187
2021,3,11215,6,25~29세,38645
2021,3,11215,7,30~34세,30446
2021,3,11215,8,35~39세,26458
2021,3,11215,9,40~44세,25541
2021,3,11215,10,45~49세,26551
2021,3,11215,11,50~54세,29269
2021,3,11215,12,55~59세,26705
2021,3,11215,13,60~64세,26019
2021,3,11215,14,65~69세,18604
2021,3,11215,15,70~74세,12582
2021,3,11215,16,75~79세,9490
2021,3,11215,17,80~84세,6385
2021,3,11215,18,85~89세,2915
2021,3,11215,19,90~94세,978
2021,3,11215,20,95~99세,250
2021,3,11215,21,100세 이상,74
2021,3,11230,1,0~4세,8961
2021,3,11230,2,5~9세,11105
2021,3,11230,3,10~14세,11061
2021,3,11230,4,15~19세,12386
2021,3,11230,5,20~24세,31446
2021,3,11230,6,25~29세,33706
2021,3,11230,7,30~34세,25781
2021,3,11230,8,35~39세,25183
2021,3,11230,9,40~44세,24957
2021,3,11230,10,45~49세,25105
2021,3,11230,11,50~54세,27746
2021,3,11230,12,55~59세,25579
2021,3,11230,13,60~64세,26851
2021,3,11230,14,65~69세,20832
2021,3,11230,15,70~74세,15166
2021,3,11230,16,75~79세,12299
2021,3,11230,17,80~84세,8141
2021,3,11230,18,85~89세,3813
2021,3,11230,19,90~94세,1156
2021,3,11230,20,95~99세,267
2021,3,11230,21,100세 이상,85
2021,3,11260,1,0~4세,9802
2021,3,11260,2,5~9세,12195
2021,3,11260,3,10~14세,12209
2021,3,11260,4,15~19세,13679
2021,3,11260,5,20~24세,22971
2021,3,11260,6,25~29세,32969
2021,3,11260,7,30~34세,29708
2021,3,11260,8,35~39세,28419
2021,3,11260,9,40~44세,28156
2021,3,11260,10,45~49세,28503
2021,3,11260,11,50~54세,34666
2021,3,11260,12,55~59세,33995
2021,3,11260,13,60~64세,34969
2021,3,11260,14,65~69세,25656
2021,3,11260,15,70~74세,17837
2021,3,11260,16,75~79세,13310
2021,3,11260,17,80~84세,8582
2021,3,11260,18,85~89세,3833
2021,3,11260,19,90~94세,1312
2021,3,11260,20,95~99세,296
2021,3,11260,21,100세 이상,82
2021,3,11290,1,0~4세,11670
2021,3,11290,2,5~9세,16481
2021,3,11290,3,10~14세,17461
2021,3,11290,4,15~19세,19414
2021,3,11290,5,20~24세,34997
2021,3,11290,6,25~29세,36090
2021,3,11290,7,30~34세,29398
2021,3,11290,8,35~39세,31063
2021,3,11290,9,40~44세,32627
2021,3,11290,10,45~49세,36156
2021,3,11290,11,50~54세,38166
2021,3,11290,12,55~59세,31655
2021,3,11290,13,60~64세,32304
2021,3,11290,14,65~69세,24602
2021,3,11290,15,70~74세,17946
2021,3,11290,16,75~79세,14746
2021,3,11290,17,80~84세,10139
2021,3,11290,18,85~89세,4689
2021,3,11290,19,90~94세,1651
2021,3,11290,20,95~99세,351
2021,3,11290,21,100세 이상,111
2021,3,11305,1,0~4세,5940
2021,3,11305,2,5~9세,8681
2021,3,11305,3,10~14세,9846
2021,3,11305,4,15~19세,11301
2021,3,11305,5,20~24세,19384
2021,3,11305,6,25~29세,23240
2021,3,11305,7,30~34세,18976
2021,3,11305,8,35~39세,19209
2021,3,11305,9,40~44세,21066
2021,3,11305,10,45~49세,23899
2021,3,11305,11,50~54세,27099
2021,3,11305,12,55~59세,25048
2021,3,11305,13,60~64세,26654
2021,3,11305,14,65~69세,20719
2021,3,11305,15,70~74세,16270
2021,3,11305,16,75~79세,13163
2021,3,11305,17,80~84세,8568
2021,3,11305,18,85~89세,3697
2021,3,11305,19,90~94세,1161
2021,3,11305,20,95~99세,282
2021,3,11305,21,100세 이상,54
2021,3,11320,1,0~4세,7117
2021,3,11320,2,5~9세,10417
2021,3,11320,3,10~14세,11556
2021,3,11320,4,15~19세,13079
2021,3,11320,5,20~24세,19773
2021,3,11320,6,25~29세,22881
2021,3,11320,7,30~34세,19397
2021,3,11320,8,35~39세,20534
2021,3,11320,9,40~44세,21961
2021,3,11320,10,45~49세,24950
2021,3,11320,11,50~54세,29142
2021,3,11320,12,55~59세,27191
2021,3,11320,13,60~64세,29265
2021,3,11320,14,65~69세,21914
2021,3,11320,15,70~74세,15453
2021,3,11320,16,75~79세,12026
2021,3,11320,17,80~84세,8361
2021,3,11320,18,85~89세,3901
2021,3,11320,19,90~94세,1363
2021,3,11320,20,95~99세,307
2021,3,11320,21,100세 이상,123
2021,3,11350,1,0~4세,12455
2021,3,11350,2,5~9세,18701
2021,3,11350,3,10~14세,23698
2021,3,11350,4,15~19세,27425
2021,3,11350,5,20~24세,37415
2021,3,11350,6,25~29세,35260
2021,3,11350,7,30~34세,30934
2021,3,11350,8,35~39세,33156
2021,3,11350,9,40~44세,38113
2021,3,11350,10,45~49세,44833
2021,3,11350,11,50~54세,47821
2021,3,11350,12,55~59세,39617
2021,3,11350,13,60~64세,40073
2021,3,11350,14,65~69세,30402
2021,3,11350,15,70~74세,21123
2021,3,11350,16,75~79세,16129
2021,3,11350,17,80~84세,11457
2021,3,11350,18,85~89세,5764
2021,3,11350,19,90~94세,2075
2021,3,11350,20,95~99세,458
2021,3,11350,21,100세 이상,129
2021,3,11380,1,0~4세,11841
2021,3,11380,2,5~9세,16429
2021,3,11380,3,10~14세,17798
2021,3,11380,4,15~19세,19839
2021,3,11380,5,20~24세,28901
2021,3,11380,6,25~29세,37810
2021,3,11380,7,30~34세,33592
2021,3,11380,8,35~39세,34382
2021,3,11380,9,40~44세,36221
2021,3,11380,10,45~49세,38743
2021,3,11380,11,50~54세,41309
2021,3,11380,12,55~59세,36451
2021,3,11380,13,60~64세,37921
2021,3,11380,14,65~69세,28929
2021,3,11380,15,70~74세,21606
2021,3,11380,16,75~79세,17089
2021,3,11380,17,80~84세,11568
2021,3,11380,18,85~89세,5178
2021,3,11380,19,90~94세,1684
2021,3,11380,20,95~99세,383
2021,3,11380,21,100세 이상,287
2021,3,11410,1,0~4세,8314
2021,3,11410,2,5~9세,11095
2021,3,11410,3,10~14세,10881
2021,3,11410,4,15~19세,12473
2021,3,11410,5,20~24세,25219
2021,3,11410,6,25~29세,29290
2021,3,11410,7,30~34세,23249
2021,3,11410,8,35~39세,22735
2021,3,11410,9,40~44세,22704
2021,3,11410,10,45~49세,23983
2021,3,11410,11,50~54세,26345
2021,3,11410,12,55~59세,23061
2021,3,11410,13,60~64세,23010
2021,3,11410,14,65~69세,17082
2021,3,11410,15,70~74세,12767
2021,3,11410,16,75~79세,10829
2021,3,11410,17,80~84세,7899
2021,3,11410,18,85~89세,3807
2021,3,11410,19,90~94세,1266
2021,3,11410,20,95~99세,286
2021,3,11410,21,100세 이상,120
2021,3,11440,1,0~4세,10709
2021,3,11440,2,5~9세,13579
2021,3,11440,3,10~14세,13830
2021,3,11440,4,15~19세,14438
2021,3,11440,5,20~24세,27567
2021,3,11440,6,25~29세,38310
2021,3,11440,7,30~34세,33727
2021,3,11440,8,35~39세,32189
2021,3,11440,9,40~44세,30423
2021,3,11440,10,45~49세,30889
2021,3,11440,11,50~54세,30540
2021,3,11440,12,55~59세,25232
2021,3,11440,13,60~64세,23832
2021,3,11440,14,65~69세,17495
2021,3,11440,15,70~74세,12881
2021,3,11440,16,75~79세,10777
2021,3,11440,17,80~84세,7640
2021,3,11440,18,85~89세,3766
2021,3,11440,19,90~94세,1308
2021,3,11440,20,95~99세,283
2021,3,11440,21,100세 이상,110
2021,3,11470,1,0~4세,10992
2021,3,11470,2,5~9세,19192
2021,3,11470,3,10~14세,24709
2021,3,11470,4,15~19세,25014
2021,3,11470,5,20~24세,27960
2021,3,11470,6,25~29세,30622
2021,3,11470,7,30~34세,26856
2021,3,11470,8,35~39세,29980
2021,3,11470,9,40~44세,36744
2021,3,11470,10,45~49세,40920
2021,3,11470,11,50~54세,41658
2021,3,11470,12,55~59세,35280
2021,3,11470,13,60~64세,34448
2021,3,11470,14,65~69세,25854
2021,3,11470,15,70~74세,17420
2021,3,11470,16,75~79세,11612
2021,3,11470,17,80~84세,7467
2021,3,11470,18,85~89세,3760
2021,3,11470,19,90~94세,1358
2021,3,11470,20,95~99세,330
2021,3,11470,21,100세 이상,79
2021,3,11500,1,0~4세,16171
2021,3,11500,2,5~9세,21540
2021,3,11500,3,10~14세,21321
2021,3,11500,4,15~19세,22493
2021,3,11500,5,20~24세,33647
2021,3,11500,6,25~29세,53604
2021,3,11500,7,30~34세,51388
2021,3,11500,8,35~39세,48065
2021,3,11500,9,40~44세,46157
2021,3,11500,10,45~49세,44464
2021,3,11500,11,50~54세,44181
2021,3,11500,12,55~59세,41405
2021,3,11500,13,60~64세,45324
2021,3,11500,14,65~69세,34192
2021,3,11500,15,70~74세,23516
2021,3,11500,16,75~79세,15761
2021,3,11500,17,80~84세,10267
2021,3,11500,18,85~89세,5154
2021,3,11500,19,90~94세,2041
2021,3,11500,20,95~99세,479
2021,3,11500,21,100세 이상,95
2021,3,11530,1,0~4세,12553
2021,3,11530,2,5~9세,15430
2021,3,11530,3,10~14세,14968
2021,3,11530,4,15~19세,15142
2021,3,11530,5,20~24세,23263
2021,3,11530,6,25~29세,32633
2021,3,11530,7,30~34세,32991
2021,3,11530,8,35~39세,32781
2021,3,11530,9,40~44세,32847
2021,3,11530,10,45~49세,33095
2021,3,11530,11,50~54세,35745
2021,3,11530,12,55~59세,35009
2021,3,11530,13,60~64세,33974
2021,3,11530,14,65~69세,26078
2021,3,11530,15,70~74세,18889
2021,3,11530,16,75~79세,13267
2021,3,11530,17,80~84세,8300
2021,3,11530,18,85~89세,3809
2021,3,11530,19,90~94세,1234
2021,3,11530,20,95~99세,302
2021,3,11530,21,100세 이상,51
2021,3,11545,1,0~4세,5820
2021,3,11545,2,5~9세,7071
2021,3,11545,3,10~14세,6890
2021,3,11545,4,15~19세,7676
2021,3,11545,5,20~24세,14176
2021,3,11545,6,25~29세,23951
2021,3,11545,7,30~34세,20878
2021,3,11545,8,35~39세,17819
2021,3,11545,9,40~44세,16499
2021,3,11545,10,45~49세,17989
2021,3,11545,11,50~54세,21617
2021,3,11545,12,55~59세,22713
2021,3,11545,13,60~64세,21097
2021,3,11545,14,65~69세,14803
2021,3,11545,15,70~74세,10528
2021,3,11545,16,75~79세,7559
2021,3,11545,17,80~84세,4742
2021,3,11545,18,85~89세,2138
2021,3,11545,19,90~94세,723
2021,3,11545,20,95~99세,150
2021,3,11545,21,100세 이상,48
2021,3,11560,1,0~4세,12737
2021,3,11560,2,5~9세,13983
2021,3,11560,3,10~14세,12075
2021,3,11560,4,15~19세,12525
2021,3,11560,5,20~24세,22355
2021,3,11560,6,25~29세,38422
2021,3,11560,7,30~34세,38632
2021,3,11560,8,35~39세,35000
2021,3,11560,9,40~44세,30404
2021,3,11560,10,45~49세,29484
2021,3,11560,11,50~54세,32740
2021,3,11560,12,55~59세,31964
2021,3,11560,13,60~64세,29385
2021,3,11560,14,65~69세,21420
2021,3,11560,15,70~74세,15626
2021,3,11560,16,75~79세,11628
2021,3,11560,17,80~84세,7852
2021,3,11560,18,85~89세,3966
2021,3,11560,19,90~94세,1245
2021,3,11560,20,95~99세,304
2021,3,11560,21,100세 이상,67
2021,3,11590,1,0~4세,10246
2021,3,11590,2,5~9세,13401
2021,3,11590,3,10~14세,13139
2021,3,11590,4,15~19세,14372
2021,3,11590,5,20~24세,29019
2021,3,11590,6,25~29세,39755
2021,3,11590,7,30~34세,32938
2021,3,11590,8,35~39세,29683
2021,3,11590,9,40~44세,29173
2021,3,11590,10,45~49세,29408
2021,3,11590,11,50~54세,31263
2021,3,11590,12,55~59세,28468
2021,3,11590,13,60~64세,28951
2021,3,11590,14,65~69세,22171
2021,3,11590,15,70~74세,16897
2021,3,11590,16,75~79세,12839
2021,3,11590,17,80~84세,8456
2021,3,11590,18,85~89세,4004
2021,3,11590,19,90~94세,1427
2021,3,11590,20,95~99세,353
2021,3,11590,21,100세 이상,159
2021,3,11620,1,0~4세,9057
2021,3,11620,2,5~9세,11957
2021,3,11620,3,10~14세,12682
2021,3,11620,4,15~19세,15331
2021,3,11620,5,20~24세,39730
2021,3,11620,6,25~29세,72306
2021,3,11620,7,30~34세,51278
2021,3,11620,8,35~39세,37152
2021,3,11620,9,40~44세,33902
2021,3,11620,10,45~49세,34134
2021,3,11620,11,50~54세,36437
2021,3,11620,12,55~59세,33940
2021,3,11620,13,60~64세,34222
2021,3,11620,14,65~69세,26920
2021,3,11620,15,70~74세,21024
2021,3,11620,16,75~79세,15841
2021,3,11620,17,80~84세,9842
2021,3,11620,18,85~89세,4056
2021,3,11620,19,90~94세,1348
2021,3,11620,20,95~99세,305
2021,3,11620,21,100세 이상,108
2021,3,11650,1,0~4세,12377
2021,3,11650,2,5~9세,20226
2021,3,11650,3,10~14세,23308
2021,3,11650,4,15~19세,21669
2021,3,11650,5,20~24세,24414
2021,3,11650,6,25~29세,29282
2021,3,11650,7,30~34세,29647
2021,3,11650,8,35~39세,31921
2021,3,11650,9,40~44세,37512
2021,3,11650,10,45~49세,39083
2021,3,11650,11,50~54세,35939
2021,3,11650,12,55~59세,27349
2021,3,11650,13,60~64세,26825
2021,3,11650,14,65~69세,21588
2021,3,11650,15,70~74세,15774
2021,3,11650,16,75~79세,11162
2021,3,11650,17,80~84세,6720
2021,3,11650,18,85~89세,3390
2021,3,11650,19,90~94세,1375
2021,3,11650,20,95~99세,367
2021,3,11650,21,100세 이상,117
2021,3,11680,1,0~4세,12638
2021,3,11680,2,5~9세,22602
2021,3,11680,3,10~14세,29824
2021,3,11680,4,15~19세,29505
2021,3,11680,5,20~24세,32604
2021,3,11680,6,25~29세,40221
2021,3,11680,7,30~34세,39238
2021,3,11680,8,35~39세,40517
2021,3,11680,9,40~44세,48003
2021,3,11680,10,45~49세,50726
2021,3,11680,11,50~54세,46853
2021,3,11680,12,55~59세,34883
2021,3,11680,13,60~64세,33239
2021,3,11680,14,65~69세,28037
2021,3,11680,15,70~74세,20317
2021,3,11680,16,75~79세,14113
2021,3,11680,17,80~84세,8273
2021,3,11680,18,85~89세,4125
2021,3,11680,19,90~94세,1740
2021,3,11680,20,95~99세,483
2021,3,11680,21,100세 이상,134
2021,3,11710,1,0~4세,20663
2021,3,11710,2,5~9세,28420
2021,3,11710,3,10~14세,29099
2021,3,11710,4,15~19세,28723
2021,3,11710,5,20~24세,39040
2021,3,11710,6,25~29세,53308
2021,3,11710,7,30~34세,53584
2021,3,11710,8,35~39세,55248
2021,3,11710,9,40~44세,55325
2021,3,11710,10,45~49세,53043
2021,3,11710,11,50~54세,54309
2021,3,11710,12,55~59세,48348
2021,3,11710,13,60~64세,49433
2021,3,11710,14,65~69세,37989
2021,3,11710,15,70~74세,24889
2021,3,11710,16,75~79세,16172
2021,3,11710,17,80~84세,9678
2021,3,11710,18,85~89세,5081
2021,3,11710,19,90~94세,2009
2021,3,11710,20,95~99세,517
2021,3,11710,21,100세 이상,118
2021,3,11740,1,0~4세,15050
2021,3,11740,2,5~9세,19971
2021,3,11740,3,10~14세,19907
2021,3,11740,4,15~19세,19187
2021,3,11740,5,20~24세,26412
2021,3,11740,6,25~29세,35394
2021,3,11740,7,30~34세,35037
2021,3,11740,8,35~39세,37668
2021,3,11740,9,40~44세,39045
2021,3,11740,10,45~49세,36580
2021,3,11740,11,50~54세,37648
2021,3,11740,12,55~59세,35118
2021,3,11740,13,60~64세,37752
2021,3,11740,14,65~69세,28776
2021,3,11740,15,70~74세,18923
2021,3,11740,16,75~79세,12463
2021,3,11740,17,80~84세,7384
2021,3,11740,18,85~89세,3703
2021,3,11740,19,90~94세,1492
2021,3,11740,20,95~99세,363
2021,3,11740,21,100세 이상,124
2021,4,11110,1,0~4세,2849
2021,4,11110,2,5~9세,4439
2021,4,11110,3,10~14세,5092
2021,4,11110,4,15~19세,5849
2021,4,11110,5,20~24세,12935
2021,4,11110,6,25~29세,14201
2021,4,11110,7,30~34세,11044
2021,4,11110,8,35~39세,9838
2021,4,11110,9,40~44세,10479
2021,4,11110,10,45~49세,11540
2021,4,11110,11,50~54세,13564
2021,4,11110,12,55~59세,12371
2021,4,11110,13,60~64세,11770
2021,4,11110,14,65~69세,8954
2021,4,11110,15,70~74세,6312
2021,4,11110,16,75~79세,5400
2021,4,11110,17,80~84세,4089
2021,4,11110,18,85~89세,2078
2021,4,11110,19,90~94세,753
2021,4,11110,20,95~99세,200
2021,4,11110,21,100세 이상,32
2021,4,11140,1,0~4세,3140
2021,4,11140,2,5~9세,3674
2021,4,11140,3,10~14세,3272
2021,4,11140,4,15~19세,3698
2021,4,11140,5,20~24세,9114
2021,4,11140,6,25~29세,12329
2021,4,11140,7,30~34세,11352
2021,4,11140,8,35~39세,10386
2021,4,11140,9,40~44세,9474
2021,4,11140,10,45~49세,9183
2021,4,11140,11,50~54세,10985
2021,4,11140,12,55~59세,10382
2021,4,11140,13,60~64세,10406
2021,4,11140,14,65~69세,8205
2021,4,11140,15,70~74세,5709
2021,4,11140,16,75~79세,4634
2021,4,11140,17,80~84세,3308
2021,4,11140,18,85~89세,1693
2021,4,11140,19,90~94세,670
2021,4,11140,20,95~99세,147
2021,4,11140,21,100세 이상,26
2021,4,11170,1,0~4세,6364
2021,4,11170,2,5~9세,7664
2021,4,11170,3,10~14세,7601
2021,4,11170,4,15~19세,8218
2021,4,11170,5,20~24세,14147
2021,4,11170,6,25~29세,20868
2021,4,11170,7,30~34세,21403
2021,4,11170,8,35~39세,19988
2021,4,11170,9,40~44세,18464
2021,4,11170,10,45~49세,18232
2021,4,11170,11,50~54세,20467
2021,4,11170,12,55~59세,17652
2021,4,11170,13,60~64세,17147
2021,4,11170,14,65~69세,12772
2021,4,11170,15,70~74세,8916
2021,4,11170,16,75~79세,7255
2021,4,11170,17,80~84세,5632
2021,4,11170,18,85~89세,2997
2021,4,11170,19,90~94세,1143
2021,4,11170,20,95~99세,282
2021,4,11170,21,100세 이상,73
2021,4,11200,1,0~4세,9305
2021,4,11200,2,5~9세,10155
2021,4,11200,3,10~14세,9065
2021,4,11200,4,15~19세,10109
2021,4,11200,5,20~24세,20309
2021,4,11200,6,25~29세,26065
2021,4,11200,7,30~34세,23908
2021,4,11200,8,35~39세,24086
2021,4,11200,9,40~44세,22412
2021,4,11200,10,45~49세,21684
2021,4,11200,11,50~54세,24604
2021,4,11200,12,55~59세,22491
2021,4,11200,13,60~64세,22099
2021,4,11200,14,65~69세,15988
2021,4,11200,15,70~74세,11193
2021,4,11200,16,75~79세,8973
2021,4,11200,17,80~84세,6080
2021,4,11200,18,85~89세,2933
2021,4,11200,19,90~94세,965
2021,4,11200,20,95~99세,197
2021,4,11200,21,100세 이상,51
2021,4,11215,1,0~4세,7661
2021,4,11215,2,5~9세,10714
2021,4,11215,3,10~14세,12070
2021,4,11215,4,15~19세,13318
2021,4,11215,5,20~24세,28026
2021,4,11215,6,25~29세,38693
2021,4,11215,7,30~34세,30680
2021,4,11215,8,35~39세,26130
2021,4,11215,9,40~44세,25488
2021,4,11215,10,45~49세,26238
2021,4,11215,11,50~54세,29296
2021,4,11215,12,55~59세,26680
2021,4,11215,13,60~64세,25910
2021,4,11215,14,65~69세,18905
2021,4,11215,15,70~74세,12517
2021,4,11215,16,75~79세,9487
2021,4,11215,17,80~84세,6515
2021,4,11215,18,85~89세,3000
2021,4,11215,19,90~94세,1004
2021,4,11215,20,95~99세,244
2021,4,11215,21,100세 이상,51
2021,4,11230,1,0~4세,8854
2021,4,11230,2,5~9세,11049
2021,4,11230,3,10~14세,10993
2021,4,11230,4,15~19세,12527
2021,4,11230,5,20~24세,31718
2021,4,11230,6,25~29세,33747
2021,4,11230,7,30~34세,25993
2021,4,11230,8,35~39세,24943
2021,4,11230,9,40~44세,24975
2021,4,11230,10,45~49세,24924
2021,4,11230,11,50~54세,27729
2021,4,11230,12,55~59세,25604
2021,4,11230,13,60~64세,26739
2021,4,11230,14,65~69세,21153
2021,4,11230,15,70~74세,15070
2021,4,11230,16,75~79세,12275
2021,4,11230,17,80~84세,8286
2021,4,11230,18,85~89세,3884
2021,4,11230,19,90~94세,1205
2021,4,11230,20,95~99세,269
2021,4,11230,21,100세 이상,69
2021,4,11260,1,0~4세,9601
2021,4,11260,2,5~9세,12009
2021,4,11260,3,10~14세,12142
2021,4,11260,4,15~19세,13487
2021,4,11260,5,20~24세,22512
2021,4,11260,6,25~29세,32697
2021,4,11260,7,30~34세,30159
2021,4,11260,8,35~39세,28061
2021,4,11260,9,40~44세,28106
2021,4,11260,10,45~49세,28248
2021,4,11260,11,50~54세,34441
2021,4,11260,12,55~59세,33880
2021,4,11260,13,60~64세,34860
2021,4,11260,14,65~69세,26088
2021,4,11260,15,70~74세,17868
2021,4,11260,16,75~79세,13349
2021,4,11260,17,80~84세,8752
2021,4,11260,18,85~89세,3954
2021,4,11260,19,90~94세,1307
2021,4,11260,20,95~99세,297
2021,4,11260,21,100세 이상,67
2021,4,11290,1,0~4세,11424
2021,4,11290,2,5~9세,16190
2021,4,11290,3,10~14세,17352
2021,4,11290,4,15~19세,19360
2021,4,11290,5,20~24세,34899
2021,4,11290,6,25~29세,35927
2021,4,11290,7,30~34세,29603
2021,4,11290,8,35~39세,30406
2021,4,11290,9,40~44세,32516
2021,4,11290,10,45~49세,35713
2021,4,11290,11,50~54세,38210
2021,4,11290,12,55~59세,31734
2021,4,11290,13,60~64세,32099
2021,4,11290,14,65~69세,24941
2021,4,11290,15,70~74세,17830
2021,4,11290,16,75~79세,14688
2021,4,11290,17,80~84세,10349
2021,4,11290,18,85~89세,4807
2021,4,11290,19,90~94세,1676
2021,4,11290,20,95~99세,352
2021,4,11290,21,100세 이상,66
2021,4,11305,1,0~4세,5776
2021,4,11305,2,5~9세,8522
2021,4,11305,3,10~14세,9757
2021,4,11305,4,15~19세,11145
2021,4,11305,5,20~24세,19022
2021,4,11305,6,25~29세,23046
2021,4,11305,7,30~34세,19094
2021,4,11305,8,35~39세,18808
2021,4,11305,9,40~44세,20856
2021,4,11305,10,45~49세,23544
2021,4,11305,11,50~54세,27179
2021,4,11305,12,55~59세,25046
2021,4,11305,13,60~64세,26435
2021,4,11305,14,65~69세,20953
2021,4,11305,15,70~74세,16242
2021,4,11305,16,75~79세,13106
2021,4,11305,17,80~84세,8718
2021,4,11305,18,85~89세,3797
2021,4,11305,19,90~94세,1190
2021,4,11305,20,95~99세,280
2021,4,11305,21,100세 이상,47
2021,4,11320,1,0~4세,6936
2021,4,11320,2,5~9세,10188
2021,4,11320,3,10~14세,11469
2021,4,11320,4,15~19세,12905
2021,4,11320,5,20~24세,19471
2021,4,11320,6,25~29세,22626
2021,4,11320,7,30~34세,19619
2021,4,11320,8,35~39세,20154
2021,4,11320,9,40~44세,21943
2021,4,11320,10,45~49세,24540
2021,4,11320,11,50~54세,29184
2021,4,11320,12,55~59세,27118
2021,4,11320,13,60~64세,29060
2021,4,11320,14,65~69세,22405
2021,4,11320,15,70~74세,15436
2021,4,11320,16,75~79세,12057
2021,4,11320,17,80~84세,8478
2021,4,11320,18,85~89세,4004
2021,4,11320,19,90~94세,1388
2021,4,11320,20,95~99세,303
2021,4,11320,21,100세 이상,89
2021,4,11350,1,0~4세,12189
2021,4,11350,2,5~9세,18577
2021,4,11350,3,10~14세,23497
2021,4,11350,4,15~19세,27049
2021,4,11350,5,20~24세,36784
2021,4,11350,6,25~29세,35017
2021,4,11350,7,30~34세,31209
2021,4,11350,8,35~39세,32744
2021,4,11350,9,40~44세,37838
2021,4,11350,10,45~49세,44366
2021,4,11350,11,50~54세,47868
2021,4,11350,12,55~59세,39540
2021,4,11350,13,60~64세,39923
2021,4,11350,14,65~69세,30964
2021,4,11350,15,70~74세,21084
2021,4,11350,16,75~79세,16240
2021,4,11350,17,80~84세,11549
2021,4,11350,18,85~89세,5850
2021,4,11350,19,90~94세,2118
2021,4,11350,20,95~99세,454
2021,4,11350,21,100세 이상,86
2021,4,11380,1,0~4세,11636
2021,4,11380,2,5~9세,16199
2021,4,11380,3,10~14세,17699
2021,4,11380,4,15~19세,19707
2021,4,11380,5,20~24세,28498
2021,4,11380,6,25~29세,37537
2021,4,11380,7,30~34세,33948
2021,4,11380,8,35~39세,34078
2021,4,11380,9,40~44세,36265
2021,4,11380,10,45~49세,38480
2021,4,11380,11,50~54세,41547
2021,4,11380,12,55~59세,36410
2021,4,11380,13,60~64세,37928
2021,4,11380,14,65~69세,29370
2021,4,11380,15,70~74세,21537
2021,4,11380,16,75~79세,17051
2021,4,11380,17,80~84세,11751
2021,4,11380,18,85~89세,5365
2021,4,11380,19,90~94세,1711
2021,4,11380,20,95~99세,384
2021,4,11380,21,100세 이상,72
2021,4,11410,1,0~4세,8176
2021,4,11410,2,5~9세,10985
2021,4,11410,3,10~14세,10755
2021,4,11410,4,15~19세,12458
2021,4,11410,5,20~24세,25273
2021,4,11410,6,25~29세,29150
2021,4,11410,7,30~34세,23483
2021,4,11410,8,35~39세,22465
2021,4,11410,9,40~44세,22701
2021,4,11410,10,45~49세,23548
2021,4,11410,11,50~54세,26409
2021,4,11410,12,55~59세,23058
2021,4,11410,13,60~64세,22930
2021,4,11410,14,65~69세,17293
2021,4,11410,15,70~74세,12688
2021,4,11410,16,75~79세,10771
2021,4,11410,17,80~84세,7962
2021,4,11410,18,85~89세,3911
2021,4,11410,19,90~94세,1281
2021,4,11410,20,95~99세,288
2021,4,11410,21,100세 이상,74
2021,4,11440,1,0~4세,10477
2021,4,11440,2,5~9세,13553
2021,4,11440,3,10~14세,13754
2021,4,11440,4,15~19세,14403
2021,4,11440,5,20~24세,27262
2021,4,11440,6,25~29세,38273
2021,4,11440,7,30~34세,33822
2021,4,11440,8,35~39세,31888
2021,4,11440,9,40~44세,30252
2021,4,11440,10,45~49세,30683
2021,4,11440,11,50~54세,30781
2021,4,11440,12,55~59세,25120
2021,4,11440,13,60~64세,23836
2021,4,11440,14,65~69세,17814
2021,4,11440,15,70~74세,12753
2021,4,11440,16,75~79세,10743
2021,4,11440,17,80~84세,7759
2021,4,11440,18,85~89세,3799
2021,4,11440,19,90~94세,1353
2021,4,11440,20,95~99세,286
2021,4,11440,21,100세 이상,75
2021,4,11470,1,0~4세,10736
2021,4,11470,2,5~9세,18934
2021,4,11470,3,10~14세,24659
2021,4,11470,4,15~19세,24931
2021,4,11470,5,20~24세,27478
2021,4,11470,6,25~29세,30361
2021,4,11470,7,30~34세,26971
2021,4,11470,8,35~39세,29454
2021,4,11470,9,40~44세,36428
2021,4,11470,10,45~49세,40679
2021,4,11470,11,50~54세,41695
2021,4,11470,12,55~59세,35286
2021,4,11470,13,60~64세,34248
2021,4,11470,14,65~69세,26266
2021,4,11470,15,70~74세,17507
2021,4,11470,16,75~79세,11760
2021,4,11470,17,80~84세,7564
2021,4,11470,18,85~89세,3747
2021,4,11470,19,90~94세,1401
2021,4,11470,20,95~99세,323
2021,4,11470,21,100세 이상,59
2021,4,11500,1,0~4세,15806
2021,4,11500,2,5~9세,21151
2021,4,11500,3,10~14세,21316
2021,4,11500,4,15~19세,22326
2021,4,11500,5,20~24세,33079
2021,4,11500,6,25~29세,53456
2021,4,11500,7,30~34세,51857
2021,4,11500,8,35~39세,47489
2021,4,11500,9,40~44세,46158
2021,4,11500,10,45~49세,44060
2021,4,11500,11,50~54세,44377
2021,4,11500,12,55~59세,41191
2021,4,11500,13,60~64세,44944
2021,4,11500,14,65~69세,34852
2021,4,11500,15,70~74세,23494
2021,4,11500,16,75~79세,15986
2021,4,11500,17,80~84세,10347
2021,4,11500,18,85~89세,5271
2021,4,11500,19,90~94세,2042
2021,4,11500,20,95~99세,484
2021,4,11500,21,100세 이상,82
2021,4,11530,1,0~4세,12370
2021,4,11530,2,5~9세,15216
2021,4,11530,3,10~14세,14988
2021,4,11530,4,15~19세,14979
2021,4,11530,5,20~24세,22929
2021,4,11530,6,25~29세,32527
2021,4,11530,7,30~34세,33218
2021,4,11530,8,35~39세,32502
2021,4,11530,9,40~44세,32628
2021,4,11530,10,45~49세,32848
2021,4,11530,11,50~54세,35723
2021,4,11530,12,55~59세,34995
2021,4,11530,13,60~64세,33629
2021,4,11530,14,65~69세,26398
2021,4,11530,15,70~74세,18872
2021,4,11530,16,75~79세,13381
2021,4,11530,17,80~84세,8424
2021,4,11530,18,85~89세,3925
2021,4,11530,19,90~94세,1262
2021,4,11530,20,95~99세,307
2021,4,11530,21,100세 이상,42
2021,4,11545,1,0~4세,5731
2021,4,11545,2,5~9세,6950
2021,4,11545,3,10~14세,6822
2021,4,11545,4,15~19세,7596
2021,4,11545,5,20~24세,13965
2021,4,11545,6,25~29세,24204
2021,4,11545,7,30~34세,21393
2021,4,11545,8,35~39세,17756
2021,4,11545,9,40~44세,16443
2021,4,11545,10,45~49세,17718
2021,4,11545,11,50~54세,21629
2021,4,11545,12,55~59세,22721
2021,4,11545,13,60~64세,20922
2021,4,11545,14,65~69세,14995
2021,4,11545,15,70~74세,10498
2021,4,11545,16,75~79세,7626
2021,4,11545,17,80~84세,4828
2021,4,11545,18,85~89세,2177
2021,4,11545,19,90~94세,727
2021,4,11545,20,95~99세,159
2021,4,11545,21,100세 이상,31
2021,4,11560,1,0~4세,12511
2021,4,11560,2,5~9세,13806
2021,4,11560,3,10~14세,12128
2021,4,11560,4,15~19세,12368
2021,4,11560,5,20~24세,22158
2021,4,11560,6,25~29세,38238
2021,4,11560,7,30~34세,39021
2021,4,11560,8,35~39세,34643
2021,4,11560,9,40~44세,30412
2021,4,11560,10,45~49세,29221
2021,4,11560,11,50~54세,32761
2021,4,11560,12,55~59세,31970
2021,4,11560,13,60~64세,29155
2021,4,11560,14,65~69세,21690
2021,4,11560,15,70~74세,15621
2021,4,11560,16,75~79세,11582
2021,4,11560,17,80~84세,7949
2021,4,11560,18,85~89세,4076
2021,4,11560,19,90~94세,1248
2021,4,11560,20,95~99세,297
2021,4,11560,21,100세 이상,53
2021,4,11590,1,0~4세,10019
2021,4,11590,2,5~9세,13278
2021,4,11590,3,10~14세,13045
2021,4,11590,4,15~19세,14284
2021,4,11590,5,20~24세,28578
2021,4,11590,6,25~29세,39510
2021,4,11590,7,30~34세,33049
2021,4,11590,8,35~39세,29266
2021,4,11590,9,40~44세,29049
2021,4,11590,10,45~49세,29098
2021,4,11590,11,50~54세,31507
2021,4,11590,12,55~59세,28361
2021,4,11590,13,60~64세,28707
2021,4,11590,14,65~69세,22442
2021,4,11590,15,70~74세,16797
2021,4,11590,16,75~79세,12869
2021,4,11590,17,80~84세,8538
2021,4,11590,18,85~89세,4101
2021,4,11590,19,90~94세,1417
2021,4,11590,20,95~99세,362
2021,4,11590,21,100세 이상,87
2021,4,11620,1,0~4세,8813
2021,4,11620,2,5~9세,11637
2021,4,11620,3,10~14세,12541
2021,4,11620,4,15~19세,15025
2021,4,11620,5,20~24세,39406
2021,4,11620,6,25~29세,72282
2021,4,11620,7,30~34세,51809
2021,4,11620,8,35~39세,36566
2021,4,11620,9,40~44세,33614
2021,4,11620,10,45~49세,33701
2021,4,11620,11,50~54세,36435
2021,4,11620,12,55~59세,33824
2021,4,11620,13,60~64세,33925
2021,4,11620,14,65~69세,27138
2021,4,11620,15,70~74세,20913
2021,4,11620,16,75~79세,15865
2021,4,11620,17,80~84세,10063
2021,4,11620,18,85~89세,4158
2021,4,11620,19,90~94세,1356
2021,4,11620,20,95~99세,317
2021,4,11620,21,100세 이상,61
2021,4,11650,1,0~4세,12097
2021,4,11650,2,5~9세,19891
2021,4,11650,3,10~14세,23172
2021,4,11650,4,15~19세,21566
2021,4,11650,5,20~24세,23926
2021,4,11650,6,25~29세,28843
2021,4,11650,7,30~34세,29274
2021,4,11650,8,35~39세,31312
2021,4,11650,9,40~44세,37165
2021,4,11650,10,45~49세,38727
2021,4,11650,11,50~54세,36093
2021,4,11650,12,55~59세,26998
2021,4,11650,13,60~64세,26425
2021,4,11650,14,65~69세,21831
2021,4,11650,15,70~74세,15534
2021,4,11650,16,75~79세,11236
2021,4,11650,17,80~84세,6808
2021,4,11650,18,85~89세,3424
2021,4,11650,19,90~94세,1369
2021,4,11650,20,95~99세,382
2021,4,11650,21,100세 이상,94
2021,4,11680,1,0~4세,12418
2021,4,11680,2,5~9세,22430
2021,4,11680,3,10~14세,29848
2021,4,11680,4,15~19세,29473
2021,4,11680,5,20~24세,32190
2021,4,11680,6,25~29세,40033
2021,4,11680,7,30~34세,39193
2021,4,11680,8,35~39세,39925
2021,4,11680,9,40~44세,47773
2021,4,11680,10,45~49세,50737
2021,4,11680,11,50~54세,47528
2021,4,11680,12,55~59세,34937
2021,4,11680,13,60~64세,33089
2021,4,11680,14,65~69세,28635
2021,4,11680,15,70~74세,20186
2021,4,11680,16,75~79세,14430
2021,4,11680,17,80~84세,8463
2021,4,11680,18,85~89세,4148
2021,4,11680,19,90~94세,1785
2021,4,11680,20,95~99세,472
2021,4,11680,21,100세 이상,107
2021,4,11710,1,0~4세,20385
2021,4,11710,2,5~9세,28248
2021,4,11710,3,10~14세,29050
2021,4,11710,4,15~19세,28760
2021,4,11710,5,20~24세,38539
2021,4,11710,6,25~29세,52819
2021,4,11710,7,30~34세,53696
2021,4,11710,8,35~39세,54459
2021,4,11710,9,40~44세,55397
2021,4,11710,10,45~49세,52767
2021,4,11710,11,50~54세,54615
2021,4,11710,12,55~59세,48310
2021,4,11710,13,60~64세,49229
2021,4,11710,14,65~69세,38686
2021,4,11710,15,70~74세,24823
2021,4,11710,16,75~79세,16504
2021,4,11710,17,80~84세,9808
2021,4,11710,18,85~89세,5210
2021,4,11710,19,90~94세,2041
2021,4,11710,20,95~99세,529
2021,4,11710,21,100세 이상,90
2021,4,11740,1,0~4세,14770
2021,4,11740,2,5~9세,19737
2021,4,11740,3,10~14세,19953
2021,4,11740,4,15~19세,19025
2021,4,11740,5,20~24세,25956
2021,4,11740,6,25~29세,35173
2021,4,11740,7,30~34세,35027
2021,4,11740,8,35~39세,37026
2021,4,11740,9,40~44세,39073
2021,4,11740,10,45~49세,36445
2021,4,11740,11,50~54세,37580
2021,4,11740,12,55~59세,35082
2021,4,11740,13,60~64세,37555
2021,4,11740,14,65~69세,29298
2021,4,11740,15,70~74세,18937
2021,4,11740,16,75~79세,12619
2021,4,11740,17,80~84세,7513
2021,4,11740,18,85~89세,3785
2021,4,11740,19,90~94세,1495
2021,4,11740,20,95~99세,342
2021,4,11740,21,100세 이상,81
2022,1,11110,1,0~4세,2777
2022,1,11110,2,5~9세,4358
2022,1,11110,3,10~14세,5091
2022,1,11110,4,15~19세,5680
2022,1,11110,5,20~24세,12723
2022,1,11110,6,25~29세,14562
2022,1,11110,7,30~34세,11149
2022,1,11110,8,35~39세,9736
2022,1,11110,9,40~44세,10570
2022,1,11110,10,45~49세,11270
2022,1,11110,11,50~54세,13499
2022,1,11110,12,55~59세,12344
2022,1,11110,13,60~64세,11861
2022,1,11110,14,65~69세,9035
2022,1,11110,15,70~74세,6336
2022,1,11110,16,75~79세,5399
2022,1,11110,17,80~84세,4183
2022,1,11110,18,85~89세,2119
2022,1,11110,19,90~94세,735
2022,1,11110,20,95~99세,219
2022,1,11110,21,100세 이상,38
2022,1,11140,1,0~4세,3020
2022,1,11140,2,5~9세,3546
2022,1,11140,3,10~14세,3283
2022,1,11140,4,15~19세,3712
2022,1,11140,5,20~24세,8922
2022,1,11140,6,25~29세,12279
2022,1,11140,7,30~34세,11546
2022,1,11140,8,35~39세,10194
2022,1,11140,9,40~44세,9553
2022,1,11140,10,45~49세,9047
2022,1,11140,11,50~54세,10900
2022,1,11140,12,55~59세,10274
2022,1,11140,13,60~64세,10432
2022,1,11140,14,65~69세,8278
2022,1,11140,15,70~74세,5775
2022,1,11140,16,75~79세,4647
2022,1,11140,17,80~84세,3400
2022,1,11140,18,85~89세,1762
2022,1,11140,19,90~94세,687
2022,1,11140,20,95~99세,161
2022,1,11140,21,100세 이상,32
2022,1,11170,1,0~4세,6113
2022,1,11170,2,5~9세,7554
2022,1,11170,3,10~14세,7587
2022,1,11170,4,15~19세,8228
2022,1,11170,5,20~24세,13891
2022,1,11170,6,25~29세,20593
2022,1,11170,7,30~34세,21551
2022,1,11170,8,35~39세,19697
2022,1,11170,9,40~44세,18657
2022,1,11170,10,45~49세,17850
2022,1,11170,11,50~54세,20507
2022,1,11170,12,55~59세,17533
2022,1,11170,13,60~64세,17296
2022,1,11170,14,65~69세,12919
2022,1,11170,15,70~74세,8993
2022,1,11170,16,75~79세,7208
2022,1,11170,17,80~84세,5732
2022,1,11170,18,85~89세,3068
2022,1,11170,19,90~94세,1170
2022,1,11170,20,95~99세,293
2022,1,11170,21,100세 이상,78
2022,1,11200,1,0~4세,9126
2022,1,11200,2,5~9세,9981
2022,1,11200,3,10~14세,9049
2022,1,11200,4,15~19세,10202
2022,1,11200,5,20~24세,20070
2022,1,11200,6,25~29세,25802
2022,1,11200,7,30~34세,23854
2022,1,11200,8,35~39세,23745
2022,1,11200,9,40~44세,22472
2022,1,11200,10,45~49세,21338
2022,1,11200,11,50~54세,24566
2022,1,11200,12,55~59세,22218
2022,1,11200,13,60~64세,22290
2022,1,11200,14,65~69세,16161
2022,1,11200,15,70~74세,11227
2022,1,11200,16,75~79세,9030
2022,1,11200,17,80~84세,6243
2022,1,11200,18,85~89세,3003
2022,1,11200,19,90~94세,965
2022,1,11200,20,95~99세,211
2022,1,11200,21,100세 이상,56
2022,1,11215,1,0~4세,7443
2022,1,11215,2,5~9세,10623
2022,1,11215,3,10~14세,12025
2022,1,11215,4,15~19세,13188
2022,1,11215,5,20~24세,27789
2022,1,11215,6,25~29세,38960
2022,1,11215,7,30~34세,31062
2022,1,11215,8,35~39세,25860
2022,1,11215,9,40~44세,25685
2022,1,11215,10,45~49세,25903
2022,1,11215,11,50~54세,29166
2022,1,11215,12,55~59세,26696
2022,1,11215,13,60~64세,26106
2022,1,11215,14,65~69세,19223
2022,1,11215,15,70~74세,12674
2022,1,11215,16,75~79세,9567
2022,1,11215,17,80~84세,6703
2022,1,11215,18,85~89세,3100
2022,1,11215,19,90~94세,1039
2022,1,11215,20,95~99세,241
2022,1,11215,21,100세 이상,57
2022,1,11230,1,0~4세,8632
2022,1,11230,2,5~9세,10924
2022,1,11230,3,10~14세,10993
2022,1,11230,4,15~19세,12548
2022,1,11230,5,20~24세,31674
2022,1,11230,6,25~29세,34371
2022,1,11230,7,30~34세,26089
2022,1,11230,8,35~39세,24618
2022,1,11230,9,40~44세,25134
2022,1,11230,10,45~49세,24704
2022,1,11230,11,50~54세,27605
2022,1,11230,12,55~59세,25526
2022,1,11230,13,60~64세,26811
2022,1,11230,14,65~69세,21358
2022,1,11230,15,70~74세,15104
2022,1,11230,16,75~79세,12427
2022,1,11230,17,80~84세,8480
2022,1,11230,18,85~89세,4009
2022,1,11230,19,90~94세,1241
2022,1,11230,20,95~99세,277
2022,1,11230,21,100세 이상,67
2022,1,11260,1,0~4세,9649
2022,1,11260,2,5~9세,11962
2022,1,11260,3,10~14세,12107
2022,1,11260,4,15~19세,13382
2022,1,11260,5,20~24세,22416
2022,1,11260,6,25~29세,32827
2022,1,11260,7,30~34세,30851
2022,1,11260,8,35~39세,28064
2022,1,11260,9,40~44세,28514
2022,1,11260,10,45~49세,27949
2022,1,11260,11,50~54세,34189
2022,1,11260,12,55~59세,33735
2022,1,11260,13,60~64세,35104
2022,1,11260,14,65~69세,26441
2022,1,11260,15,70~74세,17960
2022,1,11260,16,75~79세,13538
2022,1,11260,17,80~84세,9139
2022,1,11260,18,85~89세,4086
2022,1,11260,19,90~94세,1312
2022,1,11260,20,95~99세,308
2022,1,11260,21,100세 이상,67
2022,1,11290,1,0~4세,11262
2022,1,11290,2,5~9세,16154
2022,1,11290,3,10~14세,17387
2022,1,11290,4,15~19세,19704
2022,1,11290,5,20~24세,35173
2022,1,11290,6,25~29세,36009
2022,1,11290,7,30~34세,29918
2022,1,11290,8,35~39세,30181
2022,1,11290,9,40~44세,32898
2022,1,11290,10,45~49세,35455
2022,1,11290,11,50~54세,38566
2022,1,11290,12,55~59세,31937
2022,1,11290,13,60~64세,32317
2022,1,11290,14,65~69세,25193
2022,1,11290,15,70~74세,18016
2022,1,11290,16,75~79세,14714
2022,1,11290,17,80~84세,10718
2022,1,11290,18,85~89세,4924
2022,1,11290,19,90~94세,1705
2022,1,11290,20,95~99세,376
2022,1,11290,21,100세 이상,73
2022,1,11305,1,0~4세,5579
2022,1,11305,2,5~9세,8241
2022,1,11305,3,10~14세,9629
2022,1,11305,4,15~19세,11035
2022,1,11305,5,20~24세,18920
2022,1,11305,6,25~29세,22936
2022,1,11305,7,30~34세,19071
2022,1,11305,8,35~39세,18338
2022,1,11305,9,40~44세,20670
2022,1,11305,10,45~49세,23085
2022,1,11305,11,50~54세,26986
2022,1,11305,12,55~59세,24944
2022,1,11305,13,60~64세,26429
2022,1,11305,14,65~69세,21090
2022,1,11305,15,70~74세,16229
2022,1,11305,16,75~79세,13153
2022,1,11305,17,80~84세,9013
2022,1,11305,18,85~89세,3919
2022,1,11305,19,90~94세,1228
2022,1,11305,20,95~99세,282
2022,1,11305,21,100세 이상,47
2022,1,11320,1,0~4세,6716
2022,1,11320,2,5~9세,9986
2022,1,11320,3,10~14세,11317
2022,1,11320,4,15~19세,12742
2022,1,11320,5,20~24세,19056
2022,1,11320,6,25~29세,22449
2022,1,11320,7,30~34세,19695
2022,1,11320,8,35~39세,19751
2022,1,11320,9,40~44세,22001
2022,1,11320,10,45~49세,24046
2022,1,11320,11,50~54세,29020
2022,1,11320,12,55~59세,27109
2022,1,11320,13,60~64세,29090
2022,1,11320,14,65~69세,22767
2022,1,11320,15,70~74세,15446
2022,1,11320,16,75~79세,12137
2022,1,11320,17,80~84세,8817
2022,1,11320,18,85~89세,4132
2022,1,11320,19,90~94세,1420
2022,1,11320,20,95~99세,313
2022,1,11320,21,100세 이상,90
2022,1,11350,1,0~4세,11917
2022,1,11350,2,5~9세,18225
2022,1,11350,3,10~14세,23309
2022,1,11350,4,15~19세,27301
2022,1,11350,5,20~24세,36943
2022,1,11350,6,25~29세,34746
2022,1,11350,7,30~34세,31458
2022,1,11350,8,35~39세,32140
2022,1,11350,9,40~44세,37943
2022,1,11350,10,45~49세,43601
2022,1,11350,11,50~54세,47812
2022,1,11350,12,55~59세,39392
2022,1,11350,13,60~64세,40232
2022,1,11350,14,65~69세,31250
2022,1,11350,15,70~74세,21233
2022,1,11350,16,75~79세,16369
2022,1,11350,17,80~84세,11878
2022,1,11350,18,85~89세,5976
2022,1,11350,19,90~94세,2173
2022,1,11350,20,95~99세,459
2022,1,11350,21,100세 이상,88
2022,1,11380,1,0~4세,11334
2022,1,11380,2,5~9세,15889
2022,1,11380,3,10~14세,17545
2022,1,11380,4,15~19세,19563
2022,1,11380,5,20~24세,28058
2022,1,11380,6,25~29세,37318
2022,1,11380,7,30~34세,34070
2022,1,11380,8,35~39세,33413
2022,1,11380,9,40~44세,36365
2022,1,11380,10,45~49세,37996
2022,1,11380,11,50~54세,41515
2022,1,11380,12,55~59세,36490
2022,1,11380,13,60~64세,38039
2022,1,11380,14,65~69세,29732
2022,1,11380,15,70~74세,21504
2022,1,11380,16,75~79세,17202
2022,1,11380,17,80~84세,12178
2022,1,11380,18,85~89세,5579
2022,1,11380,19,90~94세,1749
2022,1,11380,20,95~99세,403
2022,1,11380,21,100세 이상,71
2022,1,11410,1,0~4세,7985
2022,1,11410,2,5~9세,10897
2022,1,11410,3,10~14세,10811
2022,1,11410,4,15~19세,12427
2022,1,11410,5,20~24세,25509
2022,1,11410,6,25~29세,29481
2022,1,11410,7,30~34세,23652
2022,1,11410,8,35~39세,22293
2022,1,11410,9,40~44세,22924
2022,1,11410,10,45~49세,23360
2022,1,11410,11,50~54세,26519
2022,1,11410,12,55~59세,23179
2022,1,11410,13,60~64세,23026
2022,1,11410,14,65~69세,17585
2022,1,11410,15,70~74세,12651
2022,1,11410,16,75~79세,10834
2022,1,11410,17,80~84세,8224
2022,1,11410,18,85~89세,4053
2022,1,11410,19,90~94세,1277
2022,1,11410,20,95~99세,312
2022,1,11410,21,100세 이상,76
2022,1,11440,1,0~4세,10073
2022,1,11440,2,5~9세,13310
2022,1,11440,3,10~14세,13715
2022,1,11440,4,15~19세,14439
2022,1,11440,5,20~24세,27392
2022,1,11440,6,25~29세,38499
2022,1,11440,7,30~34세,34043
2022,1,11440,8,35~39세,31288
2022,1,11440,9,40~44세,30362
2022,1,11440,10,45~49세,30301
2022,1,11440,11,50~54세,30979
2022,1,11440,12,55~59세,25151
2022,1,11440,13,60~64세,23909
2022,1,11440,14,65~69세,17984
2022,1,11440,15,70~74세,12800
2022,1,11440,16,75~79세,10750
2022,1,11440,17,80~84세,7981
2022,1,11440,18,85~89세,3893
2022,1,11440,19,90~94세,1376
2022,1,11440,20,95~99세,310
2022,1,11440,21,100세 이상,74
2022,1,11470,1,0~4세,10429
2022,1,11470,2,5~9세,18734
2022,1,11470,3,10~14세,24476
2022,1,11470,4,15~19세,24692
2022,1,11470,5,20~24세,27040
2022,1,11470,6,25~29세,30150
2022,1,11470,7,30~34세,27164
2022,1,11470,8,35~39세,28811
2022,1,11470,9,40~44세,36545
2022,1,11470,10,45~49세,40053
2022,1,11470,11,50~54세,41603
2022,1,11470,12,55~59세,35279
2022,1,11470,13,60~64세,34449
2022,1,11470,14,65~69세,26717
2022,1,11470,15,70~74세,17776
2022,1,11470,16,75~79세,11989
2022,1,11470,17,80~84세,7798
2022,1,11470,18,85~89세,3855
2022,1,11470,19,90~94세,1422
2022,1,11470,20,95~99세,340
2022,1,11470,21,100세 이상,56
2022,1,11500,1,0~4세,15372
2022,1,11500,2,5~9세,20635
2022,1,11500,3,10~14세,21246
2022,1,11500,4,15~19세,22076
2022,1,11500,5,20~24세,32767
2022,1,11500,6,25~29세,53189
2022,1,11500,7,30~34세,52420
2022,1,11500,8,35~39세,46659
2022,1,11500,9,40~44세,46417
2022,1,11500,10,45~49세,43624
2022,1,11500,11,50~54세,44263
2022,1,11500,12,55~59세,40867
2022,1,11500,13,60~64세,44967
2022,1,11500,14,65~69세,35151
2022,1,11500,15,70~74세,23720
2022,1,11500,16,75~79세,16354
2022,1,11500,17,80~84세,10652
2022,1,11500,18,85~89세,5395
2022,1,11500,19,90~94세,2080
2022,1,11500,20,95~99세,483
2022,1,11500,21,100세 이상,89
2022,1,11530,1,0~4세,11802
2022,1,11530,2,5~9세,14898
2022,1,11530,3,10~14세,14974
2022,1,11530,4,15~19세,14863
2022,1,11530,5,20~24세,22719
2022,1,11530,6,25~29세,32460
2022,1,11530,7,30~34세,33037
2022,1,11530,8,35~39세,32040
2022,1,11530,9,40~44세,32928
2022,1,11530,10,45~49세,32226
2022,1,11530,11,50~54세,35505
2022,1,11530,12,55~59세,34458
2022,1,11530,13,60~64세,34210
2022,1,11530,14,65~69세,26807
2022,1,11530,15,70~74세,19037
2022,1,11530,16,75~79세,13623
2022,1,11530,17,80~84세,8786
2022,1,11530,18,85~89세,3976
2022,1,11530,19,90~94세,1287
2022,1,11530,20,95~99세,305
2022,1,11530,21,100세 이상,43
2022,1,11545,1,0~4세,5537
2022,1,11545,2,5~9세,6744
2022,1,11545,3,10~14세,6765
2022,1,11545,4,15~19세,7537
2022,1,11545,5,20~24세,13796
2022,1,11545,6,25~29세,24313
2022,1,11545,7,30~34세,21652
2022,1,11545,8,35~39세,17567
2022,1,11545,9,40~44세,16673
2022,1,11545,10,45~49세,17232
2022,1,11545,11,50~54세,21367
2022,1,11545,12,55~59세,22383
2022,1,11545,13,60~64세,21516
2022,1,11545,14,65~69세,15232
2022,1,11545,15,70~74세,10583
2022,1,11545,16,75~79세,7785
2022,1,11545,17,80~84세,5030
2022,1,11545,18,85~89세,2254
2022,1,11545,19,90~94세,731
2022,1,11545,20,95~99세,170
2022,1,11545,21,100세 이상,34
2022,1,11560,1,0~4세,12094
2022,1,11560,2,5~9세,13489
2022,1,11560,3,10~14세,12178
2022,1,11560,4,15~19세,12347
2022,1,11560,5,20~24세,22070
2022,1,11560,6,25~29세,38107
2022,1,11560,7,30~34세,38982
2022,1,11560,8,35~39세,34345
2022,1,11560,9,40~44세,30503
2022,1,11560,10,45~49세,28872
2022,1,11560,11,50~54세,32434
2022,1,11560,12,55~59세,31456
2022,1,11560,13,60~64세,29817
2022,1,11560,14,65~69세,22046
2022,1,11560,15,70~74세,15710
2022,1,11560,16,75~79세,11754
2022,1,11560,17,80~84세,8173
2022,1,11560,18,85~89세,4208
2022,1,11560,19,90~94세,1290
2022,1,11560,20,95~99세,312
2022,1,11560,21,100세 이상,54
2022,1,11590,1,0~4세,9742
2022,1,11590,2,5~9세,13023
2022,1,11590,3,10~14세,13026
2022,1,11590,4,15~19세,14521
2022,1,11590,5,20~24세,28623
2022,1,11590,6,25~29세,39426
2022,1,11590,7,30~34세,33231
2022,1,11590,8,35~39세,28887
2022,1,11590,9,40~44세,29233
2022,1,11590,10,45~49세,28831
2022,1,11590,11,50~54세,31473
2022,1,11590,12,55~59세,28284
2022,1,11590,13,60~64세,28879
2022,1,11590,14,65~69세,22551
2022,1,11590,15,70~74세,16913
2022,1,11590,16,75~79세,13046
2022,1,11590,17,80~84세,8809
2022,1,11590,18,85~89세,4252
2022,1,11590,19,90~94세,1426
2022,1,11590,20,95~99세,374
2022,1,11590,21,100세 이상,99
2022,1,11620,1,0~4세,8486
2022,1,11620,2,5~9세,11340
2022,1,11620,3,10~14세,12450
2022,1,11620,4,15~19세,15195
2022,1,11620,5,20~24세,40217
2022,1,11620,6,25~29세,72557
2022,1,11620,7,30~34세,52336
2022,1,11620,8,35~39세,36104
2022,1,11620,9,40~44세,33724
2022,1,11620,10,45~49세,33180
2022,1,11620,11,50~54세,36299
2022,1,11620,12,55~59세,33467
2022,1,11620,13,60~64세,34295
2022,1,11620,14,65~69세,27116
2022,1,11620,15,70~74세,20990
2022,1,11620,16,75~79세,15994
2022,1,11620,17,80~84세,10477
2022,1,11620,18,85~89세,4337
2022,1,11620,19,90~94세,1376
2022,1,11620,20,95~99세,325
2022,1,11620,21,100세 이상,71
2022,1,11650,1,0~4세,11709
2022,1,11650,2,5~9세,19492
2022,1,11650,3,10~14세,23164
2022,1,11650,4,15~19세,21389
2022,1,11650,5,20~24세,23622
2022,1,11650,6,25~29세,28432
2022,1,11650,7,30~34세,29037
2022,1,11650,8,35~39세,30597
2022,1,11650,9,40~44세,37051
2022,1,11650,10,45~49세,38359
2022,1,11650,11,50~54세,36151
2022,1,11650,12,55~59세,27022
2022,1,11650,13,60~64세,26248
2022,1,11650,14,65~69세,21926
2022,1,11650,15,70~74세,15638
2022,1,11650,16,75~79세,11448
2022,1,11650,17,80~84세,6971
2022,1,11650,18,85~89세,3535
2022,1,11650,19,90~94세,1386
2022,1,11650,20,95~99세,402
2022,1,11650,21,100세 이상,98
2022,1,11680,1,0~4세,12128
2022,1,11680,2,5~9세,22176
2022,1,11680,3,10~14세,30096
2022,1,11680,4,15~19세,29338
2022,1,11680,5,20~24세,31528
2022,1,11680,6,25~29세,39767
2022,1,11680,7,30~34세,39197
2022,1,11680,8,35~39세,39331
2022,1,11680,9,40~44세,47958
2022,1,11680,10,45~49세,50410
2022,1,11680,11,50~54세,47760
2022,1,11680,12,55~59세,35118
2022,1,11680,13,60~64세,32956
2022,1,11680,14,65~69세,28815
2022,1,11680,15,70~74세,20538
2022,1,11680,16,75~79세,14820
2022,1,11680,17,80~84세,8761
2022,1,11680,18,85~89세,4247
2022,1,11680,19,90~94세,1794
2022,1,11680,20,95~99세,494
2022,1,11680,21,100세 이상,106
2022,1,11710,1,0~4세,20244
2022,1,11710,2,5~9세,28426
2022,1,11710,3,10~14세,29569
2022,1,11710,4,15~19세,28722
2022,1,11710,5,20~24세,38100
2022,1,11710,6,25~29세,52650
2022,1,11710,7,30~34세,53940
2022,1,11710,8,35~39세,54202
2022,1,11710,9,40~44세,56565
2022,1,11710,10,45~49세,52844
2022,1,11710,11,50~54세,55082
2022,1,11710,12,55~59세,48603
2022,1,11710,13,60~64세,49460
2022,1,11710,14,65~69세,39295
2022,1,11710,15,70~74세,25286
2022,1,11710,16,75~79세,17090
2022,1,11710,17,80~84세,10166
2022,1,11710,18,85~89세,5312
2022,1,11710,19,90~94세,2065
2022,1,11710,20,95~99세,546
2022,1,11710,21,100세 이상,94
2022,1,11740,1,0~4세,14371
2022,1,11740,2,5~9세,19380
2022,1,11740,3,10~14세,20015
2022,1,11740,4,15~19세,18874
2022,1,11740,5,20~24세,25452
2022,1,11740,6,25~29세,34858
2022,1,11740,7,30~34세,34912
2022,1,11740,8,35~39세,36308
2022,1,11740,9,40~44세,39364
2022,1,11740,10,45~49세,36095
2022,1,11740,11,50~54세,37417
2022,1,11740,12,55~59세,34960
2022,1,11740,13,60~64세,37614
2022,1,11740,14,65~69세,29751
2022,1,11740,15,70~74세,19256
2022,1,11740,16,75~79세,12882
2022,1,11740,17,80~84세,7834
2022,1,11740,18,85~89세,3793
2022,1,11740,19,90~94세,1515
2022,1,11740,20,95~99세,366
2022,1,11740,21,100세 이상,80
2022,2,11110,1,0~4세,2749
2022,2,11110,2,5~9세,4283
2022,2,11110,3,10~14세,5013
2022,2,11110,4,15~19세,5621
2022,2,11110,5,20~24세,12746
2022,2,11110,6,25~29세,14661
2022,2,11110,7,30~34세,11200
2022,2,11110,8,35~39세,9662
2022,2,11110,9,40~44세,10596
2022,2,11110,10,45~49세,11065
2022,2,11110,11,50~54세,13406
2022,2,11110,12,55~59세,12292
2022,2,11110,13,60~64세,11791
2022,2,11110,14,65~69세,9046
2022,2,11110,15,70~74세,6369
2022,2,11110,16,75~79세,5348
2022,2,11110,17,80~84세,4282
2022,2,11110,18,85~89세,2130
2022,2,11110,19,90~94세,749
2022,2,11110,20,95~99세,206
2022,2,11110,21,100세 이상,40
2022,2,11140,1,0~4세,2991
2022,2,11140,2,5~9세,3553
2022,2,11140,3,10~14세,3236
2022,2,11140,4,15~19세,3734
2022,2,11140,5,20~24세,8920
2022,2,11140,6,25~29세,12399
2022,2,11140,7,30~34세,11650
2022,2,11140,8,35~39세,10177
2022,2,11140,9,40~44세,9636
2022,2,11140,10,45~49세,8906
2022,2,11140,11,50~54세,10896
2022,2,11140,12,55~59세,10278
2022,2,11140,13,60~64세,10349
2022,2,11140,14,65~69세,8281
2022,2,11140,15,70~74세,5865
2022,2,11140,16,75~79세,4646
2022,2,11140,17,80~84세,3491
2022,2,11140,18,85~89세,1783
2022,2,11140,19,90~94세,689
2022,2,11140,20,95~99세,155
2022,2,11140,21,100세 이상,38
2022,2,11170,1,0~4세,6065
2022,2,11170,2,5~9세,7507
2022,2,11170,3,10~14세,7552
2022,2,11170,4,15~19세,8159
2022,2,11170,5,20~24세,13877
2022,2,11170,6,25~29세,20768
2022,2,11170,7,30~34세,21820
2022,2,11170,8,35~39세,19643
2022,2,11170,9,40~44세,18769
2022,2,11170,10,45~49세,17521
2022,2,11170,11,50~54세,20583
2022,2,11170,12,55~59세,17510
2022,2,11170,13,60~64세,17243
2022,2,11170,14,65~69세,12957
2022,2,11170,15,70~74세,9081
2022,2,11170,16,75~79세,7145
2022,2,11170,17,80~84세,5786
2022,2,11170,18,85~89세,3091
2022,2,11170,19,90~94세,1185
2022,2,11170,20,95~99세,292
2022,2,11170,21,100세 이상,78
2022,2,11200,1,0~4세,9055
2022,2,11200,2,5~9세,9879
2022,2,11200,3,10~14세,8956
2022,2,11200,4,15~19세,10163
2022,2,11200,5,20~24세,19981
2022,2,11200,6,25~29세,25776
2022,2,11200,7,30~34세,23920
2022,2,11200,8,35~39세,23413
2022,2,11200,9,40~44세,22566
2022,2,11200,10,45~49세,21015
2022,2,11200,11,50~54세,24458
2022,2,11200,12,55~59세,22101
2022,2,11200,13,60~64세,22229
2022,2,11200,14,65~69세,16195
2022,2,11200,15,70~74세,11282
2022,2,11200,16,75~79세,9012
2022,2,11200,17,80~84세,6387
2022,2,11200,18,85~89세,3036
2022,2,11200,19,90~94세,971
2022,2,11200,20,95~99세,211
2022,2,11200,21,100세 이상,58
2022,2,11215,1,0~4세,7305
2022,2,11215,2,5~9세,10401
2022,2,11215,3,10~14세,11930
2022,2,11215,4,15~19세,13200
2022,2,11215,5,20~24세,28001
2022,2,11215,6,25~29세,38899
2022,2,11215,7,30~34세,31298
2022,2,11215,8,35~39세,25531
2022,2,11215,9,40~44세,25815
2022,2,11215,10,45~49세,25569
2022,2,11215,11,50~54세,29227
2022,2,11215,12,55~59세,26591
2022,2,11215,13,60~64세,26020
2022,2,11215,14,65~69세,19177
2022,2,11215,15,70~74세,12876
2022,2,11215,16,75~79세,9644
2022,2,11215,17,80~84세,6809
2022,2,11215,18,85~89세,3143
2022,2,11215,19,90~94세,1052
2022,2,11215,20,95~99세,251
2022,2,11215,21,100세 이상,57
2022,2,11230,1,0~4세,8501
2022,2,11230,2,5~9세,10840
2022,2,11230,3,10~14세,10988
2022,2,11230,4,15~19세,12409
2022,2,11230,5,20~24세,32054
2022,2,11230,6,25~29세,34467
2022,2,11230,7,30~34세,26276
2022,2,11230,8,35~39세,24401
2022,2,11230,9,40~44세,25270
2022,2,11230,10,45~49세,24337
2022,2,11230,11,50~54세,27653
2022,2,11230,12,55~59세,25440
2022,2,11230,13,60~64세,26680
2022,2,11230,14,65~69세,21327
2022,2,11230,15,70~74세,15317
2022,2,11230,16,75~79세,12403
2022,2,11230,17,80~84세,8761
2022,2,11230,18,85~89세,4023
2022,2,11230,19,90~94세,1254
2022,2,11230,20,95~99세,274
2022,2,11230,21,100세 이상,68
2022,2,11260,1,0~4세,9502
2022,2,11260,2,5~9세,11795
2022,2,11260,3,10~14세,12120
2022,2,11260,4,15~19세,13253
2022,2,11260,5,20~24세,22066
2022,2,11260,6,25~29세,32809
2022,2,11260,7,30~34세,31171
2022,2,11260,8,35~39세,27768
2022,2,11260,9,40~44세,28676
2022,2,11260,10,45~49세,27602
2022,2,11260,11,50~54세,34134
2022,2,11260,12,55~59세,33623
2022,2,11260,13,60~64세,35163
2022,2,11260,14,65~69세,26368
2022,2,11260,15,70~74세,18359
2022,2,11260,16,75~79세,13592
2022,2,11260,17,80~84세,9293
2022,2,11260,18,85~89세,4156
2022,2,11260,19,90~94세,1330
2022,2,11260,20,95~99세,296
2022,2,11260,21,100세 이상,71
2022,2,11290,1,0~4세,11174
2022,2,11290,2,5~9세,15979
2022,2,11290,3,10~14세,17396
2022,2,11290,4,15~19세,19722
2022,2,11290,5,20~24세,35379
2022,2,11290,6,25~29세,36303
2022,2,11290,7,30~34세,30187
2022,2,11290,8,35~39세,29977
2022,2,11290,9,40~44세,33154
2022,2,11290,10,45~49세,34990
2022,2,11290,11,50~54세,38860
2022,2,11290,12,55~59세,32078
2022,2,11290,13,60~64세,32367
2022,2,11290,14,65~69세,25148
2022,2,11290,15,70~74세,18256
2022,2,11290,16,75~79세,14733
2022,2,11290,17,80~84세,10968
2022,2,11290,18,85~89세,5005
2022,2,11290,19,90~94세,1685
2022,2,11290,20,95~99세,387
2022,2,11290,21,100세 이상,75
2022,2,11305,1,0~4세,5475
2022,2,11305,2,5~9세,8139
2022,2,11305,3,10~14세,9596
2022,2,11305,4,15~19세,10927
2022,2,11305,5,20~24세,18811
2022,2,11305,6,25~29세,22974
2022,2,11305,7,30~34세,19175
2022,2,11305,8,35~39세,18079
2022,2,11305,9,40~44세,20883
2022,2,11305,10,45~49세,22674
2022,2,11305,11,50~54세,27001
2022,2,11305,12,55~59세,24876
2022,2,11305,13,60~64세,26319
2022,2,11305,14,65~69세,21030
2022,2,11305,15,70~74세,16369
2022,2,11305,16,75~79세,13134
2022,2,11305,17,80~84세,9295
2022,2,11305,18,85~89세,3934
2022,2,11305,19,90~94세,1238
2022,2,11305,20,95~99세,267
2022,2,11305,21,100세 이상,50
2022,2,11320,1,0~4세,6555
2022,2,11320,2,5~9세,9768
2022,2,11320,3,10~14세,11267
2022,2,11320,4,15~19세,12576
2022,2,11320,5,20~24세,18766
2022,2,11320,6,25~29세,22339
2022,2,11320,7,30~34세,19866
2022,2,11320,8,35~39세,19450
2022,2,11320,9,40~44세,22136
2022,2,11320,10,45~49세,23561
2022,2,11320,11,50~54세,28979
2022,2,11320,12,55~59세,26948
2022,2,11320,13,60~64세,29012
2022,2,11320,14,65~69세,22752
2022,2,11320,15,70~74세,15777
2022,2,11320,16,75~79세,12133
2022,2,11320,17,80~84세,9055
2022,2,11320,18,85~89세,4162
2022,2,11320,19,90~94세,1407
2022,2,11320,20,95~99세,323
2022,2,11320,21,100세 이상,84
2022,2,11350,1,0~4세,11746
2022,2,11350,2,5~9세,17854
2022,2,11350,3,10~14세,23012
2022,2,11350,4,15~19세,26980
2022,2,11350,5,20~24세,36565
2022,2,11350,6,25~29세,34570
2022,2,11350,7,30~34세,31673
2022,2,11350,8,35~39세,31608
2022,2,11350,9,40~44세,37875
2022,2,11350,10,45~49세,42881
2022,2,11350,11,50~54세,47942
2022,2,11350,12,55~59세,39296
2022,2,11350,13,60~64세,40107
2022,2,11350,14,65~69세,31190
2022,2,11350,15,70~74세,21659
2022,2,11350,16,75~79세,16332
2022,2,11350,17,80~84세,12118
2022,2,11350,18,85~89세,6045
2022,2,11350,19,90~94세,2154
2022,2,11350,20,95~99세,465
2022,2,11350,21,100세 이상,90
2022,2,11380,1,0~4세,11376
2022,2,11380,2,5~9세,15747
2022,2,11380,3,10~14세,17635
2022,2,11380,4,15~19세,19549
2022,2,11380,5,20~24세,27858
2022,2,11380,6,25~29세,37459
2022,2,11380,7,30~34세,34558
2022,2,11380,8,35~39세,33194
2022,2,11380,9,40~44세,36665
2022,2,11380,10,45~49세,37555
2022,2,11380,11,50~54세,41932
2022,2,11380,12,55~59세,36609
2022,2,11380,13,60~64세,38182
2022,2,11380,14,65~69세,29629
2022,2,11380,15,70~74세,21929
2022,2,11380,16,75~79세,17263
2022,2,11380,17,80~84세,12446
2022,2,11380,18,85~89세,5675
2022,2,11380,19,90~94세,1721
2022,2,11380,20,95~99세,405
2022,2,11380,21,100세 이상,73
2022,2,11410,1,0~4세,7898
2022,2,11410,2,5~9세,10804
2022,2,11410,3,10~14세,10802
2022,2,11410,4,15~19세,12395
2022,2,11410,5,20~24세,25926
2022,2,11410,6,25~29세,29631
2022,2,11410,7,30~34세,23723
2022,2,11410,8,35~39세,22110
2022,2,11410,9,40~44세,23078
2022,2,11410,10,45~49세,23109
2022,2,11410,11,50~54세,26618
2022,2,11410,12,55~59세,23115
2022,2,11410,13,60~64세,23044
2022,2,11410,14,65~69세,17575
2022,2,11410,15,70~74세,12795
2022,2,11410,16,75~79세,10788
2022,2,11410,17,80~84세,8356
2022,2,11410,18,85~89세,4081
2022,2,11410,19,90~94세,1287
2022,2,11410,20,95~99세,303
2022,2,11410,21,100세 이상,77
2022,2,11440,1,0~4세,9835
2022,2,11440,2,5~9세,13105
2022,2,11440,3,10~14세,13624
2022,2,11440,4,15~19세,14425
2022,2,11440,5,20~24세,27449
2022,2,11440,6,25~29세,38666
2022,2,11440,7,30~34세,34356
2022,2,11440,8,35~39세,30923
2022,2,11440,9,40~44세,30462
2022,2,11440,10,45~49세,29910
2022,2,11440,11,50~54세,31008
2022,2,11440,12,55~59세,25181
2022,2,11440,13,60~64세,23867
2022,2,11440,14,65~69세,17928
2022,2,11440,15,70~74세,12973
2022,2,11440,16,75~79세,10711
2022,2,11440,17,80~84세,8104
2022,2,11440,18,85~89세,4001
2022,2,11440,19,90~94세,1384
2022,2,11440,20,95~99세,304
2022,2,11440,21,100세 이상,74
2022,2,11470,1,0~4세,10144
2022,2,11470,2,5~9세,18266
2022,2,11470,3,10~14세,24401
2022,2,11470,4,15~19세,24536
2022,2,11470,5,20~24세,26715
2022,2,11470,6,25~29세,30028
2022,2,11470,7,30~34세,27337
2022,2,11470,8,35~39세,28346
2022,2,11470,9,40~44세,36443
2022,2,11470,10,45~49세,39598
2022,2,11470,11,50~54세,41697
2022,2,11470,12,55~59세,35087
2022,2,11470,13,60~64세,34504
2022,2,11470,14,65~69세,26665
2022,2,11470,15,70~74세,18257
2022,2,11470,16,75~79세,12068
2022,2,11470,17,80~84세,7918
2022,2,11470,18,85~89세,3916
2022,2,11470,19,90~94세,1422
2022,2,11470,20,95~99세,334
2022,2,11470,21,100세 이상,56
2022,2,11500,1,0~4세,15072
2022,2,11500,2,5~9세,20351
2022,2,11500,3,10~14세,21330
2022,2,11500,4,15~19세,21901
2022,2,11500,5,20~24세,32423
2022,2,11500,6,25~29세,53286
2022,2,11500,7,30~34세,53125
2022,2,11500,8,35~39세,46202
2022,2,11500,9,40~44세,46654
2022,2,11500,10,45~49세,43333
2022,2,11500,11,50~54세,44428
2022,2,11500,12,55~59세,40616
2022,2,11500,13,60~64세,44808
2022,2,11500,14,65~69세,35131
2022,2,11500,15,70~74세,24219
2022,2,11500,16,75~79세,16580
2022,2,11500,17,80~84세,10935
2022,2,11500,18,85~89세,5439
2022,2,11500,19,90~94세,2071
2022,2,11500,20,95~99세,472
2022,2,11500,21,100세 이상,89
2022,2,11530,1,0~4세,11666
2022,2,11530,2,5~9세,14652
2022,2,11530,3,10~14세,14899
2022,2,11530,4,15~19세,14667
2022,2,11530,5,20~24세,22516
2022,2,11530,6,25~29세,32413
2022,2,11530,7,30~34세,33171
2022,2,11530,8,35~39세,31630
2022,2,11530,9,40~44세,32995
2022,2,11530,10,45~49세,31858
2022,2,11530,11,50~54세,35467
2022,2,11530,12,55~59세,34243
2022,2,11530,13,60~64세,34180
2022,2,11530,14,65~69세,26732
2022,2,11530,15,70~74세,19324
2022,2,11530,16,75~79세,13653
2022,2,11530,17,80~84세,9022
2022,2,11530,18,85~89세,3996
2022,2,11530,19,90~94세,1277
2022,2,11530,20,95~99세,298
2022,2,11530,21,100세 이상,50
2022,2,11545,1,0~4세,5512
2022,2,11545,2,5~9세,6585
2022,2,11545,3,10~14세,6739
2022,2,11545,4,15~19세,7489
2022,2,11545,5,20~24세,13643
2022,2,11545,6,25~29세,24491
2022,2,11545,7,30~34세,22072
2022,2,11545,8,35~39세,17500
2022,2,11545,9,40~44세,16780
2022,2,11545,10,45~49세,16992
2022,2,11545,11,50~54세,21392
2022,2,11545,12,55~59세,22261
2022,2,11545,13,60~64세,21545
2022,2,11545,14,65~69세,15224
2022,2,11545,15,70~74세,10770
2022,2,11545,16,75~79세,7807
2022,2,11545,17,80~84세,5217
2022,2,11545,18,85~89세,2269
2022,2,11545,19,90~94세,735
2022,2,11545,20,95~99세,175
2022,2,11545,21,100세 이상,33
2022,2,11560,1,0~4세,11977
2022,2,11560,2,5~9세,13366
2022,2,11560,3,10~14세,12119
2022,2,11560,4,15~19세,12252
2022,2,11560,5,20~24세,21881
2022,2,11560,6,25~29세,38085
2022,2,11560,7,30~34세,39250
2022,2,11560,8,35~39세,33971
2022,2,11560,9,40~44세,30836
2022,2,11560,10,45~49세,28557
2022,2,11560,11,50~54세,32550
2022,2,11560,12,55~59세,31198
2022,2,11560,13,60~64세,29729
2022,2,11560,14,65~69세,21928
2022,2,11560,15,70~74세,16022
2022,2,11560,16,75~79세,11713
2022,2,11560,17,80~84세,8370
2022,2,11560,18,85~89세,4257
2022,2,11560,19,90~94세,1304
2022,2,11560,20,95~99세,308
2022,2,11560,21,100세 이상,49
2022,2,11590,1,0~4세,9583
2022,2,11590,2,5~9세,12928
2022,2,11590,3,10~14세,13002
2022,2,11590,4,15~19세,14373
2022,2,11590,5,20~24세,28903
2022,2,11590,6,25~29세,39673
2022,2,11590,7,30~34세,33573
2022,2,11590,8,35~39세,28714
2022,2,11590,9,40~44세,29381
2022,2,11590,10,45~49세,28534
2022,2,11590,11,50~54세,31573
2022,2,11590,12,55~59세,28147
2022,2,11590,13,60~64세,28831
2022,2,11590,14,65~69세,22443
2022,2,11590,15,70~74세,17098
2022,2,11590,16,75~79세,13114
2022,2,11590,17,80~84세,8990
2022,2,11590,18,85~89세,4276
2022,2,11590,19,90~94세,1425
2022,2,11590,20,95~99세,381
2022,2,11590,21,100세 이상,88
2022,2,11620,1,0~4세,8296
2022,2,11620,2,5~9세,11161
2022,2,11620,3,10~14세,12253
2022,2,11620,4,15~19세,15035
2022,2,11620,5,20~24세,40256
2022,2,11620,6,25~29세,73476
2022,2,11620,7,30~34세,53075
2022,2,11620,8,35~39세,35739
2022,2,11620,9,40~44세,33911
2022,2,11620,10,45~49세,32671
2022,2,11620,11,50~54세,36361
2022,2,11620,12,55~59세,33253
2022,2,11620,13,60~64세,34107
2022,2,11620,14,65~69세,26983
2022,2,11620,15,70~74세,21269
2022,2,11620,16,75~79세,16073
2022,2,11620,17,80~84세,10726
2022,2,11620,18,85~89세,4399
2022,2,11620,19,90~94세,1407
2022,2,11620,20,95~99세,316
2022,2,11620,21,100세 이상,74
2022,2,11650,1,0~4세,11435
2022,2,11650,2,5~9세,19037
2022,2,11650,3,10~14세,23064
2022,2,11650,4,15~19세,21403
2022,2,11650,5,20~24세,23390
2022,2,11650,6,25~29세,28252
2022,2,11650,7,30~34세,28968
2022,2,11650,8,35~39세,29899
2022,2,11650,9,40~44세,36913
2022,2,11650,10,45~49세,37959
2022,2,11650,11,50~54세,36421
2022,2,11650,12,55~59세,26988
2022,2,11650,13,60~64세,26075
2022,2,11650,14,65~69세,21890
2022,2,11650,15,70~74세,15743
2022,2,11650,16,75~79세,11601
2022,2,11650,17,80~84세,7087
2022,2,11650,18,85~89세,3521
2022,2,11650,19,90~94세,1381
2022,2,11650,20,95~99세,385
2022,2,11650,21,100세 이상,103
2022,2,11680,1,0~4세,11961
2022,2,11680,2,5~9세,21707
2022,2,11680,3,10~14세,29967
2022,2,11680,4,15~19세,29472
2022,2,11680,5,20~24세,31433
2022,2,11680,6,25~29세,39662
2022,2,11680,7,30~34세,39275
2022,2,11680,8,35~39세,38631
2022,2,11680,9,40~44세,48056
2022,2,11680,10,45~49세,49999
2022,2,11680,11,50~54세,48137
2022,2,11680,12,55~59세,35268
2022,2,11680,13,60~64세,32807
2022,2,11680,14,65~69세,28731
2022,2,11680,15,70~74세,20971
2022,2,11680,16,75~79세,15062
2022,2,11680,17,80~84세,8978
2022,2,11680,18,85~89세,4244
2022,2,11680,19,90~94세,1762
2022,2,11680,20,95~99세,484
2022,2,11680,21,100세 이상,103
2022,2,11710,1,0~4세,19888
2022,2,11710,2,5~9세,28174
2022,2,11710,3,10~14세,29664
2022,2,11710,4,15~19세,28651
2022,2,11710,5,20~24세,37728
2022,2,11710,6,25~29세,52628
2022,2,11710,7,30~34세,54269
2022,2,11710,8,35~39세,53636
2022,2,11710,9,40~44세,57040
2022,2,11710,10,45~49세,52479
2022,2,11710,11,50~54세,55465
2022,2,11710,12,55~59세,48506
2022,2,11710,13,60~64세,49424
2022,2,11710,14,65~69세,39339
2022,2,11710,15,70~74세,25927
2022,2,11710,16,75~79세,17341
2022,2,11710,17,80~84세,10413
2022,2,11710,18,85~89세,5356
2022,2,11710,19,90~94세,2072
2022,2,11710,20,95~99세,542
2022,2,11710,21,100세 이상,96
2022,2,11740,1,0~4세,14265
2022,2,11740,2,5~9세,19289
2022,2,11740,3,10~14세,20003
2022,2,11740,4,15~19세,18863
2022,2,11740,5,20~24세,25265
2022,2,11740,6,25~29세,34744
2022,2,11740,7,30~34세,35055
2022,2,11740,8,35~39세,35802
2022,2,11740,9,40~44세,39771
2022,2,11740,10,45~49세,35888
2022,2,11740,11,50~54세,37645
2022,2,11740,12,55~59세,34768
2022,2,11740,13,60~64세,37612
2022,2,11740,14,65~69세,29802
2022,2,11740,15,70~74세,19831
2022,2,11740,16,75~79세,13092
2022,2,11740,17,80~84세,8033
2022,2,11740,18,85~89세,3810
2022,2,11740,19,90~94세,1508
2022,2,11740,20,95~99세,371
2022,2,11740,21,100세 이상,79
2022,3,11110,1,0~4세,2721
2022,3,11110,2,5~9세,4180
2022,3,11110,3,10~14세,5025
2022,3,11110,4,15~19세,5704
2022,3,11110,5,20~24세,12952
2022,3,11110,6,25~29세,14617
2022,3,11110,7,30~34세,11295
2022,3,11110,8,35~39세,9541
2022,3,11110,9,40~44세,10530
2022,3,11110,10,45~49세,10798
2022,3,11110,11,50~54세,13235
2022,3,11110,12,55~59세,12059
2022,3,11110,13,60~64세,11555
2022,3,11110,14,65~69세,9012
2022,3,11110,15,70~74세,6253
2022,3,11110,16,75~79세,5237
2022,3,11110,17,80~84세,4268
2022,3,11110,18,85~89세,2088
2022,3,11110,19,90~94세,715
2022,3,11110,20,95~99세,182
2022,3,11110,21,100세 이상,32
2022,3,11140,1,0~4세,3029
2022,3,11140,2,5~9세,3491
2022,3,11140,3,10~14세,3224
2022,3,11140,4,15~19세,3714
2022,3,11140,5,20~24세,8947
2022,3,11140,6,25~29세,12333
2022,3,11140,7,30~34세,11708
2022,3,11140,8,35~39세,10104
2022,3,11140,9,40~44세,9576
2022,3,11140,10,45~49세,8687
2022,3,11140,11,50~54세,10748
2022,3,11140,12,55~59세,10127
2022,3,11140,13,60~64세,10235
2022,3,11140,14,65~69세,8260
2022,3,11140,15,70~74세,5843
2022,3,11140,16,75~79세,4578
2022,3,11140,17,80~84세,3544
2022,3,11140,18,85~89세,1757
2022,3,11140,19,90~94세,674
2022,3,11140,20,95~99세,152
2022,3,11140,21,100세 이상,33
2022,3,11170,1,0~4세,6019
2022,3,11170,2,5~9세,7426
2022,3,11170,3,10~14세,7528
2022,3,11170,4,15~19세,8058
2022,3,11170,5,20~24세,13678
2022,3,11170,6,25~29세,20752
2022,3,11170,7,30~34세,22073
2022,3,11170,8,35~39세,19394
2022,3,11170,9,40~44세,18747
2022,3,11170,10,45~49세,17038
2022,3,11170,11,50~54세,20322
2022,3,11170,12,55~59세,17143
2022,3,11170,13,60~64세,16772
2022,3,11170,14,65~69세,12908
2022,3,11170,15,70~74세,8834
2022,3,11170,16,75~79세,6947
2022,3,11170,17,80~84세,5703
2022,3,11170,18,85~89세,3014
2022,3,11170,19,90~94세,1098
2022,3,11170,20,95~99세,237
2022,3,11170,21,100세 이상,43
2022,3,11200,1,0~4세,8872
2022,3,11200,2,5~9세,9781
2022,3,11200,3,10~14세,8901
2022,3,11200,4,15~19세,10048
2022,3,11200,5,20~24세,19943
2022,3,11200,6,25~29세,25778
2022,3,11200,7,30~34세,23860
2022,3,11200,8,35~39세,23100
2022,3,11200,9,40~44세,22568
2022,3,11200,10,45~49세,20640
2022,3,11200,11,50~54세,24335
2022,3,11200,12,55~59세,21851
2022,3,11200,13,60~64세,21917
2022,3,11200,14,65~69세,16369
2022,3,11200,15,70~74세,11249
2022,3,11200,16,75~79세,8949
2022,3,11200,17,80~84세,6528
2022,3,11200,18,85~89세,3050
2022,3,11200,19,90~94세,954
2022,3,11200,20,95~99세,203
2022,3,11200,21,100세 이상,45
2022,3,11215,1,0~4세,7156
2022,3,11215,2,5~9세,10203
2022,3,11215,3,10~14세,11838
2022,3,11215,4,15~19세,13293
2022,3,11215,5,20~24세,27653
2022,3,11215,6,25~29세,38664
2022,3,11215,7,30~34세,31549
2022,3,11215,8,35~39세,25162
2022,3,11215,9,40~44세,25713
2022,3,11215,10,45~49세,25191
2022,3,11215,11,50~54세,29110
2022,3,11215,12,55~59세,26280
2022,3,11215,13,60~64세,25856
2022,3,11215,14,65~69세,19264
2022,3,11215,15,70~74세,13013
2022,3,11215,16,75~79세,9683
2022,3,11215,17,80~84세,6964
2022,3,11215,18,85~89세,3133
2022,3,11215,19,90~94세,1052
2022,3,11215,20,95~99세,249
2022,3,11215,21,100세 이상,47
2022,3,11230,1,0~4세,8428
2022,3,11230,2,5~9세,10770
2022,3,11230,3,10~14세,10952
2022,3,11230,4,15~19세,12582
2022,3,11230,5,20~24세,32720
2022,3,11230,6,25~29세,34547
2022,3,11230,7,30~34세,26577
2022,3,11230,8,35~39세,24209
2022,3,11230,9,40~44세,25391
2022,3,11230,10,45~49세,23988
2022,3,11230,11,50~54세,27658
2022,3,11230,12,55~59세,25141
2022,3,11230,13,60~64세,26411
2022,3,11230,14,65~69세,21439
2022,3,11230,15,70~74세,15410
2022,3,11230,16,75~79세,12382
2022,3,11230,17,80~84세,8948
2022,3,11230,18,85~89세,4050
2022,3,11230,19,90~94세,1262
2022,3,11230,20,95~99세,261
2022,3,11230,21,100세 이상,55
2022,3,11260,1,0~4세,9394
2022,3,11260,2,5~9세,11560
2022,3,11260,3,10~14세,12046
2022,3,11260,4,15~19세,13188
2022,3,11260,5,20~24세,21720
2022,3,11260,6,25~29세,32491
2022,3,11260,7,30~34세,31417
2022,3,11260,8,35~39세,27506
2022,3,11260,9,40~44세,28624
2022,3,11260,10,45~49세,27124
2022,3,11260,11,50~54세,33923
2022,3,11260,12,55~59세,33114
2022,3,11260,13,60~64세,34891
2022,3,11260,14,65~69세,26712
2022,3,11260,15,70~74세,18408
2022,3,11260,16,75~79세,13599
2022,3,11260,17,80~84세,9526
2022,3,11260,18,85~89세,4156
2022,3,11260,19,90~94세,1359
2022,3,11260,20,95~99세,301
2022,3,11260,21,100세 이상,51
2022,3,11290,1,0~4세,10991
2022,3,11290,2,5~9세,15716
2022,3,11290,3,10~14세,17273
2022,3,11290,4,15~19세,19843
2022,3,11290,5,20~24세,35813
2022,3,11290,6,25~29세,36258
2022,3,11290,7,30~34세,30297
2022,3,11290,8,35~39세,29524
2022,3,11290,9,40~44세,33026
2022,3,11290,10,45~49세,34395
2022,3,11290,11,50~54세,39048
2022,3,11290,12,55~59세,31756
2022,3,11290,13,60~64세,31937
2022,3,11290,14,65~69세,25368
2022,3,11290,15,70~74세,18279
2022,3,11290,16,75~79세,14724
2022,3,11290,17,80~84세,11211
2022,3,11290,18,85~89세,5038
2022,3,11290,19,90~94세,1674
2022,3,11290,20,95~99세,374
2022,3,11290,21,100세 이상,51
2022,3,11305,1,0~4세,5276
2022,3,11305,2,5~9세,7967
2022,3,11305,3,10~14세,9483
2022,3,11305,4,15~19세,10879
2022,3,11305,5,20~24세,18831
2022,3,11305,6,25~29세,22856
2022,3,11305,7,30~34세,19320
2022,3,11305,8,35~39세,17689
2022,3,11305,9,40~44세,20786
2022,3,11305,10,45~49세,22215
2022,3,11305,11,50~54세,26947
2022,3,11305,12,55~59세,24613
2022,3,11305,13,60~64세,26105
2022,3,11305,14,65~69세,21140
2022,3,11305,15,70~74세,16349
2022,3,11305,16,75~79세,13112
2022,3,11305,17,80~84세,9543
2022,3,11305,18,85~89세,3990
2022,3,11305,19,90~94세,1212
2022,3,11305,20,95~99세,264
2022,3,11305,21,100세 이상,45
2022,3,11320,1,0~4세,6399
2022,3,11320,2,5~9세,9554
2022,3,11320,3,10~14세,11185
2022,3,11320,4,15~19세,12602
2022,3,11320,5,20~24세,18347
2022,3,11320,6,25~29세,22177
2022,3,11320,7,30~34세,19859
2022,3,11320,8,35~39세,19126
2022,3,11320,9,40~44세,21979
2022,3,11320,10,45~49세,23215
2022,3,11320,11,50~54세,28784
2022,3,11320,12,55~59세,26640
2022,3,11320,13,60~64세,28764
2022,3,11320,14,65~69세,23009
2022,3,11320,15,70~74세,15864
2022,3,11320,16,75~79세,12157
2022,3,11320,17,80~84세,9269
2022,3,11320,18,85~89세,4186
2022,3,11320,19,90~94세,1406
2022,3,11320,20,95~99세,320
2022,3,11320,21,100세 이상,42
2022,3,11350,1,0~4세,11590
2022,3,11350,2,5~9세,17510
2022,3,11350,3,10~14세,22757
2022,3,11350,4,15~19세,26930
2022,3,11350,5,20~24세,36341
2022,3,11350,6,25~29세,34458
2022,3,11350,7,30~34세,31817
2022,3,11350,8,35~39세,31068
2022,3,11350,9,40~44세,37597
2022,3,11350,10,45~49세,42213
2022,3,11350,11,50~54세,47818
2022,3,11350,12,55~59세,38899
2022,3,11350,13,60~64세,39774
2022,3,11350,14,65~69세,31577
2022,3,11350,15,70~74세,21872
2022,3,11350,16,75~79세,16365
2022,3,11350,17,80~84세,12350
2022,3,11350,18,85~89세,6029
2022,3,11350,19,90~94세,2176
2022,3,11350,20,95~99세,461
2022,3,11350,21,100세 이상,84
2022,3,11380,1,0~4세,11143
2022,3,11380,2,5~9세,15408
2022,3,11380,3,10~14세,17474
2022,3,11380,4,15~19세,19456
2022,3,11380,5,20~24세,27448
2022,3,11380,6,25~29세,37265
2022,3,11380,7,30~34세,34858
2022,3,11380,8,35~39세,32542
2022,3,11380,9,40~44세,36532
2022,3,11380,10,45~49세,36912
2022,3,11380,11,50~54세,41737
2022,3,11380,12,55~59세,36218
2022,3,11380,13,60~64세,37823
2022,3,11380,14,65~69세,29869
2022,3,11380,15,70~74세,21801
2022,3,11380,16,75~79세,17166
2022,3,11380,17,80~84세,12642
2022,3,11380,18,85~89세,5725
2022,3,11380,19,90~94세,1679
2022,3,11380,20,95~99세,374
2022,3,11380,21,100세 이상,52
2022,3,11410,1,0~4세,7890
2022,3,11410,2,5~9세,10764
2022,3,11410,3,10~14세,10875
2022,3,11410,4,15~19세,12497
2022,3,11410,5,20~24세,26004
2022,3,11410,6,25~29세,29531
2022,3,11410,7,30~34세,23971
2022,3,11410,8,35~39세,21965
2022,3,11410,9,40~44세,23172
2022,3,11410,10,45~49세,22743
2022,3,11410,11,50~54세,26599
2022,3,11410,12,55~59세,22895
2022,3,11410,13,60~64세,22849
2022,3,11410,14,65~69세,17731
2022,3,11410,15,70~74세,12772
2022,3,11410,16,75~79세,10727
2022,3,11410,17,80~84세,8503
2022,3,11410,18,85~89세,4053
2022,3,11410,19,90~94세,1287
2022,3,11410,20,95~99세,273
2022,3,11410,21,100세 이상,58
2022,3,11440,1,0~4세,9646
2022,3,11440,2,5~9세,12834
2022,3,11440,3,10~14세,13528
2022,3,11440,4,15~19세,14376
2022,3,11440,5,20~24세,27409
2022,3,11440,6,25~29세,38467
2022,3,11440,7,30~34세,34536
2022,3,11440,8,35~39세,30586
2022,3,11440,9,40~44세,30331
2022,3,11440,10,45~49세,29399
2022,3,11440,11,50~54세,30940
2022,3,11440,12,55~59세,24907
2022,3,11440,13,60~64세,23578
2022,3,11440,14,65~69세,18052
2022,3,11440,15,70~74세,12949
2022,3,11440,16,75~79세,10623
2022,3,11440,17,80~84세,8182
2022,3,11440,18,85~89세,4025
2022,3,11440,19,90~94세,1374
2022,3,11440,20,95~99세,266
2022,3,11440,21,100세 이상,54
2022,3,11470,1,0~4세,9972
2022,3,11470,2,5~9세,17773
2022,3,11470,3,10~14세,24255
2022,3,11470,4,15~19세,24596
2022,3,11470,5,20~24세,26207
2022,3,11470,6,25~29세,29873
2022,3,11470,7,30~34세,27411
2022,3,11470,8,35~39세,27809
2022,3,11470,9,40~44세,36270
2022,3,11470,10,45~49세,39085
2022,3,11470,11,50~54세,41649
2022,3,11470,12,55~59세,34677
2022,3,11470,13,60~64세,34360
2022,3,11470,14,65~69세,26941
2022,3,11470,15,70~74세,18391
2022,3,11470,16,75~79세,12207
2022,3,11470,17,80~84세,8030
2022,3,11470,18,85~89세,3938
2022,3,11470,19,90~94세,1444
2022,3,11470,20,95~99세,333
2022,3,11470,21,100세 이상,49
2022,3,11500,1,0~4세,14809
2022,3,11500,2,5~9세,19893
2022,3,11500,3,10~14세,21254
2022,3,11500,4,15~19세,21911
2022,3,11500,5,20~24세,31715
2022,3,11500,6,25~29세,53021
2022,3,11500,7,30~34세,53637
2022,3,11500,8,35~39세,45655
2022,3,11500,9,40~44세,46511
2022,3,11500,10,45~49세,42860
2022,3,11500,11,50~54세,44417
2022,3,11500,12,55~59세,40037
2022,3,11500,13,60~64세,44257
2022,3,11500,14,65~69세,35481
2022,3,11500,15,70~74세,24417
2022,3,11500,16,75~79세,16683
2022,3,11500,17,80~84세,11163
2022,3,11500,18,85~89세,5467
2022,3,11500,19,90~94세,2067
2022,3,11500,20,95~99세,483
2022,3,11500,21,100세 이상,75
2022,3,11530,1,0~4세,11517
2022,3,11530,2,5~9세,14373
2022,3,11530,3,10~14세,14754
2022,3,11530,4,15~19세,14668
2022,3,11530,5,20~24세,22171
2022,3,11530,6,25~29세,32356
2022,3,11530,7,30~34세,33294
2022,3,11530,8,35~39세,31195
2022,3,11530,9,40~44세,32916
2022,3,11530,10,45~49세,31447
2022,3,11530,11,50~54세,35292
2022,3,11530,12,55~59세,33760
2022,3,11530,13,60~64세,33786
2022,3,11530,14,65~69세,27039
2022,3,11530,15,70~74세,19341
2022,3,11530,16,75~79세,13773
2022,3,11530,17,80~84세,9255
2022,3,11530,18,85~89세,4017
2022,3,11530,19,90~94세,1286
2022,3,11530,20,95~99세,289
2022,3,11530,21,100세 이상,41
2022,3,11545,1,0~4세,5414
2022,3,11545,2,5~9세,6434
2022,3,11545,3,10~14세,6707
2022,3,11545,4,15~19세,7417
2022,3,11545,5,20~24세,13301
2022,3,11545,6,25~29세,24607
2022,3,11545,7,30~34세,22365
2022,3,11545,8,35~39세,17333
2022,3,11545,9,40~44세,16750
2022,3,11545,10,45~49세,16565
2022,3,11545,11,50~54세,21253
2022,3,11545,12,55~59세,21806
2022,3,11545,13,60~64세,21476
2022,3,11545,14,65~69세,15351
2022,3,11545,15,70~74세,10729
2022,3,11545,16,75~79세,7816
2022,3,11545,17,80~84세,5354
2022,3,11545,18,85~89세,2272
2022,3,11545,19,90~94세,731
2022,3,11545,20,95~99세,162
2022,3,11545,21,100세 이상,29
2022,3,11560,1,0~4세,11829
2022,3,11560,2,5~9세,13360
2022,3,11560,3,10~14세,12144
2022,3,11560,4,15~19세,12204
2022,3,11560,5,20~24세,21830
2022,3,11560,6,25~29세,38154
2022,3,11560,7,30~34세,39738
2022,3,11560,8,35~39세,33734
2022,3,11560,9,40~44세,30957
2022,3,11560,10,45~49세,28283
2022,3,11560,11,50~54세,32430
2022,3,11560,12,55~59세,30713
2022,3,11560,13,60~64세,29277
2022,3,11560,14,65~69세,22174
2022,3,11560,15,70~74세,16018
2022,3,11560,16,75~79세,11713
2022,3,11560,17,80~84세,8508
2022,3,11560,18,85~89세,4261
2022,3,11560,19,90~94세,1299
2022,3,11560,20,95~99세,272
2022,3,11560,21,100세 이상,40
2022,3,11590,1,0~4세,9357
2022,3,11590,2,5~9세,12783
2022,3,11590,3,10~14세,12920
2022,3,11590,4,15~19세,14376
2022,3,11590,5,20~24세,28748
2022,3,11590,6,25~29세,39791
2022,3,11590,7,30~34세,33552
2022,3,11590,8,35~39세,28352
2022,3,11590,9,40~44세,29339
2022,3,11590,10,45~49세,28056
2022,3,11590,11,50~54세,31403
2022,3,11590,12,55~59세,27834
2022,3,11590,13,60~64세,28254
2022,3,11590,14,65~69세,22700
2022,3,11590,15,70~74세,16962
2022,3,11590,16,75~79세,13047
2022,3,11590,17,80~84세,9083
2022,3,11590,18,85~89세,4250
2022,3,11590,19,90~94세,1421
2022,3,11590,20,95~99세,333
2022,3,11590,21,100세 이상,67
2022,3,11620,1,0~4세,8157
2022,3,11620,2,5~9세,10949
2022,3,11620,3,10~14세,12085
2022,3,11620,4,15~19세,14972
2022,3,11620,5,20~24세,40345
2022,3,11620,6,25~29세,74711
2022,3,11620,7,30~34세,53747
2022,3,11620,8,35~39세,35390
2022,3,11620,9,40~44세,33814
2022,3,11620,10,45~49세,32111
2022,3,11620,11,50~54세,36161
2022,3,11620,12,55~59세,32812
2022,3,11620,13,60~64세,33783
2022,3,11620,14,65~69세,27202
2022,3,11620,15,70~74세,21279
2022,3,11620,16,75~79세,16045
2022,3,11620,17,80~84세,11027
2022,3,11620,18,85~89세,4440
2022,3,11620,19,90~94세,1370
2022,3,11620,20,95~99세,298
2022,3,11620,21,100세 이상,52
2022,3,11650,1,0~4세,11166
2022,3,11650,2,5~9세,18736
2022,3,11650,3,10~14세,23036
2022,3,11650,4,15~19세,21580
2022,3,11650,5,20~24세,23067
2022,3,11650,6,25~29세,28291
2022,3,11650,7,30~34세,28875
2022,3,11650,8,35~39세,29344
2022,3,11650,9,40~44세,36742
2022,3,11650,10,45~49세,37526
2022,3,11650,11,50~54세,36480
2022,3,11650,12,55~59세,26912
2022,3,11650,13,60~64세,25567
2022,3,11650,14,65~69세,21913
2022,3,11650,15,70~74세,15744
2022,3,11650,16,75~79세,11622
2022,3,11650,17,80~84세,7151
2022,3,11650,18,85~89세,3530
2022,3,11650,19,90~94세,1341
2022,3,11650,20,95~99세,347
2022,3,11650,21,100세 이상,55
2022,3,11680,1,0~4세,11741
2022,3,11680,2,5~9세,21298
2022,3,11680,3,10~14세,30120
2022,3,11680,4,15~19세,30035
2022,3,11680,5,20~24세,31261
2022,3,11680,6,25~29세,39322
2022,3,11680,7,30~34세,39226
2022,3,11680,8,35~39세,38075
2022,3,11680,9,40~44세,47804
2022,3,11680,10,45~49세,49531
2022,3,11680,11,50~54세,48337
2022,3,11680,12,55~59세,35132
2022,3,11680,13,60~64세,32270
2022,3,11680,14,65~69세,28897
2022,3,11680,15,70~74세,21006
2022,3,11680,16,75~79세,15174
2022,3,11680,17,80~84세,9165
2022,3,11680,18,85~89세,4293
2022,3,11680,19,90~94세,1756
2022,3,11680,20,95~99세,463
2022,3,11680,21,100세 이상,82
2022,3,11710,1,0~4세,19422
2022,3,11710,2,5~9세,27774
2022,3,11710,3,10~14세,29602
2022,3,11710,4,15~19세,28785
2022,3,11710,5,20~24세,37052
2022,3,11710,6,25~29세,52301
2022,3,11710,7,30~34세,54530
2022,3,11710,8,35~39세,52971
2022,3,11710,9,40~44세,57177
2022,3,11710,10,45~49세,51797
2022,3,11710,11,50~54세,55350
2022,3,11710,12,55~59세,48033
2022,3,11710,13,60~64세,48950
2022,3,11710,14,65~69세,39743
2022,3,11710,15,70~74세,26241
2022,3,11710,16,75~79세,17498
2022,3,11710,17,80~84세,10627
2022,3,11710,18,85~89세,5350
2022,3,11710,19,90~94세,2061
2022,3,11710,20,95~99세,504
2022,3,11710,21,100세 이상,79
2022,3,11740,1,0~4세,14105
2022,3,11740,2,5~9세,19106
2022,3,11740,3,10~14세,20027
2022,3,11740,4,15~19세,18993
2022,3,11740,5,20~24세,24900
2022,3,11740,6,25~29세,34560
2022,3,11740,7,30~34세,35193
2022,3,11740,8,35~39세,35369
2022,3,11740,9,40~44세,39872
2022,3,11740,10,45~49세,35608
2022,3,11740,11,50~54세,37738
2022,3,11740,12,55~59세,34237
2022,3,11740,13,60~64세,37433
2022,3,11740,14,65~69세,30060
2022,3,11740,15,70~74세,20102
2022,3,11740,16,75~79세,13224
2022,3,11740,17,80~84세,8204
2022,3,11740,18,85~89세,3838
2022,3,11740,19,90~94세,1507
2022,3,11740,20,95~99세,342
2022,3,11740,21,100세 이상,72
2022,4,11110,1,0~4세,2694
2022,4,11110,2,5~9세,4100
2022,4,11110,3,10~14세,4930
2022,4,11110,4,15~19세,5948
2022,4,11110,5,20~24세,13088
2022,4,11110,6,25~29세,14547
2022,4,11110,7,30~34세,11419
2022,4,11110,8,35~39세,9553
2022,4,11110,9,40~44세,10477
2022,4,11110,10,45~49세,10651
2022,4,11110,11,50~54세,13230
2022,4,11110,12,55~59세,11928
2022,4,11110,13,60~64세,11688
2022,4,11110,14,65~69세,9047
2022,4,11110,15,70~74세,6251
2022,4,11110,16,75~79세,5237
2022,4,11110,17,80~84세,4358
2022,4,11110,18,85~89세,2117
2022,4,11110,19,90~94세,729
2022,4,11110,20,95~99세,190
2022,4,11110,21,100세 이상,29
2022,4,11140,1,0~4세,3011
2022,4,11140,2,5~9세,3454
2022,4,11140,3,10~14세,3166
2022,4,11140,4,15~19세,3785
2022,4,11140,5,20~24세,9047
2022,4,11140,6,25~29세,12365
2022,4,11140,7,30~34세,11790
2022,4,11140,8,35~39세,10046
2022,4,11140,9,40~44세,9528
2022,4,11140,10,45~49세,8586
2022,4,11140,11,50~54세,10678
2022,4,11140,12,55~59세,10023
2022,4,11140,13,60~64세,10251
2022,4,11140,14,65~69세,8401
2022,4,11140,15,70~74세,5809
2022,4,11140,16,75~79세,4587
2022,4,11140,17,80~84세,3617
2022,4,11140,18,85~89세,1784
2022,4,11140,19,90~94세,670
2022,4,11140,20,95~99세,157
2022,4,11140,21,100세 이상,30
2022,4,11170,1,0~4세,6019
2022,4,11170,2,5~9세,7252
2022,4,11170,3,10~14세,7421
2022,4,11170,4,15~19세,8056
2022,4,11170,5,20~24세,13547
2022,4,11170,6,25~29세,20648
2022,4,11170,7,30~34세,22474
2022,4,11170,8,35~39세,19168
2022,4,11170,9,40~44세,18662
2022,4,11170,10,45~49세,16873
2022,4,11170,11,50~54세,20230
2022,4,11170,12,55~59세,17050
2022,4,11170,13,60~64세,16847
2022,4,11170,14,65~69세,13093
2022,4,11170,15,70~74세,8778
2022,4,11170,16,75~79세,6935
2022,4,11170,17,80~84세,5776
2022,4,11170,18,85~89세,3080
2022,4,11170,19,90~94세,1097
2022,4,11170,20,95~99세,237
2022,4,11170,21,100세 이상,41
2022,4,11200,1,0~4세,8752
2022,4,11200,2,5~9세,9695
2022,4,11200,3,10~14세,8739
2022,4,11200,4,15~19세,10155
2022,4,11200,5,20~24세,19876
2022,4,11200,6,25~29세,25669
2022,4,11200,7,30~34세,24053
2022,4,11200,8,35~39세,22830
2022,4,11200,9,40~44세,22477
2022,4,11200,10,45~49세,20465
2022,4,11200,11,50~54세,24221
2022,4,11200,12,55~59세,21574
2022,4,11200,13,60~64세,22008
2022,4,11200,14,65~69세,16592
2022,4,11200,15,70~74세,11217
2022,4,11200,16,75~79세,8920
2022,4,11200,17,80~84세,6642
2022,4,11200,18,85~89세,3132
2022,4,11200,19,90~94세,966
2022,4,11200,20,95~99세,201
2022,4,11200,21,100세 이상,50
2022,4,11215,1,0~4세,7052
2022,4,11215,2,5~9세,9992
2022,4,11215,3,10~14세,11717
2022,4,11215,4,15~19세,13653
2022,4,11215,5,20~24세,27763
2022,4,11215,6,25~29세,38607
2022,4,11215,7,30~34세,31972
2022,4,11215,8,35~39세,24930
2022,4,11215,9,40~44세,25443
2022,4,11215,10,45~49세,25031
2022,4,11215,11,50~54세,28987
2022,4,11215,12,55~59세,26158
2022,4,11215,13,60~64세,25876
2022,4,11215,14,65~69세,19565
2022,4,11215,15,70~74세,13086
2022,4,11215,16,75~79세,9725
2022,4,11215,17,80~84세,7125
2022,4,11215,18,85~89세,3223
2022,4,11215,19,90~94세,1051
2022,4,11215,20,95~99세,252
2022,4,11215,21,100세 이상,44
2022,4,11230,1,0~4세,8316
2022,4,11230,2,5~9세,10649
2022,4,11230,3,10~14세,10919
2022,4,11230,4,15~19세,12812
2022,4,11230,5,20~24세,32800
2022,4,11230,6,25~29세,34603
2022,4,11230,7,30~34세,26702
2022,4,11230,8,35~39세,23906
2022,4,11230,9,40~44세,25344
2022,4,11230,10,45~49세,23987
2022,4,11230,11,50~54세,27638
2022,4,11230,12,55~59세,24985
2022,4,11230,13,60~64세,26472
2022,4,11230,14,65~69세,21726
2022,4,11230,15,70~74세,15486
2022,4,11230,16,75~79세,12342
2022,4,11230,17,80~84세,9156
2022,4,11230,18,85~89세,4180
2022,4,11230,19,90~94세,1263
2022,4,11230,20,95~99세,260
2022,4,11230,21,100세 이상,55
2022,4,11260,1,0~4세,9299
2022,4,11260,2,5~9세,11382
2022,4,11260,3,10~14세,11961
2022,4,11260,4,15~19세,13123
2022,4,11260,5,20~24세,21239
2022,4,11260,6,25~29세,32249
2022,4,11260,7,30~34세,31731
2022,4,11260,8,35~39세,27209
2022,4,11260,9,40~44세,28519
2022,4,11260,10,45~49세,26872
2022,4,11260,11,50~54세,33664
2022,4,11260,12,55~59세,32894
2022,4,11260,13,60~64세,35078
2022,4,11260,14,65~69세,27149
2022,4,11260,15,70~74세,18461
2022,4,11260,16,75~79세,13598
2022,4,11260,17,80~84세,9775
2022,4,11260,18,85~89세,4204
2022,4,11260,19,90~94세,1361
2022,4,11260,20,95~99세,321
2022,4,11260,21,100세 이상,51
2022,4,11290,1,0~4세,10791
2022,4,11290,2,5~9세,15385
2022,4,11290,3,10~14세,17141
2022,4,11290,4,15~19세,20073
2022,4,11290,5,20~24세,35788
2022,4,11290,6,25~29세,36193
2022,4,11290,7,30~34세,30421
2022,4,11290,8,35~39세,29039
2022,4,11290,9,40~44세,32835
2022,4,11290,10,45~49세,34017
2022,4,11290,11,50~54세,39172
2022,4,11290,12,55~59세,31727
2022,4,11290,13,60~64세,31927
2022,4,11290,14,65~69세,25759
2022,4,11290,15,70~74세,18327
2022,4,11290,16,75~79세,14640
2022,4,11290,17,80~84세,11450
2022,4,11290,18,85~89세,5162
2022,4,11290,19,90~94세,1713
2022,4,11290,20,95~99세,372
2022,4,11290,21,100세 이상,52
2022,4,11305,1,0~4세,5156
2022,4,11305,2,5~9세,7782
2022,4,11305,3,10~14세,9376
2022,4,11305,4,15~19세,10897
2022,4,11305,5,20~24세,18634
2022,4,11305,6,25~29세,22757
2022,4,11305,7,30~34세,19447
2022,4,11305,8,35~39세,17293
2022,4,11305,9,40~44세,20596
2022,4,11305,10,45~49세,22005
2022,4,11305,11,50~54세,26828
2022,4,11305,12,55~59세,24460
2022,4,11305,13,60~64세,26164
2022,4,11305,14,65~69세,21446
2022,4,11305,15,70~74세,16340
2022,4,11305,16,75~79세,13075
2022,4,11305,17,80~84세,9809
2022,4,11305,18,85~89세,4112
2022,4,11305,19,90~94세,1211
2022,4,11305,20,95~99세,270
2022,4,11305,21,100세 이상,44
2022,4,11320,1,0~4세,6249
2022,4,11320,2,5~9세,9421
2022,4,11320,3,10~14세,11053
2022,4,11320,4,15~19세,12588
2022,4,11320,5,20~24세,18056
2022,4,11320,6,25~29세,22076
2022,4,11320,7,30~34세,20074
2022,4,11320,8,35~39세,18787
2022,4,11320,9,40~44세,21772
2022,4,11320,10,45~49세,22985
2022,4,11320,11,50~54세,28638
2022,4,11320,12,55~59세,26426
2022,4,11320,13,60~64세,28866
2022,4,11320,14,65~69세,23363
2022,4,11320,15,70~74세,15931
2022,4,11320,16,75~79세,12152
2022,4,11320,17,80~84세,9496
2022,4,11320,18,85~89세,4247
2022,4,11320,19,90~94세,1445
2022,4,11320,20,95~99세,322
2022,4,11320,21,100세 이상,42
2022,4,11350,1,0~4세,11322
2022,4,11350,2,5~9세,17108
2022,4,11350,3,10~14세,22498
2022,4,11350,4,15~19세,26859
2022,4,11350,5,20~24세,35659
2022,4,11350,6,25~29세,34239
2022,4,11350,7,30~34세,32155
2022,4,11350,8,35~39세,30576
2022,4,11350,9,40~44세,37200
2022,4,11350,10,45~49세,41785
2022,4,11350,11,50~54세,47871
2022,4,11350,12,55~59세,38851
2022,4,11350,13,60~64세,39851
2022,4,11350,14,65~69세,32075
2022,4,11350,15,70~74세,21973
2022,4,11350,16,75~79세,16419
2022,4,11350,17,80~84세,12635
2022,4,11350,18,85~89세,6171
2022,4,11350,19,90~94세,2207
2022,4,11350,20,95~99세,481
2022,4,11350,21,100세 이상,79
2022,4,11380,1,0~4세,10904
2022,4,11380,2,5~9세,15035
2022,4,11380,3,10~14세,17280
2022,4,11380,4,15~19세,19373
2022,4,11380,5,20~24세,26870
2022,4,11380,6,25~29세,36877
2022,4,11380,7,30~34세,35079
2022,4,11380,8,35~39세,31886
2022,4,11380,9,40~44세,36018
2022,4,11380,10,45~49세,36592
2022,4,11380,11,50~54세,41582
2022,4,11380,12,55~59세,35749
2022,4,11380,13,60~64세,37707
2022,4,11380,14,65~69세,30111
2022,4,11380,15,70~74세,21725
2022,4,11380,16,75~79세,17020
2022,4,11380,17,80~84세,12812
2022,4,11380,18,85~89세,5864
2022,4,11380,19,90~94세,1698
2022,4,11380,20,95~99세,373
2022,4,11380,21,100세 이상,47
2022,4,11410,1,0~4세,7915
2022,4,11410,2,5~9세,10747
2022,4,11410,3,10~14세,10930
2022,4,11410,4,15~19세,12591
2022,4,11410,5,20~24세,26542
2022,4,11410,6,25~29세,29774
2022,4,11410,7,30~34세,24309
2022,4,11410,8,35~39세,21969
2022,4,11410,9,40~44세,23338
2022,4,11410,10,45~49세,22760
2022,4,11410,11,50~54세,26718
2022,4,11410,12,55~59세,22912
2022,4,11410,13,60~64세,23053
2022,4,11410,14,65~69세,18056
2022,4,11410,15,70~74세,12766
2022,4,11410,16,75~79세,10699
2022,4,11410,17,80~84세,8685
2022,4,11410,18,85~89세,4143
2022,4,11410,19,90~94세,1311
2022,4,11410,20,95~99세,283
2022,4,11410,21,100세 이상,53
2022,4,11440,1,0~4세,9475
2022,4,11440,2,5~9세,12590
2022,4,11440,3,10~14세,13426
2022,4,11440,4,15~19세,14571
2022,4,11440,5,20~24세,26955
2022,4,11440,6,25~29세,38272
2022,4,11440,7,30~34세,34894
2022,4,11440,8,35~39세,30323
2022,4,11440,9,40~44세,30215
2022,4,11440,10,45~49세,29203
2022,4,11440,11,50~54세,31090
2022,4,11440,12,55~59세,24872
2022,4,11440,13,60~64세,23785
2022,4,11440,14,65~69세,18252
2022,4,11440,15,70~74세,12952
2022,4,11440,16,75~79세,10546
2022,4,11440,17,80~84세,8363
2022,4,11440,18,85~89세,4070
2022,4,11440,19,90~94세,1401
2022,4,11440,20,95~99세,272
2022,4,11440,21,100세 이상,58
2022,4,11470,1,0~4세,9775
2022,4,11470,2,5~9세,17388
2022,4,11470,3,10~14세,24083
2022,4,11470,4,15~19세,24769
2022,4,11470,5,20~24세,25664
2022,4,11470,6,25~29세,29613
2022,4,11470,7,30~34세,27609
2022,4,11470,8,35~39세,27310
2022,4,11470,9,40~44세,35813
2022,4,11470,10,45~49세,38930
2022,4,11470,11,50~54세,41595
2022,4,11470,12,55~59세,34475
2022,4,11470,13,60~64세,34593
2022,4,11470,14,65~69세,27404
2022,4,11470,15,70~74세,18576
2022,4,11470,16,75~79세,12285
2022,4,11470,17,80~84세,8298
2022,4,11470,18,85~89세,3966
2022,4,11470,19,90~94세,1480
2022,4,11470,20,95~99세,331
2022,4,11470,21,100세 이상,53
2022,4,11500,1,0~4세,14509
2022,4,11500,2,5~9세,19402
2022,4,11500,3,10~14세,21196
2022,4,11500,4,15~19세,22010
2022,4,11500,5,20~24세,31094
2022,4,11500,6,25~29세,52521
2022,4,11500,7,30~34세,54147
2022,4,11500,8,35~39세,44996
2022,4,11500,9,40~44세,46438
2022,4,11500,10,45~49세,42626
2022,4,11500,11,50~54세,44641
2022,4,11500,12,55~59세,39569
2022,4,11500,13,60~64세,44361
2022,4,11500,14,65~69세,36000
2022,4,11500,15,70~74세,24600
2022,4,11500,16,75~79세,16877
2022,4,11500,17,80~84세,11458
2022,4,11500,18,85~89세,5544
2022,4,11500,19,90~94세,2070
2022,4,11500,20,95~99세,502
2022,4,11500,21,100세 이상,77
2022,4,11530,1,0~4세,11663
2022,4,11530,2,5~9세,14137
2022,4,11530,3,10~14세,14639
2022,4,11530,4,15~19세,14705
2022,4,11530,5,20~24세,21918
2022,4,11530,6,25~29세,32620
2022,4,11530,7,30~34세,34409
2022,4,11530,8,35~39세,31450
2022,4,11530,9,40~44세,32892
2022,4,11530,10,45~49세,31309
2022,4,11530,11,50~54세,35435
2022,4,11530,12,55~59세,33597
2022,4,11530,13,60~64세,33754
2022,4,11530,14,65~69세,27304
2022,4,11530,15,70~74세,19432
2022,4,11530,16,75~79세,13889
2022,4,11530,17,80~84세,9511
2022,4,11530,18,85~89세,4095
2022,4,11530,19,90~94세,1328
2022,4,11530,20,95~99세,292
2022,4,11530,21,100세 이상,39
2022,4,11545,1,0~4세,5338
2022,4,11545,2,5~9세,6236
2022,4,11545,3,10~14세,6638
2022,4,11545,4,15~19세,7331
2022,4,11545,5,20~24세,12901
2022,4,11545,6,25~29세,24422
2022,4,11545,7,30~34세,22659
2022,4,11545,8,35~39세,17171
2022,4,11545,9,40~44세,16563
2022,4,11545,10,45~49세,16453
2022,4,11545,11,50~54세,21038
2022,4,11545,12,55~59세,21592
2022,4,11545,13,60~64세,21548
2022,4,11545,14,65~69세,15555
2022,4,11545,15,70~74세,10801
2022,4,11545,16,75~79세,7800
2022,4,11545,17,80~84세,5527
2022,4,11545,18,85~89세,2309
2022,4,11545,19,90~94세,744
2022,4,11545,20,95~99세,159
2022,4,11545,21,100세 이상,33
2022,4,11560,1,0~4세,11676
2022,4,11560,2,5~9세,13177
2022,4,11560,3,10~14세,12105
2022,4,11560,4,15~19세,12218
2022,4,11560,5,20~24세,21440
2022,4,11560,6,25~29세,38130
2022,4,11560,7,30~34세,40142
2022,4,11560,8,35~39세,33362
2022,4,11560,9,40~44세,30892
2022,4,11560,10,45~49세,28089
2022,4,11560,11,50~54세,32350
2022,4,11560,12,55~59세,30393
2022,4,11560,13,60~64세,29301
2022,4,11560,14,65~69세,22330
2022,4,11560,15,70~74세,15997
2022,4,11560,16,75~79세,11776
2022,4,11560,17,80~84세,8724
2022,4,11560,18,85~89세,4317
2022,4,11560,19,90~94세,1339
2022,4,11560,20,95~99세,286
2022,4,11560,21,100세 이상,41
2022,4,11590,1,0~4세,9155
2022,4,11590,2,5~9세,12461
2022,4,11590,3,10~14세,12776
2022,4,11590,4,15~19세,14358
2022,4,11590,5,20~24세,28799
2022,4,11590,6,25~29세,39688
2022,4,11590,7,30~34세,33533
2022,4,11590,8,35~39세,27862
2022,4,11590,9,40~44세,28920
2022,4,11590,10,45~49세,27748
2022,4,11590,11,50~54세,31277
2022,4,11590,12,55~59세,27467
2022,4,11590,13,60~64세,28157
2022,4,11590,14,65~69세,22872
2022,4,11590,15,70~74세,16900
2022,4,11590,16,75~79세,13059
2022,4,11590,17,80~84세,9251
2022,4,11590,18,85~89세,4325
2022,4,11590,19,90~94세,1428
2022,4,11590,20,95~99세,335
2022,4,11590,21,100세 이상,61
2022,4,11620,1,0~4세,8045
2022,4,11620,2,5~9세,10661
2022,4,11620,3,10~14세,11934
2022,4,11620,4,15~19세,14899
2022,4,11620,5,20~24세,39794
2022,4,11620,6,25~29세,75236
2022,4,11620,7,30~34세,54960
2022,4,11620,8,35~39세,35171
2022,4,11620,9,40~44세,33620
2022,4,11620,10,45~49세,31779
2022,4,11620,11,50~54세,36247
2022,4,11620,12,55~59세,32569
2022,4,11620,13,60~64세,33864
2022,4,11620,14,65~69세,27424
2022,4,11620,15,70~74세,21286
2022,4,11620,16,75~79세,15989
2022,4,11620,17,80~84세,11455
2022,4,11620,18,85~89세,4536
2022,4,11620,19,90~94세,1402
2022,4,11620,20,95~99세,302
2022,4,11620,21,100세 이상,53
2022,4,11650,1,0~4세,10993
2022,4,11650,2,5~9세,18345
2022,4,11650,3,10~14세,23049
2022,4,11650,4,15~19세,21798
2022,4,11650,5,20~24세,22806
2022,4,11650,6,25~29세,28073
2022,4,11650,7,30~34세,28905
2022,4,11650,8,35~39세,28894
2022,4,11650,9,40~44세,36386
2022,4,11650,10,45~49세,37603
2022,4,11650,11,50~54세,36644
2022,4,11650,12,55~59세,27010
2022,4,11650,13,60~64세,25598
2022,4,11650,14,65~69세,22066
2022,4,11650,15,70~74세,15839
2022,4,11650,16,75~79세,11742
2022,4,11650,17,80~84세,7305
2022,4,11650,18,85~89세,3641
2022,4,11650,19,90~94세,1345
2022,4,11650,20,95~99세,355
2022,4,11650,21,100세 이상,54
2022,4,11680,1,0~4세,11541
2022,4,11680,2,5~9세,20908
2022,4,11680,3,10~14세,30014
2022,4,11680,4,15~19세,30275
2022,4,11680,5,20~24세,30584
2022,4,11680,6,25~29세,39035
2022,4,11680,7,30~34세,39542
2022,4,11680,8,35~39세,37583
2022,4,11680,9,40~44세,47401
2022,4,11680,10,45~49세,49664
2022,4,11680,11,50~54세,48506
2022,4,11680,12,55~59세,35116
2022,4,11680,13,60~64세,32219
2022,4,11680,14,65~69세,29094
2022,4,11680,15,70~74세,21203
2022,4,11680,16,75~79세,15322
2022,4,11680,17,80~84세,9370
2022,4,11680,18,85~89세,4400
2022,4,11680,19,90~94세,1778
2022,4,11680,20,95~99세,469
2022,4,11680,21,100세 이상,79
2022,4,11710,1,0~4세,19096
2022,4,11710,2,5~9세,27284
2022,4,11710,3,10~14세,29527
2022,4,11710,4,15~19세,28993
2022,4,11710,5,20~24세,36360
2022,4,11710,6,25~29세,52093
2022,4,11710,7,30~34세,54826
2022,4,11710,8,35~39세,52191
2022,4,11710,9,40~44세,56887
2022,4,11710,10,45~49세,51737
2022,4,11710,11,50~54세,55188
2022,4,11710,12,55~59세,47787
2022,4,11710,13,60~64세,48972
2022,4,11710,14,65~69세,40361
2022,4,11710,15,70~74세,26529
2022,4,11710,16,75~79세,17693
2022,4,11710,17,80~84세,10926
2022,4,11710,18,85~89세,5402
2022,4,11710,19,90~94세,2079
2022,4,11710,20,95~99세,500
2022,4,11710,21,100세 이상,83
2022,4,11740,1,0~4세,13978
2022,4,11740,2,5~9세,18774
2022,4,11740,3,10~14세,20061
2022,4,11740,4,15~19세,19155
2022,4,11740,5,20~24세,24473
2022,4,11740,6,25~29세,34262
2022,4,11740,7,30~34세,35429
2022,4,11740,8,35~39세,34903
2022,4,11740,9,40~44세,39738
2022,4,11740,10,45~49세,35650
2022,4,11740,11,50~54세,37672
2022,4,11740,12,55~59세,34002
2022,4,11740,13,60~64세,37600
2022,4,11740,14,65~69세,30372
2022,4,11740,15,70~74세,20346
2022,4,11740,16,75~79세,13373
2022,4,11740,17,80~84세,8457
2022,4,11740,18,85~89세,3860
2022,4,11740,19,90~94세,1519
2022,4,11740,20,95~99세,342
2022,4,11740,21,100세 이상,71
2023,1,11110,1,0~4세,2599
2023,1,11110,2,5~9세,3960
2023,1,11110,3,10~14세,4908
2023,1,11110,4,15~19세,5827
2023,1,11110,5,20~24세,12901
2023,1,11110,6,25~29세,14886
2023,1,11110,7,30~34세,11600
2023,1,11110,8,35~39세,9414
2023,1,11110,9,40~44세,10456
2023,1,11110,10,45~49세,10526
2023,1,11110,11,50~54세,13144
2023,1,11110,12,55~59세,11917
2023,1,11110,13,60~64세,11809
2023,1,11110,14,65~69세,9143
2023,1,11110,15,70~74세,6285
2023,1,11110,16,75~79세,5271
2023,1,11110,17,80~84세,4404
2023,1,11110,18,85~89세,2196
2023,1,11110,19,90~94세,748
2023,1,11110,20,95~99세,184
2023,1,11110,21,100세 이상,34
2023,1,11140,1,0~4세,2950
2023,1,11140,2,5~9세,3363
2023,1,11140,3,10~14세,3167
2023,1,11140,4,15~19세,3742
2023,1,11140,5,20~24세,8701
2023,1,11140,6,25~29세,12703
2023,1,11140,7,30~34세,12060
2023,1,11140,8,35~39세,10060
2023,1,11140,9,40~44세,9731
2023,1,11140,10,45~49세,8552
2023,1,11140,11,50~54세,10655
2023,1,11140,12,55~59세,9993
2023,1,11140,13,60~64세,10360
2023,1,11140,14,65~69세,8538
2023,1,11140,15,70~74세,5841
2023,1,11140,16,75~79세,4591
2023,1,11140,17,80~84세,3693
2023,1,11140,18,85~89세,1811
2023,1,11140,19,90~94세,687
2023,1,11140,20,95~99세,163
2023,1,11140,21,100세 이상,29
2023,1,11170,1,0~4세,5784
2023,1,11170,2,5~9세,7102
2023,1,11170,3,10~14세,7382
2023,1,11170,4,15~19세,8069
2023,1,11170,5,20~24세,13278
2023,1,11170,6,25~29세,20398
2023,1,11170,7,30~34세,22428
2023,1,11170,8,35~39세,18991
2023,1,11170,9,40~44세,18625
2023,1,11170,10,45~49세,16764
2023,1,11170,11,50~54세,20056
2023,1,11170,12,55~59세,17139
2023,1,11170,13,60~64세,16988
2023,1,11170,14,65~69세,13330
2023,1,11170,15,70~74세,8805
2023,1,11170,16,75~79세,6939
2023,1,11170,17,80~84세,5790
2023,1,11170,18,85~89세,3197
2023,1,11170,19,90~94세,1120
2023,1,11170,20,95~99세,245
2023,1,11170,21,100세 이상,52
2023,1,11200,1,0~4세,8482
2023,1,11200,2,5~9세,9486
2023,1,11200,3,10~14세,8680
2023,1,11200,4,15~19세,10237
2023,1,11200,5,20~24세,19523
2023,1,11200,6,25~29세,25633
2023,1,11200,7,30~34세,24005
2023,1,11200,8,35~39세,22552
2023,1,11200,9,40~44세,22503
2023,1,11200,10,45~49세,20140
2023,1,11200,11,50~54세,24109
2023,1,11200,12,55~59세,21634
2023,1,11200,13,60~64세,22018
2023,1,11200,14,65~69세,16791
2023,1,11200,15,70~74세,11271
2023,1,11200,16,75~79세,8928
2023,1,11200,17,80~84세,6746
2023,1,11200,18,85~89세,3234
2023,1,11200,19,90~94세,1002
2023,1,11200,20,95~99세,216
2023,1,11200,21,100세 이상,50
2023,1,11215,1,0~4세,6863
2023,1,11215,2,5~9세,9815
2023,1,11215,3,10~14세,11594
2023,1,11215,4,15~19세,13466
2023,1,11215,5,20~24세,27432
2023,1,11215,6,25~29세,38876
2023,1,11215,7,30~34세,32258
2023,1,11215,8,35~39세,24721
2023,1,11215,9,40~44세,25537
2023,1,11215,10,45~49세,24651
2023,1,11215,11,50~54세,28636
2023,1,11215,12,55~59세,26074
2023,1,11215,13,60~64세,26148
2023,1,11215,14,65~69세,19868
2023,1,11215,15,70~74세,13157
2023,1,11215,16,75~79세,9828
2023,1,11215,17,80~84세,7282
2023,1,11215,18,85~89세,3368
2023,1,11215,19,90~94세,1052
2023,1,11215,20,95~99세,256
2023,1,11215,21,100세 이상,43
2023,1,11230,1,0~4세,8162
2023,1,11230,2,5~9세,10502
2023,1,11230,3,10~14세,10892
2023,1,11230,4,15~19세,12735
2023,1,11230,5,20~24세,32456
2023,1,11230,6,25~29세,35726
2023,1,11230,7,30~34세,27115
2023,1,11230,8,35~39세,23685
2023,1,11230,9,40~44세,25570
2023,1,11230,10,45~49세,23662
2023,1,11230,11,50~54세,27718
2023,1,11230,12,55~59세,25011
2023,1,11230,13,60~64세,26496
2023,1,11230,14,65~69세,21913
2023,1,11230,15,70~74세,15513
2023,1,11230,16,75~79세,12415
2023,1,11230,17,80~84세,9384
2023,1,11230,18,85~89세,4293
2023,1,11230,19,90~94세,1306
2023,1,11230,20,95~99세,274
2023,1,11230,21,100세 이상,56
2023,1,11260,1,0~4세,9149
2023,1,11260,2,5~9세,11264
2023,1,11260,3,10~14세,11875
2023,1,11260,4,15~19세,13072
2023,1,11260,5,20~24세,20963
2023,1,11260,6,25~29세,31926
2023,1,11260,7,30~34세,31958
2023,1,11260,8,35~39세,26953
2023,1,11260,9,40~44세,28776
2023,1,11260,10,45~49세,26475
2023,1,11260,11,50~54세,33322
2023,1,11260,12,55~59세,32867
2023,1,11260,13,60~64세,35212
2023,1,11260,14,65~69세,27688
2023,1,11260,15,70~74세,18602
2023,1,11260,16,75~79세,13715
2023,1,11260,17,80~84세,9975
2023,1,11260,18,85~89세,4354
2023,1,11260,19,90~94세,1394
2023,1,11260,20,95~99세,337
2023,1,11260,21,100세 이상,51
2023,1,11290,1,0~4세,10562
2023,1,11290,2,5~9세,15113
2023,1,11290,3,10~14세,16963
2023,1,11290,4,15~19세,19968
2023,1,11290,5,20~24세,36244
2023,1,11290,6,25~29세,36289
2023,1,11290,7,30~34세,30379
2023,1,11290,8,35~39세,28573
2023,1,11290,9,40~44세,32889
2023,1,11290,10,45~49세,33418
2023,1,11290,11,50~54세,39208
2023,1,11290,12,55~59세,31898
2023,1,11290,13,60~64세,31924
2023,1,11290,14,65~69세,26122
2023,1,11290,15,70~74세,18459
2023,1,11290,16,75~79세,14706
2023,1,11290,17,80~84세,11597
2023,1,11290,18,85~89세,5344
2023,1,11290,19,90~94세,1754
2023,1,11290,20,95~99세,390
2023,1,11290,21,100세 이상,55
2023,1,11305,1,0~4세,5059
2023,1,11305,2,5~9세,7652
2023,1,11305,3,10~14세,9279
2023,1,11305,4,15~19세,10793
2023,1,11305,5,20~24세,18446
2023,1,11305,6,25~29세,22627
2023,1,11305,7,30~34세,19493
2023,1,11305,8,35~39세,17078
2023,1,11305,9,40~44세,20543
2023,1,11305,10,45~49세,21515
2023,1,11305,11,50~54세,26618
2023,1,11305,12,55~59세,24578
2023,1,11305,13,60~64세,26197
2023,1,11305,14,65~69세,21696
2023,1,11305,15,70~74세,16303
2023,1,11305,16,75~79세,13165
2023,1,11305,17,80~84세,10030
2023,1,11305,18,85~89세,4284
2023,1,11305,19,90~94세,1255
2023,1,11305,20,95~99세,277
2023,1,11305,21,100세 이상,46
2023,1,11320,1,0~4세,6043
2023,1,11320,2,5~9세,9179
2023,1,11320,3,10~14세,10947
2023,1,11320,4,15~19세,12373
2023,1,11320,5,20~24세,17768
2023,1,11320,6,25~29세,21817
2023,1,11320,7,30~34세,20168
2023,1,11320,8,35~39세,18522
2023,1,11320,9,40~44세,21769
2023,1,11320,10,45~49세,22495
2023,1,11320,11,50~54세,28425
2023,1,11320,12,55~59세,26416
2023,1,11320,13,60~64세,28822
2023,1,11320,14,65~69세,23786
2023,1,11320,15,70~74세,16045
2023,1,11320,16,75~79세,12299
2023,1,11320,17,80~84세,9724
2023,1,11320,18,85~89세,4392
2023,1,11320,19,90~94세,1484
2023,1,11320,20,95~99세,332
2023,1,11320,21,100세 이상,52
2023,1,11350,1,0~4세,11092
2023,1,11350,2,5~9세,16736
2023,1,11350,3,10~14세,22156
2023,1,11350,4,15~19세,27095
2023,1,11350,5,20~24세,35563
2023,1,11350,6,25~29세,34168
2023,1,11350,7,30~34세,32208
2023,1,11350,8,35~39세,30117
2023,1,11350,9,40~44세,37104
2023,1,11350,10,45~49세,41057
2023,1,11350,11,50~54세,47621
2023,1,11350,12,55~59세,38820
2023,1,11350,13,60~64세,39973
2023,1,11350,14,65~69세,32638
2023,1,11350,15,70~74세,22119
2023,1,11350,16,75~79세,16553
2023,1,11350,17,80~84세,12755
2023,1,11350,18,85~89세,6391
2023,1,11350,19,90~94세,2233
2023,1,11350,20,95~99세,506
2023,1,11350,21,100세 이상,84
2023,1,11380,1,0~4세,10620
2023,1,11380,2,5~9세,14653
2023,1,11380,3,10~14세,17083
2023,1,11380,4,15~19세,19175
2023,1,11380,5,20~24세,26553
2023,1,11380,6,25~29세,36748
2023,1,11380,7,30~34세,35253
2023,1,11380,8,35~39세,31305
2023,1,11380,9,40~44세,35982
2023,1,11380,10,45~49세,35888
2023,1,11380,11,50~54세,41534
2023,1,11380,12,55~59세,35732
2023,1,11380,13,60~64세,37684
2023,1,11380,14,65~69세,30383
2023,1,11380,15,70~74세,21757
2023,1,11380,16,75~79세,17095
2023,1,11380,17,80~84세,13125
2023,1,11380,18,85~89세,6035
2023,1,11380,19,90~94세,1734
2023,1,11380,20,95~99세,377
2023,1,11380,21,100세 이상,50
2023,1,11410,1,0~4세,7870
2023,1,11410,2,5~9세,10823
2023,1,11410,3,10~14세,11001
2023,1,11410,4,15~19세,12337
2023,1,11410,5,20~24세,26764
2023,1,11410,6,25~29세,30216
2023,1,11410,7,30~34세,24718
2023,1,11410,8,35~39세,22060
2023,1,11410,9,40~44세,23667
2023,1,11410,10,45~49세,22634
2023,1,11410,11,50~54세,26813
2023,1,11410,12,55~59세,23051
2023,1,11410,13,60~64세,23227
2023,1,11410,14,65~69세,18383
2023,1,11410,15,70~74세,12836
2023,1,11410,16,75~79세,10738
2023,1,11410,17,80~84세,8857
2023,1,11410,18,85~89세,4285
2023,1,11410,19,90~94세,1331
2023,1,11410,20,95~99세,296
2023,1,11410,21,100세 이상,59
2023,1,11440,1,0~4세,9396
2023,1,11440,2,5~9세,12422
2023,1,11440,3,10~14세,13264
2023,1,11440,4,15~19세,14521
2023,1,11440,5,20~24세,26667
2023,1,11440,6,25~29세,38448
2023,1,11440,7,30~34세,35342
2023,1,11440,8,35~39세,30329
2023,1,11440,9,40~44세,30456
2023,1,11440,10,45~49세,28815
2023,1,11440,11,50~54세,31311
2023,1,11440,12,55~59세,24996
2023,1,11440,13,60~64세,23993
2023,1,11440,14,65~69세,18513
2023,1,11440,15,70~74세,12943
2023,1,11440,16,75~79세,10631
2023,1,11440,17,80~84세,8548
2023,1,11440,18,85~89세,4184
2023,1,11440,19,90~94세,1429
2023,1,11440,20,95~99세,268
2023,1,11440,21,100세 이상,66
2023,1,11470,1,0~4세,9542
2023,1,11470,2,5~9세,17128
2023,1,11470,3,10~14세,23859
2023,1,11470,4,15~19세,24519
2023,1,11470,5,20~24세,25171
2023,1,11470,6,25~29세,29261
2023,1,11470,7,30~34세,27662
2023,1,11470,8,35~39세,26838
2023,1,11470,9,40~44세,35997
2023,1,11470,10,45~49세,38399
2023,1,11470,11,50~54세,41265
2023,1,11470,12,55~59세,34422
2023,1,11470,13,60~64세,34760
2023,1,11470,14,65~69세,27801
2023,1,11470,15,70~74세,18750
2023,1,11470,16,75~79세,12513
2023,1,11470,17,80~84세,8482
2023,1,11470,18,85~89세,4067
2023,1,11470,19,90~94세,1520
2023,1,11470,20,95~99세,330
2023,1,11470,21,100세 이상,59
2023,1,11500,1,0~4세,14208
2023,1,11500,2,5~9세,18994
2023,1,11500,3,10~14세,21000
2023,1,11500,4,15~19세,21989
2023,1,11500,5,20~24세,30829
2023,1,11500,6,25~29세,51793
2023,1,11500,7,30~34세,54346
2023,1,11500,8,35~39세,44491
2023,1,11500,9,40~44세,46644
2023,1,11500,10,45~49세,42173
2023,1,11500,11,50~54세,44814
2023,1,11500,12,55~59세,39420
2023,1,11500,13,60~64세,44351
2023,1,11500,14,65~69세,36442
2023,1,11500,15,70~74세,24937
2023,1,11500,16,75~79세,17190
2023,1,11500,17,80~84세,11739
2023,1,11500,18,85~89세,5639
2023,1,11500,19,90~94세,2127
2023,1,11500,20,95~99세,509
2023,1,11500,21,100세 이상,76
2023,1,11530,1,0~4세,11278
2023,1,11530,2,5~9세,13883
2023,1,11530,3,10~14세,14654
2023,1,11530,4,15~19세,14745
2023,1,11530,5,20~24세,21613
2023,1,11530,6,25~29세,32221
2023,1,11530,7,30~34세,34346
2023,1,11530,8,35~39세,31076
2023,1,11530,9,40~44세,32932
2023,1,11530,10,45~49세,30936
2023,1,11530,11,50~54세,35342
2023,1,11530,12,55~59세,33117
2023,1,11530,13,60~64세,34581
2023,1,11530,14,65~69세,27746
2023,1,11530,15,70~74세,19693
2023,1,11530,16,75~79세,14109
2023,1,11530,17,80~84세,9733
2023,1,11530,18,85~89세,4261
2023,1,11530,19,90~94세,1360
2023,1,11530,20,95~99세,309
2023,1,11530,21,100세 이상,48
2023,1,11545,1,0~4세,5159
2023,1,11545,2,5~9세,6148
2023,1,11545,3,10~14세,6562
2023,1,11545,4,15~19세,7212
2023,1,11545,5,20~24세,12631
2023,1,11545,6,25~29세,24220
2023,1,11545,7,30~34세,22809
2023,1,11545,8,35~39세,17131
2023,1,11545,9,40~44세,16581
2023,1,11545,10,45~49세,16081
2023,1,11545,11,50~54세,20827
2023,1,11545,12,55~59세,21293
2023,1,11545,13,60~64세,22041
2023,1,11545,14,65~69세,15912
2023,1,11545,15,70~74세,10918
2023,1,11545,16,75~79세,7923
2023,1,11545,17,80~84세,5653
2023,1,11545,18,85~89세,2394
2023,1,11545,19,90~94세,772
2023,1,11545,20,95~99세,169
2023,1,11545,21,100세 이상,31
2023,1,11560,1,0~4세,11354
2023,1,11560,2,5~9세,13032
2023,1,11560,3,10~14세,11991
2023,1,11560,4,15~19세,12295
2023,1,11560,5,20~24세,21410
2023,1,11560,6,25~29세,38403
2023,1,11560,7,30~34세,40469
2023,1,11560,8,35~39세,33310
2023,1,11560,9,40~44세,31070
2023,1,11560,10,45~49세,27695
2023,1,11560,11,50~54세,32127
2023,1,11560,12,55~59세,29894
2023,1,11560,13,60~64세,29935
2023,1,11560,14,65~69세,22874
2023,1,11560,15,70~74세,16088
2023,1,11560,16,75~79세,11947
2023,1,11560,17,80~84세,8898
2023,1,11560,18,85~89세,4468
2023,1,11560,19,90~94세,1385
2023,1,11560,20,95~99세,304
2023,1,11560,21,100세 이상,50
2023,1,11590,1,0~4세,8979
2023,1,11590,2,5~9세,12247
2023,1,11590,3,10~14세,12746
2023,1,11590,4,15~19세,14301
2023,1,11590,5,20~24세,28921
2023,1,11590,6,25~29세,39968
2023,1,11590,7,30~34세,33675
2023,1,11590,8,35~39세,27466
2023,1,11590,9,40~44세,29115
2023,1,11590,10,45~49세,27465
2023,1,11590,11,50~54세,31136
2023,1,11590,12,55~59세,27320
2023,1,11590,13,60~64세,28272
2023,1,11590,14,65~69세,23005
2023,1,11590,15,70~74세,16904
2023,1,11590,16,75~79세,13121
2023,1,11590,17,80~84세,9416
2023,1,11590,18,85~89세,4439
2023,1,11590,19,90~94세,1461
2023,1,11590,20,95~99세,356
2023,1,11590,21,100세 이상,64
2023,1,11620,1,0~4세,7821
2023,1,11620,2,5~9세,10314
2023,1,11620,3,10~14세,11769
2023,1,11620,4,15~19세,15166
2023,1,11620,5,20~24세,39833
2023,1,11620,6,25~29세,75801
2023,1,11620,7,30~34세,55785
2023,1,11620,8,35~39세,35001
2023,1,11620,9,40~44세,33569
2023,1,11620,10,45~49세,31346
2023,1,11620,11,50~54세,36150
2023,1,11620,12,55~59세,32422
2023,1,11620,13,60~64세,34231
2023,1,11620,14,65~69세,27789
2023,1,11620,15,70~74세,21238
2023,1,11620,16,75~79세,16133
2023,1,11620,17,80~84세,11718
2023,1,11620,18,85~89세,4747
2023,1,11620,19,90~94세,1429
2023,1,11620,20,95~99세,307
2023,1,11620,21,100세 이상,59
2023,1,11650,1,0~4세,10767
2023,1,11650,2,5~9세,18075
2023,1,11650,3,10~14세,22996
2023,1,11650,4,15~19세,21953
2023,1,11650,5,20~24세,22576
2023,1,11650,6,25~29세,28090
2023,1,11650,7,30~34세,29022
2023,1,11650,8,35~39세,28659
2023,1,11650,9,40~44세,36447
2023,1,11650,10,45~49세,37263
2023,1,11650,11,50~54세,36948
2023,1,11650,12,55~59세,27250
2023,1,11650,13,60~64세,25605
2023,1,11650,14,65~69세,22305
2023,1,11650,15,70~74세,15955
2023,1,11650,16,75~79세,11990
2023,1,11650,17,80~84세,7570
2023,1,11650,18,85~89세,3726
2023,1,11650,19,90~94세,1367
2023,1,11650,20,95~99세,356
2023,1,11650,21,100세 이상,59
2023,1,11680,1,0~4세,11610
2023,1,11680,2,5~9세,20995
2023,1,11680,3,10~14세,30420
2023,1,11680,4,15~19세,30228
2023,1,11680,5,20~24세,29865
2023,1,11680,6,25~29세,39269
2023,1,11680,7,30~34세,40160
2023,1,11680,8,35~39세,37757
2023,1,11680,9,40~44세,48260
2023,1,11680,10,45~49세,49759
2023,1,11680,11,50~54세,48813
2023,1,11680,12,55~59세,35290
2023,1,11680,13,60~64세,32294
2023,1,11680,14,65~69세,29440
2023,1,11680,15,70~74세,21468
2023,1,11680,16,75~79세,15735
2023,1,11680,17,80~84세,9529
2023,1,11680,18,85~89세,4595
2023,1,11680,19,90~94세,1773
2023,1,11680,20,95~99세,472
2023,1,11680,21,100세 이상,85
2023,1,11710,1,0~4세,18722
2023,1,11710,2,5~9세,26892
2023,1,11710,3,10~14세,29439
2023,1,11710,4,15~19세,28826
2023,1,11710,5,20~24세,35833
2023,1,11710,6,25~29세,51794
2023,1,11710,7,30~34세,55161
2023,1,11710,8,35~39세,51560
2023,1,11710,9,40~44세,57347
2023,1,11710,10,45~49세,51130
2023,1,11710,11,50~54세,54940
2023,1,11710,12,55~59세,47667
2023,1,11710,13,60~64세,49232
2023,1,11710,14,65~69세,40763
2023,1,11710,15,70~74세,26929
2023,1,11710,16,75~79세,18022
2023,1,11710,17,80~84세,11177
2023,1,11710,18,85~89세,5542
2023,1,11710,19,90~94세,2136
2023,1,11710,20,95~99세,499
2023,1,11710,21,100세 이상,93
2023,1,11740,1,0~4세,13721
2023,1,11740,2,5~9세,18584
2023,1,11740,3,10~14세,20133
2023,1,11740,4,15~19세,19173
2023,1,11740,5,20~24세,23872
2023,1,11740,6,25~29세,34222
2023,1,11740,7,30~34세,35473
2023,1,11740,8,35~39세,34461
2023,1,11740,9,40~44세,40087
2023,1,11740,10,45~49세,35521
2023,1,11740,11,50~54세,37546
2023,1,11740,12,55~59세,33881
2023,1,11740,13,60~64세,37647
2023,1,11740,14,65~69세,30876
2023,1,11740,15,70~74세,20452
2023,1,11740,16,75~79세,13788
2023,1,11740,17,80~84세,8635
2023,1,11740,18,85~89세,4009
2023,1,11740,19,90~94세,1521
2023,1,11740,20,95~99세,350
2023,1,11740,21,100세 이상,75
2023,2,11110,1,0~4세,2570
2023,2,11110,2,5~9세,3916
2023,2,11110,3,10~14세,4838
2023,2,11110,4,15~19세,5749
2023,2,11110,5,20~24세,12719
2023,2,11110,6,25~29세,14670
2023,2,11110,7,30~34세,11676
2023,2,11110,8,35~39세,9347
2023,2,11110,9,40~44세,10407
2023,2,11110,10,45~49세,10281
2023,2,11110,11,50~54세,13172
2023,2,11110,12,55~59세,11781
2023,2,11110,13,60~64세,11840
2023,2,11110,14,65~69세,9219
2023,2,11110,15,70~74세,6251
2023,2,11110,16,75~79세,5295
2023,2,11110,17,80~84세,4392
2023,2,11110,18,85~89세,2251
2023,2,11110,19,90~94세,745
2023,2,11110,20,95~99세,194
2023,2,11110,21,100세 이상,36
2023,2,11140,1,0~4세,2957
2023,2,11140,2,5~9세,3360
2023,2,11140,3,10~14세,3150
2023,2,11140,4,15~19세,3693
2023,2,11140,5,20~24세,8716
2023,2,11140,6,25~29세,12762
2023,2,11140,7,30~34세,12381
2023,2,11140,8,35~39세,10142
2023,2,11140,9,40~44세,9799
2023,2,11140,10,45~49세,8518
2023,2,11140,11,50~54세,10655
2023,2,11140,12,55~59세,9953
2023,2,11140,13,60~64세,10422
2023,2,11140,14,65~69세,8566
2023,2,11140,15,70~74세,5865
2023,2,11140,16,75~79세,4702
2023,2,11140,17,80~84세,3710
2023,2,11140,18,85~89세,1816
2023,2,11140,19,90~94세,688
2023,2,11140,20,95~99세,169
2023,2,11140,21,100세 이상,30
2023,2,11170,1,0~4세,5727
2023,2,11170,2,5~9세,7015
2023,2,11170,3,10~14세,7327
2023,2,11170,4,15~19세,8014
2023,2,11170,5,20~24세,13053
2023,2,11170,6,25~29세,20387
2023,2,11170,7,30~34세,22663
2023,2,11170,8,35~39세,18973
2023,2,11170,9,40~44세,18691
2023,2,11170,10,45~49세,16482
2023,2,11170,11,50~54세,19996
2023,2,11170,12,55~59세,16970
2023,2,11170,13,60~64세,17054
2023,2,11170,14,65~69세,13420
2023,2,11170,15,70~74세,8860
2023,2,11170,16,75~79세,7009
2023,2,11170,17,80~84세,5765
2023,2,11170,18,85~89세,3228
2023,2,11170,19,90~94세,1127
2023,2,11170,20,95~99세,247
2023,2,11170,21,100세 이상,61
2023,2,11200,1,0~4세,8278
2023,2,11200,2,5~9세,9372
2023,2,11200,3,10~14세,8611
2023,2,11200,4,15~19세,10178
2023,2,11200,5,20~24세,19331
2023,2,11200,6,25~29세,25681
2023,2,11200,7,30~34세,24321
2023,2,11200,8,35~39세,22452
2023,2,11200,9,40~44세,22512
2023,2,11200,10,45~49세,19765
2023,2,11200,11,50~54세,24041
2023,2,11200,12,55~59세,21490
2023,2,11200,13,60~64세,22018
2023,2,11200,14,65~69세,16823
2023,2,11200,15,70~74세,11338
2023,2,11200,16,75~79세,8948
2023,2,11200,17,80~84세,6837
2023,2,11200,18,85~89세,3290
2023,2,11200,19,90~94세,1007
2023,2,11200,20,95~99세,221
2023,2,11200,21,100세 이상,50
2023,2,11215,1,0~4세,6713
2023,2,11215,2,5~9세,9610
2023,2,11215,3,10~14세,11572
2023,2,11215,4,15~19세,13394
2023,2,11215,5,20~24세,27383
2023,2,11215,6,25~29세,38875
2023,2,11215,7,30~34세,32750
2023,2,11215,8,35~39세,24466
2023,2,11215,9,40~44세,25670
2023,2,11215,10,45~49세,24186
2023,2,11215,11,50~54세,28701
2023,2,11215,12,55~59세,25876
2023,2,11215,13,60~64세,26206
2023,2,11215,14,65~69세,20051
2023,2,11215,15,70~74세,13253
2023,2,11215,16,75~79세,9980
2023,2,11215,17,80~84세,7318
2023,2,11215,18,85~89세,3432
2023,2,11215,19,90~94세,1079
2023,2,11215,20,95~99세,261
2023,2,11215,21,100세 이상,44
2023,2,11230,1,0~4세,8138
2023,2,11230,2,5~9세,10428
2023,2,11230,3,10~14세,10883
2023,2,11230,4,15~19세,12662
2023,2,11230,5,20~24세,32378
2023,2,11230,6,25~29세,35920
2023,2,11230,7,30~34세,27461
2023,2,11230,8,35~39세,23632
2023,2,11230,9,40~44세,25641
2023,2,11230,10,45~49세,23423
2023,2,11230,11,50~54세,27940
2023,2,11230,12,55~59세,24872
2023,2,11230,13,60~64세,26632
2023,2,11230,14,65~69세,22094
2023,2,11230,15,70~74세,15596
2023,2,11230,16,75~79세,12467
2023,2,11230,17,80~84세,9479
2023,2,11230,18,85~89세,4337
2023,2,11230,19,90~94세,1349
2023,2,11230,20,95~99세,279
2023,2,11230,21,100세 이상,56
2023,2,11260,1,0~4세,9031
2023,2,11260,2,5~9세,11096
2023,2,11260,3,10~14세,11881
2023,2,11260,4,15~19세,12893
2023,2,11260,5,20~24세,20663
2023,2,11260,6,25~29세,31838
2023,2,11260,7,30~34세,32222
2023,2,11260,8,35~39세,26690
2023,2,11260,9,40~44세,28739
2023,2,11260,10,45~49세,26055
2023,2,11260,11,50~54세,33266
2023,2,11260,12,55~59세,32573
2023,2,11260,13,60~64세,35401
2023,2,11260,14,65~69세,27907
2023,2,11260,15,70~74세,18796
2023,2,11260,16,75~79세,13908
2023,2,11260,17,80~84세,10070
2023,2,11260,18,85~89세,4463
2023,2,11260,19,90~94세,1429
2023,2,11260,20,95~99세,336
2023,2,11260,21,100세 이상,59
2023,2,11290,1,0~4세,10368
2023,2,11290,2,5~9세,14924
2023,2,11290,3,10~14세,16936
2023,2,11290,4,15~19세,19779
2023,2,11290,5,20~24세,36008
2023,2,11290,6,25~29세,36228
2023,2,11290,7,30~34세,30545
2023,2,11290,8,35~39세,28261
2023,2,11290,9,40~44세,33030
2023,2,11290,10,45~49세,32696
2023,2,11290,11,50~54세,39420
2023,2,11290,12,55~59세,31856
2023,2,11290,13,60~64세,32042
2023,2,11290,14,65~69세,26316
2023,2,11290,15,70~74세,18481
2023,2,11290,16,75~79세,14834
2023,2,11290,17,80~84세,11716
2023,2,11290,18,85~89세,5393
2023,2,11290,19,90~94세,1754
2023,2,11290,20,95~99세,416
2023,2,11290,21,100세 이상,62
2023,2,11305,1,0~4세,4924
2023,2,11305,2,5~9세,7457
2023,2,11305,3,10~14세,9265
2023,2,11305,4,15~19세,10640
2023,2,11305,5,20~24세,18281
2023,2,11305,6,25~29세,22535
2023,2,11305,7,30~34세,19588
2023,2,11305,8,35~39세,16818
2023,2,11305,9,40~44세,20415
2023,2,11305,10,45~49세,20988
2023,2,11305,11,50~54세,26655
2023,2,11305,12,55~59세,24370
2023,2,11305,13,60~64세,26271
2023,2,11305,14,65~69세,21832
2023,2,11305,15,70~74세,16308
2023,2,11305,16,75~79세,13297
2023,2,11305,17,80~84세,10121
2023,2,11305,18,85~89세,4399
2023,2,11305,19,90~94세,1278
2023,2,11305,20,95~99세,276
2023,2,11305,21,100세 이상,55
2023,2,11320,1,0~4세,5885
2023,2,11320,2,5~9세,9039
2023,2,11320,3,10~14세,10849
2023,2,11320,4,15~19세,12167
2023,2,11320,5,20~24세,17482
2023,2,11320,6,25~29세,21561
2023,2,11320,7,30~34세,20346
2023,2,11320,8,35~39세,18274
2023,2,11320,9,40~44세,21746
2023,2,11320,10,45~49세,21946
2023,2,11320,11,50~54세,28381
2023,2,11320,12,55~59세,26219
2023,2,11320,13,60~64세,28809
2023,2,11320,14,65~69세,23991
2023,2,11320,15,70~74세,16064
2023,2,11320,16,75~79세,12490
2023,2,11320,17,80~84세,9777
2023,2,11320,18,85~89세,4468
2023,2,11320,19,90~94세,1504
2023,2,11320,20,95~99세,323
2023,2,11320,21,100세 이상,65
2023,2,11350,1,0~4세,10906
2023,2,11350,2,5~9세,16402
2023,2,11350,3,10~14세,21783
2023,2,11350,4,15~19세,26611
2023,2,11350,5,20~24세,35115
2023,2,11350,6,25~29세,34189
2023,2,11350,7,30~34세,32366
2023,2,11350,8,35~39세,29740
2023,2,11350,9,40~44세,36917
2023,2,11350,10,45~49세,40203
2023,2,11350,11,50~54세,47582
2023,2,11350,12,55~59세,38719
2023,2,11350,13,60~64세,40006
2023,2,11350,14,65~69세,32921
2023,2,11350,15,70~74세,22308
2023,2,11350,16,75~79세,16754
2023,2,11350,17,80~84세,12786
2023,2,11350,18,85~89세,6472
2023,2,11350,19,90~94세,2257
2023,2,11350,20,95~99세,521
2023,2,11350,21,100세 이상,83
2023,2,11380,1,0~4세,10356
2023,2,11380,2,5~9세,14430
2023,2,11380,3,10~14세,16968
2023,2,11380,4,15~19세,18935
2023,2,11380,5,20~24세,26176
2023,2,11380,6,25~29세,36531
2023,2,11380,7,30~34세,35490
2023,2,11380,8,35~39세,30875
2023,2,11380,9,40~44세,36023
2023,2,11380,10,45~49세,35148
2023,2,11380,11,50~54세,41661
2023,2,11380,12,55~59세,35528
2023,2,11380,13,60~64세,37779
2023,2,11380,14,65~69세,30676
2023,2,11380,15,70~74세,21894
2023,2,11380,16,75~79세,17287
2023,2,11380,17,80~84세,13254
2023,2,11380,18,85~89세,6085
2023,2,11380,19,90~94세,1765
2023,2,11380,20,95~99세,375
2023,2,11380,21,100세 이상,59
2023,2,11410,1,0~4세,7711
2023,2,11410,2,5~9세,10747
2023,2,11410,3,10~14세,10915
2023,2,11410,4,15~19세,12258
2023,2,11410,5,20~24세,26524
2023,2,11410,6,25~29세,30369
2023,2,11410,7,30~34세,25076
2023,2,11410,8,35~39세,21880
2023,2,11410,9,40~44세,23735
2023,2,11410,10,45~49세,22278
2023,2,11410,11,50~54세,26866
2023,2,11410,12,55~59세,22917
2023,2,11410,13,60~64세,23271
2023,2,11410,14,65~69세,18507
2023,2,11410,15,70~74세,12994
2023,2,11410,16,75~79세,10763
2023,2,11410,17,80~84세,8852
2023,2,11410,18,85~89세,4353
2023,2,11410,19,90~94세,1358
2023,2,11410,20,95~99세,292
2023,2,11410,21,100세 이상,60
2023,2,11440,1,0~4세,9195
2023,2,11440,2,5~9세,12383
2023,2,11440,3,10~14세,13123
2023,2,11440,4,15~19세,14433
2023,2,11440,5,20~24세,26417
2023,2,11440,6,25~29세,38409
2023,2,11440,7,30~34세,35739
2023,2,11440,8,35~39세,30149
2023,2,11440,9,40~44세,30554
2023,2,11440,10,45~49세,28363
2023,2,11440,11,50~54세,31573
2023,2,11440,12,55~59세,24853
2023,2,11440,13,60~64세,24130
2023,2,11440,14,65~69세,18619
2023,2,11440,15,70~74세,12966
2023,2,11440,16,75~79세,10730
2023,2,11440,17,80~84세,8601
2023,2,11440,18,85~89세,4257
2023,2,11440,19,90~94세,1445
2023,2,11440,20,95~99세,287
2023,2,11440,21,100세 이상,59
2023,2,11470,1,0~4세,9349
2023,2,11470,2,5~9세,16936
2023,2,11470,3,10~14세,23620
2023,2,11470,4,15~19세,24399
2023,2,11470,5,20~24세,24970
2023,2,11470,6,25~29세,29035
2023,2,11470,7,30~34세,27950
2023,2,11470,8,35~39세,26596
2023,2,11470,9,40~44세,35927
2023,2,11470,10,45~49세,37916
2023,2,11470,11,50~54세,41416
2023,2,11470,12,55~59세,34210
2023,2,11470,13,60~64세,34807
2023,2,11470,14,65~69세,28023
2023,2,11470,15,70~74세,18953
2023,2,11470,16,75~79세,12797
2023,2,11470,17,80~84세,8546
2023,2,11470,18,85~89세,4129
2023,2,11470,19,90~94세,1533
2023,2,11470,20,95~99세,341
2023,2,11470,21,100세 이상,64
2023,2,11500,1,0~4세,13997
2023,2,11500,2,5~9세,18713
2023,2,11500,3,10~14세,20824
2023,2,11500,4,15~19세,21730
2023,2,11500,5,20~24세,30547
2023,2,11500,6,25~29세,51467
2023,2,11500,7,30~34세,54803
2023,2,11500,8,35~39세,44026
2023,2,11500,9,40~44세,46663
2023,2,11500,10,45~49세,41509
2023,2,11500,11,50~54세,45080
2023,2,11500,12,55~59세,39099
2023,2,11500,13,60~64세,44234
2023,2,11500,14,65~69세,36805
2023,2,11500,15,70~74세,25137
2023,2,11500,16,75~79세,17503
2023,2,11500,17,80~84세,11811
2023,2,11500,18,85~89세,5712
2023,2,11500,19,90~94세,2131
2023,2,11500,20,95~99세,509
2023,2,11500,21,100세 이상,82
2023,2,11530,1,0~4세,11082
2023,2,11530,2,5~9세,13694
2023,2,11530,3,10~14세,14637
2023,2,11530,4,15~19세,14622
2023,2,11530,5,20~24세,21481
2023,2,11530,6,25~29세,32077
2023,2,11530,7,30~34세,34507
2023,2,11530,8,35~39세,30938
2023,2,11530,9,40~44세,33000
2023,2,11530,10,45~49세,30524
2023,2,11530,11,50~54세,35544
2023,2,11530,12,55~59세,33017
2023,2,11530,13,60~64세,34501
2023,2,11530,14,65~69세,27987
2023,2,11530,15,70~74세,19914
2023,2,11530,16,75~79세,14279
2023,2,11530,17,80~84세,9871
2023,2,11530,18,85~89세,4377
2023,2,11530,19,90~94세,1367
2023,2,11530,20,95~99세,303
2023,2,11530,21,100세 이상,52
2023,2,11545,1,0~4세,5073
2023,2,11545,2,5~9세,6095
2023,2,11545,3,10~14세,6485
2023,2,11545,4,15~19세,7128
2023,2,11545,5,20~24세,12422
2023,2,11545,6,25~29세,24343
2023,2,11545,7,30~34세,23231
2023,2,11545,8,35~39세,17018
2023,2,11545,9,40~44세,16703
2023,2,11545,10,45~49세,15801
2023,2,11545,11,50~54세,20772
2023,2,11545,12,55~59세,21175
2023,2,11545,13,60~64세,22079
2023,2,11545,14,65~69세,16112
2023,2,11545,15,70~74세,10938
2023,2,11545,16,75~79세,8063
2023,2,11545,17,80~84세,5702
2023,2,11545,18,85~89세,2434
2023,2,11545,19,90~94세,791
2023,2,11545,20,95~99세,167
2023,2,11545,21,100세 이상,35
2023,2,11560,1,0~4세,11255
2023,2,11560,2,5~9세,12891
2023,2,11560,3,10~14세,11978
2023,2,11560,4,15~19세,12231
2023,2,11560,5,20~24세,21107
2023,2,11560,6,25~29세,38564
2023,2,11560,7,30~34세,40959
2023,2,11560,8,35~39세,33236
2023,2,11560,9,40~44세,31178
2023,2,11560,10,45~49세,27244
2023,2,11560,11,50~54세,32297
2023,2,11560,12,55~59세,29727
2023,2,11560,13,60~64세,29813
2023,2,11560,14,65~69세,22951
2023,2,11560,15,70~74세,16116
2023,2,11560,16,75~79세,12042
2023,2,11560,17,80~84세,8963
2023,2,11560,18,85~89세,4488
2023,2,11560,19,90~94세,1440
2023,2,11560,20,95~99세,303
2023,2,11560,21,100세 이상,59
2023,2,11590,1,0~4세,8920
2023,2,11590,2,5~9세,12158
2023,2,11590,3,10~14세,12766
2023,2,11590,4,15~19세,14235
2023,2,11590,5,20~24세,28627
2023,2,11590,6,25~29세,40156
2023,2,11590,7,30~34세,34072
2023,2,11590,8,35~39세,27447
2023,2,11590,9,40~44세,29194
2023,2,11590,10,45~49세,27203
2023,2,11590,11,50~54세,31338
2023,2,11590,12,55~59세,27115
2023,2,11590,13,60~64세,28262
2023,2,11590,14,65~69세,23228
2023,2,11590,15,70~74세,16953
2023,2,11590,16,75~79세,13256
2023,2,11590,17,80~84세,9497
2023,2,11590,18,85~89세,4507
2023,2,11590,19,90~94세,1490
2023,2,11590,20,95~99세,352
2023,2,11590,21,100세 이상,67
2023,2,11620,1,0~4세,7671
2023,2,11620,2,5~9세,10159
2023,2,11620,3,10~14세,11636
2023,2,11620,4,15~19세,14924
2023,2,11620,5,20~24세,39458
2023,2,11620,6,25~29세,76213
2023,2,11620,7,30~34세,56580
2023,2,11620,8,35~39세,34838
2023,2,11620,9,40~44세,33585
2023,2,11620,10,45~49세,30891
2023,2,11620,11,50~54세,36185
2023,2,11620,12,55~59세,32164
2023,2,11620,13,60~64세,34194
2023,2,11620,14,65~69세,27865
2023,2,11620,15,70~74세,21282
2023,2,11620,16,75~79세,16335
2023,2,11620,17,80~84세,11785
2023,2,11620,18,85~89세,4851
2023,2,11620,19,90~94세,1450
2023,2,11620,20,95~99세,304
2023,2,11620,21,100세 이상,60
2023,2,11650,1,0~4세,10616
2023,2,11650,2,5~9세,17775
2023,2,11650,3,10~14세,22908
2023,2,11650,4,15~19세,21875
2023,2,11650,5,20~24세,22469
2023,2,11650,6,25~29세,28177
2023,2,11650,7,30~34세,29360
2023,2,11650,8,35~39세,28460
2023,2,11650,9,40~44세,36375
2023,2,11650,10,45~49세,36823
2023,2,11650,11,50~54세,37235
2023,2,11650,12,55~59세,27195
2023,2,11650,13,60~64세,25663
2023,2,11650,14,65~69세,22334
2023,2,11650,15,70~74세,16015
2023,2,11650,16,75~79세,12227
2023,2,11650,17,80~84세,7672
2023,2,11650,18,85~89세,3784
2023,2,11650,19,90~94세,1374
2023,2,11650,20,95~99세,352
2023,2,11650,21,100세 이상,64
2023,2,11680,1,0~4세,11859
2023,2,11680,2,5~9세,20833
2023,2,11680,3,10~14세,30455
2023,2,11680,4,15~19세,30456
2023,2,11680,5,20~24세,29901
2023,2,11680,6,25~29세,39657
2023,2,11680,7,30~34세,41084
2023,2,11680,8,35~39세,37903
2023,2,11680,9,40~44세,48719
2023,2,11680,10,45~49세,49628
2023,2,11680,11,50~54세,49398
2023,2,11680,12,55~59세,35419
2023,2,11680,13,60~64세,32744
2023,2,11680,14,65~69세,29721
2023,2,11680,15,70~74세,21660
2023,2,11680,16,75~79세,16177
2023,2,11680,17,80~84세,9688
2023,2,11680,18,85~89세,4667
2023,2,11680,19,90~94세,1792
2023,2,11680,20,95~99세,474
2023,2,11680,21,100세 이상,92
2023,2,11710,1,0~4세,18372
2023,2,11710,2,5~9세,26630
2023,2,11710,3,10~14세,29392
2023,2,11710,4,15~19세,28639
2023,2,11710,5,20~24세,35347
2023,2,11710,6,25~29세,51749
2023,2,11710,7,30~34세,55692
2023,2,11710,8,35~39세,51169
2023,2,11710,9,40~44세,57621
2023,2,11710,10,45~49세,50544
2023,2,11710,11,50~54세,54918
2023,2,11710,12,55~59세,47264
2023,2,11710,13,60~64세,49254
2023,2,11710,14,65~69세,41123
2023,2,11710,15,70~74세,27083
2023,2,11710,16,75~79세,18388
2023,2,11710,17,80~84세,11325
2023,2,11710,18,85~89세,5579
2023,2,11710,19,90~94세,2187
2023,2,11710,20,95~99세,500
2023,2,11710,21,100세 이상,96
2023,2,11740,1,0~4세,13362
2023,2,11740,2,5~9세,18423
2023,2,11740,3,10~14세,20005
2023,2,11740,4,15~19세,19050
2023,2,11740,5,20~24세,23644
2023,2,11740,6,25~29세,33966
2023,2,11740,7,30~34세,35715
2023,2,11740,8,35~39세,34057
2023,2,11740,9,40~44세,40202
2023,2,11740,10,45~49세,35101
2023,2,11740,11,50~54세,37598
2023,2,11740,12,55~59세,33632
2023,2,11740,13,60~64세,37661
2023,2,11740,14,65~69세,31089
2023,2,11740,15,70~74세,20703
2023,2,11740,16,75~79세,14010
2023,2,11740,17,80~84세,8772
2023,2,11740,18,85~89세,4039
2023,2,11740,19,90~94세,1546
2023,2,11740,20,95~99세,348
2023,2,11740,21,100세 이상,82
2023,3,11110,1,0~4세,2556
2023,3,11110,2,5~9세,3880
2023,3,11110,3,10~14세,4783
2023,3,11110,4,15~19세,5803
2023,3,11110,5,20~24세,12793
2023,3,11110,6,25~29세,14590
2023,3,11110,7,30~34세,11692
2023,3,11110,8,35~39세,9274
2023,3,11110,9,40~44세,10415
2023,3,11110,10,45~49세,10152
2023,3,11110,11,50~54세,12974
2023,3,11110,12,55~59세,11837
2023,3,11110,13,60~64세,11768
2023,3,11110,14,65~69세,9375
2023,3,11110,15,70~74세,6277
2023,3,11110,16,75~79세,5300
2023,3,11110,17,80~84세,4373
2023,3,11110,18,85~89세,2286
2023,3,11110,19,90~94세,760
2023,3,11110,20,95~99세,200
2023,3,11110,21,100세 이상,39
2023,3,11140,1,0~4세,2934
2023,3,11140,2,5~9세,3312
2023,3,11140,3,10~14세,3151
2023,3,11140,4,15~19세,3692
2023,3,11140,5,20~24세,8674
2023,3,11140,6,25~29세,12609
2023,3,11140,7,30~34세,12563
2023,3,11140,8,35~39세,10195
2023,3,11140,9,40~44세,9807
2023,3,11140,10,45~49세,8455
2023,3,11140,11,50~54세,10463
2023,3,11140,12,55~59세,9942
2023,3,11140,13,60~64세,10291
2023,3,11140,14,65~69세,8655
2023,3,11140,15,70~74세,5875
2023,3,11140,16,75~79세,4724
2023,3,11140,17,80~84세,3699
2023,3,11140,18,85~89세,1879
2023,3,11140,19,90~94세,695
2023,3,11140,20,95~99세,182
2023,3,11140,21,100세 이상,28
2023,3,11170,1,0~4세,5670
2023,3,11170,2,5~9세,6920
2023,3,11170,3,10~14세,7219
2023,3,11170,4,15~19세,7880
2023,3,11170,5,20~24세,12884
2023,3,11170,6,25~29세,20227
2023,3,11170,7,30~34세,22656
2023,3,11170,8,35~39세,18790
2023,3,11170,9,40~44세,18630
2023,3,11170,10,45~49세,16196
2023,3,11170,11,50~54세,19635
2023,3,11170,12,55~59세,17051
2023,3,11170,13,60~64세,16962
2023,3,11170,14,65~69세,13513
2023,3,11170,15,70~74세,8876
2023,3,11170,16,75~79세,7075
2023,3,11170,17,80~84세,5760
2023,3,11170,18,85~89세,3272
2023,3,11170,19,90~94세,1154
2023,3,11170,20,95~99세,260
2023,3,11170,21,100세 이상,62
2023,3,11200,1,0~4세,8139
2023,3,11200,2,5~9세,9252
2023,3,11200,3,10~14세,8522
2023,3,11200,4,15~19세,10022
2023,3,11200,5,20~24세,19128
2023,3,11200,6,25~29세,25596
2023,3,11200,7,30~34세,24544
2023,3,11200,8,35~39세,22240
2023,3,11200,9,40~44세,22615
2023,3,11200,10,45~49세,19386
2023,3,11200,11,50~54세,23635
2023,3,11200,12,55~59세,21545
2023,3,11200,13,60~64세,21931
2023,3,11200,14,65~69세,17122
2023,3,11200,15,70~74세,11318
2023,3,11200,16,75~79세,9005
2023,3,11200,17,80~84세,6899
2023,3,11200,18,85~89세,3361
2023,3,11200,19,90~94세,1013
2023,3,11200,20,95~99세,220
2023,3,11200,21,100세 이상,50
2023,3,11215,1,0~4세,6670
2023,3,11215,2,5~9세,9430
2023,3,11215,3,10~14세,11574
2023,3,11215,4,15~19세,13525
2023,3,11215,5,20~24세,27586
2023,3,11215,6,25~29세,39007
2023,3,11215,7,30~34세,32977
2023,3,11215,8,35~39세,24521
2023,3,11215,9,40~44세,25696
2023,3,11215,10,45~49세,24117
2023,3,11215,11,50~54세,28481
2023,3,11215,12,55~59세,26175
2023,3,11215,13,60~64세,26027
2023,3,11215,14,65~69세,20419
2023,3,11215,15,70~74세,13307
2023,3,11215,16,75~79세,10167
2023,3,11215,17,80~84세,7332
2023,3,11215,18,85~89세,3516
2023,3,11215,19,90~94세,1117
2023,3,11215,20,95~99세,272
2023,3,11215,21,100세 이상,43
2023,3,11230,1,0~4세,8177
2023,3,11230,2,5~9세,10554
2023,3,11230,3,10~14세,10943
2023,3,11230,4,15~19세,12747
2023,3,11230,5,20~24세,32876
2023,3,11230,6,25~29세,36201
2023,3,11230,7,30~34세,28002
2023,3,11230,8,35~39세,23665
2023,3,11230,9,40~44세,26132
2023,3,11230,10,45~49세,23547
2023,3,11230,11,50~54세,27924
2023,3,11230,12,55~59세,25318
2023,3,11230,13,60~64세,26587
2023,3,11230,14,65~69세,22492
2023,3,11230,15,70~74세,15677
2023,3,11230,16,75~79세,12585
2023,3,11230,17,80~84세,9542
2023,3,11230,18,85~89세,4428
2023,3,11230,19,90~94세,1377
2023,3,11230,20,95~99세,280
2023,3,11230,21,100세 이상,59
2023,3,11260,1,0~4세,8870
2023,3,11260,2,5~9세,10907
2023,3,11260,3,10~14세,11699
2023,3,11260,4,15~19세,12738
2023,3,11260,5,20~24세,20370
2023,3,11260,6,25~29세,31513
2023,3,11260,7,30~34세,32361
2023,3,11260,8,35~39세,26581
2023,3,11260,9,40~44세,28619
2023,3,11260,10,45~49세,25672
2023,3,11260,11,50~54세,32620
2023,3,11260,12,55~59세,32826
2023,3,11260,13,60~64세,35215
2023,3,11260,14,65~69세,28351
2023,3,11260,15,70~74세,18874
2023,3,11260,16,75~79세,14119
2023,3,11260,17,80~84세,10196
2023,3,11260,18,85~89세,4524
2023,3,11260,19,90~94세,1471
2023,3,11260,20,95~99세,356
2023,3,11260,21,100세 이상,58
2023,3,11290,1,0~4세,10106
2023,3,11290,2,5~9세,14645
2023,3,11290,3,10~14세,16754
2023,3,11290,4,15~19세,19701
2023,3,11290,5,20~24세,36385
2023,3,11290,6,25~29세,36187
2023,3,11290,7,30~34세,30459
2023,3,11290,8,35~39세,27905
2023,3,11290,9,40~44세,32971
2023,3,11290,10,45~49세,32109
2023,3,11290,11,50~54세,39091
2023,3,11290,12,55~59세,32240
2023,3,11290,13,60~64세,31797
2023,3,11290,14,65~69세,26659
2023,3,11290,15,70~74세,18532
2023,3,11290,16,75~79세,14961
2023,3,11290,17,80~84세,11789
2023,3,11290,18,85~89세,5530
2023,3,11290,19,90~94세,1767
2023,3,11290,20,95~99세,440
2023,3,11290,21,100세 이상,61
2023,3,11305,1,0~4세,4786
2023,3,11305,2,5~9세,7273
2023,3,11305,3,10~14세,9189
2023,3,11305,4,15~19세,10528
2023,3,11305,5,20~24세,18263
2023,3,11305,6,25~29세,22575
2023,3,11305,7,30~34세,19583
2023,3,11305,8,35~39세,16582
2023,3,11305,9,40~44세,20337
2023,3,11305,10,45~49세,20594
2023,3,11305,11,50~54세,26324
2023,3,11305,12,55~59세,24529
2023,3,11305,13,60~64세,26122
2023,3,11305,14,65~69세,22104
2023,3,11305,15,70~74세,16283
2023,3,11305,16,75~79세,13431
2023,3,11305,17,80~84세,10189
2023,3,11305,18,85~89세,4501
2023,3,11305,19,90~94세,1263
2023,3,11305,20,95~99세,293
2023,3,11305,21,100세 이상,55
2023,3,11320,1,0~4세,5765
2023,3,11320,2,5~9세,8782
2023,3,11320,3,10~14세,10712
2023,3,11320,4,15~19세,12035
2023,3,11320,5,20~24세,17252
2023,3,11320,6,25~29세,21311
2023,3,11320,7,30~34세,20396
2023,3,11320,8,35~39세,18076
2023,3,11320,9,40~44세,21679
2023,3,11320,10,45~49세,21561
2023,3,11320,11,50~54세,27878
2023,3,11320,12,55~59세,26515
2023,3,11320,13,60~64세,28663
2023,3,11320,14,65~69세,24376
2023,3,11320,15,70~74세,16162
2023,3,11320,16,75~79세,12603
2023,3,11320,17,80~84세,9867
2023,3,11320,18,85~89세,4551
2023,3,11320,19,90~94세,1548
2023,3,11320,20,95~99세,336
2023,3,11320,21,100세 이상,65
2023,3,11350,1,0~4세,10861
2023,3,11350,2,5~9세,16092
2023,3,11350,3,10~14세,21657
2023,3,11350,4,15~19세,26359
2023,3,11350,5,20~24세,34930
2023,3,11350,6,25~29세,34066
2023,3,11350,7,30~34세,32417
2023,3,11350,8,35~39세,29600
2023,3,11350,9,40~44세,37014
2023,3,11350,10,45~49세,39684
2023,3,11350,11,50~54세,47255
2023,3,11350,12,55~59세,39296
2023,3,11350,13,60~64세,39808
2023,3,11350,14,65~69세,33507
2023,3,11350,15,70~74세,22435
2023,3,11350,16,75~79세,16993
2023,3,11350,17,80~84세,12936
2023,3,11350,18,85~89세,6590
2023,3,11350,19,90~94세,2306
2023,3,11350,20,95~99세,533
2023,3,11350,21,100세 이상,84
2023,3,11380,1,0~4세,10338
2023,3,11380,2,5~9세,14500
2023,3,11380,3,10~14세,17006
2023,3,11380,4,15~19세,18984
2023,3,11380,5,20~24세,26143
2023,3,11380,6,25~29세,36705
2023,3,11380,7,30~34세,36219
2023,3,11380,8,35~39세,31039
2023,3,11380,9,40~44세,36513
2023,3,11380,10,45~49세,35028
2023,3,11380,11,50~54세,41754
2023,3,11380,12,55~59세,36283
2023,3,11380,13,60~64세,37823
2023,3,11380,14,65~69세,31309
2023,3,11380,15,70~74세,22025
2023,3,11380,16,75~79세,17601
2023,3,11380,17,80~84세,13364
2023,3,11380,18,85~89세,6255
2023,3,11380,19,90~94세,1822
2023,3,11380,20,95~99세,384
2023,3,11380,21,100세 이상,60
2023,3,11410,1,0~4세,7556
2023,3,11410,2,5~9세,10593
2023,3,11410,3,10~14세,10922
2023,3,11410,4,15~19세,12224
2023,3,11410,5,20~24세,26752
2023,3,11410,6,25~29세,30328
2023,3,11410,7,30~34세,25169
2023,3,11410,8,35~39세,21762
2023,3,11410,9,40~44세,23824
2023,3,11410,10,45~49세,21940
2023,3,11410,11,50~54세,26498
2023,3,11410,12,55~59세,23081
2023,3,11410,13,60~64세,23098
2023,3,11410,14,65~69세,18780
2023,3,11410,15,70~74세,13006
2023,3,11410,16,75~79세,10855
2023,3,11410,17,80~84세,8839
2023,3,11410,18,85~89세,4413
2023,3,11410,19,90~94세,1384
2023,3,11410,20,95~99세,295
2023,3,11410,21,100세 이상,60
2023,3,11440,1,0~4세,9012
2023,3,11440,2,5~9세,12243
2023,3,11440,3,10~14세,12977
2023,3,11440,4,15~19세,14350
2023,3,11440,5,20~24세,26415
2023,3,11440,6,25~29세,38202
2023,3,11440,7,30~34세,36014
2023,3,11440,8,35~39세,29950
2023,3,11440,9,40~44세,30577
2023,3,11440,10,45~49세,27907
2023,3,11440,11,50~54세,31434
2023,3,11440,12,55~59세,25101
2023,3,11440,13,60~64세,23995
2023,3,11440,14,65~69세,18886
2023,3,11440,15,70~74세,13023
2023,3,11440,16,75~79세,10747
2023,3,11440,17,80~84세,8648
2023,3,11440,18,85~89세,4339
2023,3,11440,19,90~94세,1462
2023,3,11440,20,95~99세,302
2023,3,11440,21,100세 이상,55
2023,3,11470,1,0~4세,9230
2023,3,11470,2,5~9세,16614
2023,3,11470,3,10~14세,23611
2023,3,11470,4,15~19세,24399
2023,3,11470,5,20~24세,24616
2023,3,11470,6,25~29세,28889
2023,3,11470,7,30~34세,27952
2023,3,11470,8,35~39세,26305
2023,3,11470,9,40~44세,35935
2023,3,11470,10,45~49세,37602
2023,3,11470,11,50~54세,41056
2023,3,11470,12,55~59세,34434
2023,3,11470,13,60~64세,34528
2023,3,11470,14,65~69세,28514
2023,3,11470,15,70~74세,19101
2023,3,11470,16,75~79세,13029
2023,3,11470,17,80~84세,8620
2023,3,11470,18,85~89세,4166
2023,3,11470,19,90~94세,1574
2023,3,11470,20,95~99세,348
2023,3,11470,21,100세 이상,68
2023,3,11500,1,0~4세,13590
2023,3,11500,2,5~9세,18290
2023,3,11500,3,10~14세,20646
2023,3,11500,4,15~19세,21593
2023,3,11500,5,20~24세,30154
2023,3,11500,6,25~29세,50895
2023,3,11500,7,30~34세,54766
2023,3,11500,8,35~39세,43708
2023,3,11500,9,40~44세,46609
2023,3,11500,10,45~49세,41197
2023,3,11500,11,50~54세,44492
2023,3,11500,12,55~59세,39276
2023,3,11500,13,60~64세,43833
2023,3,11500,14,65~69세,37324
2023,3,11500,15,70~74세,25257
2023,3,11500,16,75~79세,17908
2023,3,11500,17,80~84세,11862
2023,3,11500,18,85~89세,5826
2023,3,11500,19,90~94세,2138
2023,3,11500,20,95~99세,532
2023,3,11500,21,100세 이상,82
2023,3,11530,1,0~4세,10911
2023,3,11530,2,5~9세,13425
2023,3,11530,3,10~14세,14572
2023,3,11530,4,15~19세,14626
2023,3,11530,5,20~24세,21054
2023,3,11530,6,25~29세,31975
2023,3,11530,7,30~34세,34565
2023,3,11530,8,35~39세,30843
2023,3,11530,9,40~44세,32961
2023,3,11530,10,45~49세,30090
2023,3,11530,11,50~54세,35242
2023,3,11530,12,55~59세,33254
2023,3,11530,13,60~64세,34147
2023,3,11530,14,65~69세,28279
2023,3,11530,15,70~74세,20052
2023,3,11530,16,75~79세,14594
2023,3,11530,17,80~84세,9962
2023,3,11530,18,85~89세,4498
2023,3,11530,19,90~94세,1383
2023,3,11530,20,95~99세,328
2023,3,11530,21,100세 이상,54
2023,3,11545,1,0~4세,4981
2023,3,11545,2,5~9세,6006
2023,3,11545,3,10~14세,6472
2023,3,11545,4,15~19세,7041
2023,3,11545,5,20~24세,12228
2023,3,11545,6,25~29세,24293
2023,3,11545,7,30~34세,23340
2023,3,11545,8,35~39세,16962
2023,3,11545,9,40~44세,16732
2023,3,11545,10,45~49세,15635
2023,3,11545,11,50~54세,20487
2023,3,11545,12,55~59세,21222
2023,3,11545,13,60~64세,21884
2023,3,11545,14,65~69세,16400
2023,3,11545,15,70~74세,10997
2023,3,11545,16,75~79세,8147
2023,3,11545,17,80~84세,5759
2023,3,11545,18,85~89세,2480
2023,3,11545,19,90~94세,809
2023,3,11545,20,95~99세,167
2023,3,11545,21,100세 이상,34
2023,3,11560,1,0~4세,11062
2023,3,11560,2,5~9세,12706
2023,3,11560,3,10~14세,11876
2023,3,11560,4,15~19세,12161
2023,3,11560,5,20~24세,20730
2023,3,11560,6,25~29세,38774
2023,3,11560,7,30~34세,41350
2023,3,11560,8,35~39세,33048
2023,3,11560,9,40~44세,31327
2023,3,11560,10,45~49세,26948
2023,3,11560,11,50~54세,31928
2023,3,11560,12,55~59세,29889
2023,3,11560,13,60~64세,29516
2023,3,11560,14,65~69세,23322
2023,3,11560,15,70~74세,16062
2023,3,11560,16,75~79세,12179
2023,3,11560,17,80~84세,9050
2023,3,11560,18,85~89세,4548
2023,3,11560,19,90~94세,1449
2023,3,11560,20,95~99세,301
2023,3,11560,21,100세 이상,64
2023,3,11590,1,0~4세,8741
2023,3,11590,2,5~9세,11986
2023,3,11590,3,10~14세,12672
2023,3,11590,4,15~19세,14274
2023,3,11590,5,20~24세,28759
2023,3,11590,6,25~29세,40186
2023,3,11590,7,30~34세,34188
2023,3,11590,8,35~39세,27328
2023,3,11590,9,40~44세,29129
2023,3,11590,10,45~49세,26954
2023,3,11590,11,50~54세,31079
2023,3,11590,12,55~59세,27423
2023,3,11590,13,60~64세,28077
2023,3,11590,14,65~69세,23438
2023,3,11590,15,70~74세,16952
2023,3,11590,16,75~79세,13452
2023,3,11590,17,80~84세,9572
2023,3,11590,18,85~89세,4605
2023,3,11590,19,90~94세,1508
2023,3,11590,20,95~99세,350
2023,3,11590,21,100세 이상,67
2023,3,11620,1,0~4세,7515
2023,3,11620,2,5~9세,9917
2023,3,11620,3,10~14세,11492
2023,3,11620,4,15~19세,14720
2023,3,11620,5,20~24세,38860
2023,3,11620,6,25~29세,75708
2023,3,11620,7,30~34세,57196
2023,3,11620,8,35~39세,34544
2023,3,11620,9,40~44세,33494
2023,3,11620,10,45~49세,30562
2023,3,11620,11,50~54세,35790
2023,3,11620,12,55~59세,32352
2023,3,11620,13,60~64세,33768
2023,3,11620,14,65~69세,28154
2023,3,11620,15,70~74세,21264
2023,3,11620,16,75~79세,16543
2023,3,11620,17,80~84세,11894
2023,3,11620,18,85~89세,4951
2023,3,11620,19,90~94세,1494
2023,3,11620,20,95~99세,306
2023,3,11620,21,100세 이상,58
2023,3,11650,1,0~4세,10515
2023,3,11650,2,5~9세,17637
2023,3,11650,3,10~14세,22902
2023,3,11650,4,15~19세,22155
2023,3,11650,5,20~24세,22461
2023,3,11650,6,25~29세,28355
2023,3,11650,7,30~34세,29607
2023,3,11650,8,35~39세,28488
2023,3,11650,9,40~44세,36580
2023,3,11650,10,45~49세,36640
2023,3,11650,11,50~54세,37412
2023,3,11650,12,55~59세,27593
2023,3,11650,13,60~64세,25660
2023,3,11650,14,65~69세,22542
2023,3,11650,15,70~74세,16247
2023,3,11650,16,75~79세,12482
2023,3,11650,17,80~84세,7803
2023,3,11650,18,85~89세,3867
2023,3,11650,19,90~94세,1383
2023,3,11650,20,95~99세,374
2023,3,11650,21,100세 이상,63
2023,3,11680,1,0~4세,12014
2023,3,11680,2,5~9세,21019
2023,3,11680,3,10~14세,30661
2023,3,11680,4,15~19세,30990
2023,3,11680,5,20~24세,29803
2023,3,11680,6,25~29세,39663
2023,3,11680,7,30~34세,41645
2023,3,11680,8,35~39세,38244
2023,3,11680,9,40~44세,49352
2023,3,11680,10,45~49세,49708
2023,3,11680,11,50~54세,49449
2023,3,11680,12,55~59세,35771
2023,3,11680,13,60~64세,32684
2023,3,11680,14,65~69세,30021
2023,3,11680,15,70~74세,21779
2023,3,11680,16,75~79세,16459
2023,3,11680,17,80~84세,9853
2023,3,11680,18,85~89세,4798
2023,3,11680,19,90~94세,1790
2023,3,11680,20,95~99세,493
2023,3,11680,21,100세 이상,95
2023,3,11710,1,0~4세,17866
2023,3,11710,2,5~9세,26248
2023,3,11710,3,10~14세,29337
2023,3,11710,4,15~19세,28526
2023,3,11710,5,20~24세,34930
2023,3,11710,6,25~29세,51448
2023,3,11710,7,30~34세,55796
2023,3,11710,8,35~39세,51002
2023,3,11710,9,40~44세,57697
2023,3,11710,10,45~49세,50152
2023,3,11710,11,50~54세,54312
2023,3,11710,12,55~59세,47654
2023,3,11710,13,60~64세,48942
2023,3,11710,14,65~69세,41550
2023,3,11710,15,70~74세,27388
2023,3,11710,16,75~79세,18765
2023,3,11710,17,80~84세,11513
2023,3,11710,18,85~89세,5579
2023,3,11710,19,90~94세,2195
2023,3,11710,20,95~99세,517
2023,3,11710,21,100세 이상,98
2023,3,11740,1,0~4세,13099
2023,3,11740,2,5~9세,18237
2023,3,11740,3,10~14세,19904
2023,3,11740,4,15~19세,19061
2023,3,11740,5,20~24세,23306
2023,3,11740,6,25~29세,33949
2023,3,11740,7,30~34세,35818
2023,3,11740,8,35~39세,33787
2023,3,11740,9,40~44세,40185
2023,3,11740,10,45~49세,34964
2023,3,11740,11,50~54세,37346
2023,3,11740,12,55~59세,33764
2023,3,11740,13,60~64세,37294
2023,3,11740,14,65~69세,31566
2023,3,11740,15,70~74세,20866
2023,3,11740,16,75~79세,14342
2023,3,11740,17,80~84세,8861
2023,3,11740,18,85~89세,4117
2023,3,11740,19,90~94세,1559
2023,3,11740,20,95~99세,348
2023,3,11740,21,100세 이상,80
2023,4,11110,1,0~4세,2543
2023,4,11110,2,5~9세,3791
2023,4,11110,3,10~14세,4734
2023,4,11110,4,15~19세,5790
2023,4,11110,5,20~24세,12649
2023,4,11110,6,25~29세,14520
2023,4,11110,7,30~34세,11751
2023,4,11110,8,35~39세,9166
2023,4,11110,9,40~44세,10461
2023,4,11110,10,45~49세,9899
2023,4,11110,11,50~54세,12892
2023,4,11110,12,55~59세,11891
2023,4,11110,13,60~64세,11602
2023,4,11110,14,65~69세,9511
2023,4,11110,15,70~74세,6277
2023,4,11110,16,75~79세,5309
2023,4,11110,17,80~84세,4342
2023,4,11110,18,85~89세,2324
2023,4,11110,19,90~94세,764
2023,4,11110,20,95~99세,202
2023,4,11110,21,100세 이상,35
2023,4,11140,1,0~4세,2924
2023,4,11140,2,5~9세,3219
2023,4,11140,3,10~14세,3144
2023,4,11140,4,15~19세,3711
2023,4,11140,5,20~24세,8736
2023,4,11140,6,25~29세,12677
2023,4,11140,7,30~34세,12622
2023,4,11140,8,35~39세,10231
2023,4,11140,9,40~44세,9828
2023,4,11140,10,45~49세,8302
2023,4,11140,11,50~54세,10365
2023,4,11140,12,55~59세,9962
2023,4,11140,13,60~64세,10152
2023,4,11140,14,65~69세,8781
2023,4,11140,15,70~74세,5874
2023,4,11140,16,75~79세,4754
2023,4,11140,17,80~84세,3693
2023,4,11140,18,85~89세,1908
2023,4,11140,19,90~94세,709
2023,4,11140,20,95~99세,172
2023,4,11140,21,100세 이상,29
2023,4,11170,1,0~4세,5605
2023,4,11170,2,5~9세,6736
2023,4,11170,3,10~14세,7034
2023,4,11170,4,15~19세,7757
2023,4,11170,5,20~24세,12618
2023,4,11170,6,25~29세,19875
2023,4,11170,7,30~34세,22423
2023,4,11170,8,35~39세,18502
2023,4,11170,9,40~44세,18391
2023,4,11170,10,45~49세,15748
2023,4,11170,11,50~54세,19218
2023,4,11170,12,55~59세,16882
2023,4,11170,13,60~64세,16570
2023,4,11170,14,65~69세,13488
2023,4,11170,15,70~74세,8782
2023,4,11170,16,75~79세,7042
2023,4,11170,17,80~84세,5672
2023,4,11170,18,85~89세,3284
2023,4,11170,19,90~94세,1152
2023,4,11170,20,95~99세,267
2023,4,11170,21,100세 이상,60
2023,4,11200,1,0~4세,7972
2023,4,11200,2,5~9세,9135
2023,4,11200,3,10~14세,8410
2023,4,11200,4,15~19세,9906
2023,4,11200,5,20~24세,19102
2023,4,11200,6,25~29세,25407
2023,4,11200,7,30~34세,24660
2023,4,11200,8,35~39세,22239
2023,4,11200,9,40~44세,22558
2023,4,11200,10,45~49세,19071
2023,4,11200,11,50~54세,23558
2023,4,11200,12,55~59세,21719
2023,4,11200,13,60~64세,21567
2023,4,11200,14,65~69세,17347
2023,4,11200,15,70~74세,11410
2023,4,11200,16,75~79세,9073
2023,4,11200,17,80~84세,6899
2023,4,11200,18,85~89세,3429
2023,4,11200,19,90~94세,1038
2023,4,11200,20,95~99세,217
2023,4,11200,21,100세 이상,49
2023,4,11215,1,0~4세,6586
2023,4,11215,2,5~9세,9235
2023,4,11215,3,10~14세,11500
2023,4,11215,4,15~19세,13571
2023,4,11215,5,20~24세,27173
2023,4,11215,6,25~29세,38882
2023,4,11215,7,30~34세,32976
2023,4,11215,8,35~39세,24398
2023,4,11215,9,40~44세,25663
2023,4,11215,10,45~49세,23783
2023,4,11215,11,50~54세,28362
2023,4,11215,12,55~59세,26584
2023,4,11215,13,60~64세,25648
2023,4,11215,14,65~69세,20728
2023,4,11215,15,70~74세,13377
2023,4,11215,16,75~79세,10303
2023,4,11215,17,80~84세,7374
2023,4,11215,18,85~89세,3576
2023,4,11215,19,90~94세,1138
2023,4,11215,20,95~99세,278
2023,4,11215,21,100세 이상,45
2023,4,11230,1,0~4세,8143
2023,4,11230,2,5~9세,10506
2023,4,11230,3,10~14세,10897
2023,4,11230,4,15~19세,12891
2023,4,11230,5,20~24세,33135
2023,4,11230,6,25~29세,36037
2023,4,11230,7,30~34세,28220
2023,4,11230,8,35~39세,23646
2023,4,11230,9,40~44세,26337
2023,4,11230,10,45~49세,23334
2023,4,11230,11,50~54세,27884
2023,4,11230,12,55~59세,25636
2023,4,11230,13,60~64세,26177
2023,4,11230,14,65~69세,22807
2023,4,11230,15,70~74세,15686
2023,4,11230,16,75~79세,12738
2023,4,11230,17,80~84세,9569
2023,4,11230,18,85~89세,4537
2023,4,11230,19,90~94세,1351
2023,4,11230,20,95~99세,285
2023,4,11230,21,100세 이상,57
2023,4,11260,1,0~4세,8732
2023,4,11260,2,5~9세,10761
2023,4,11260,3,10~14세,11661
2023,4,11260,4,15~19세,12605
2023,4,11260,5,20~24세,20107
2023,4,11260,6,25~29세,31371
2023,4,11260,7,30~34세,32466
2023,4,11260,8,35~39세,26636
2023,4,11260,9,40~44세,28624
2023,4,11260,10,45~49세,25230
2023,4,11260,11,50~54세,32386
2023,4,11260,12,55~59세,33157
2023,4,11260,13,60~64세,34779
2023,4,11260,14,65~69세,28861
2023,4,11260,15,70~74세,18949
2023,4,11260,16,75~79세,14371
2023,4,11260,17,80~84세,10259
2023,4,11260,18,85~89세,4626
2023,4,11260,19,90~94세,1465
2023,4,11260,20,95~99세,371
2023,4,11260,21,100세 이상,53
2023,4,11290,1,0~4세,9940
2023,4,11290,2,5~9세,14438
2023,4,11290,3,10~14세,16618
2023,4,11290,4,15~19세,19576
2023,4,11290,5,20~24세,36085
2023,4,11290,6,25~29세,35824
2023,4,11290,7,30~34세,30430
2023,4,11290,8,35~39세,27585
2023,4,11290,9,40~44세,32866
2023,4,11290,10,45~49세,31527
2023,4,11290,11,50~54세,38938
2023,4,11290,12,55~59세,32656
2023,4,11290,13,60~64세,31271
2023,4,11290,14,65~69세,27016
2023,4,11290,15,70~74세,18559
2023,4,11290,16,75~79세,15132
2023,4,11290,17,80~84세,11814
2023,4,11290,18,85~89세,5615
2023,4,11290,19,90~94세,1778
2023,4,11290,20,95~99세,439
2023,4,11290,21,100세 이상,61
2023,4,11305,1,0~4세,4640
2023,4,11305,2,5~9세,7102
2023,4,11305,3,10~14세,9062
2023,4,11305,4,15~19세,10434
2023,4,11305,5,20~24세,18018
2023,4,11305,6,25~29세,22262
2023,4,11305,7,30~34세,19557
2023,4,11305,8,35~39세,16329
2023,4,11305,9,40~44세,20189
2023,4,11305,10,45~49세,20213
2023,4,11305,11,50~54세,26054
2023,4,11305,12,55~59세,24715
2023,4,11305,13,60~64세,25785
2023,4,11305,14,65~69세,22325
2023,4,11305,15,70~74세,16248
2023,4,11305,16,75~79세,13568
2023,4,11305,17,80~84세,10265
2023,4,11305,18,85~89세,4554
2023,4,11305,19,90~94세,1312
2023,4,11305,20,95~99세,295
2023,4,11305,21,100세 이상,50
2023,4,11320,1,0~4세,5621
2023,4,11320,2,5~9세,8725
2023,4,11320,3,10~14세,10594
2023,4,11320,4,15~19세,11941
2023,4,11320,5,20~24세,17031
2023,4,11320,6,25~29세,21238
2023,4,11320,7,30~34세,20350
2023,4,11320,8,35~39세,17859
2023,4,11320,9,40~44세,21687
2023,4,11320,10,45~49세,21194
2023,4,11320,11,50~54세,27718
2023,4,11320,12,55~59세,26874
2023,4,11320,13,60~64세,28226
2023,4,11320,14,65~69세,24879
2023,4,11320,15,70~74세,16236
2023,4,11320,16,75~79세,12747
2023,4,11320,17,80~84세,9928
2023,4,11320,18,85~89세,4653
2023,4,11320,19,90~94세,1572
2023,4,11320,20,95~99세,363
2023,4,11320,21,100세 이상,58
2023,4,11350,1,0~4세,10677
2023,4,11350,2,5~9세,15857
2023,4,11350,3,10~14세,21455
2023,4,11350,4,15~19세,26015
2023,4,11350,5,20~24세,34607
2023,4,11350,6,25~29세,33968
2023,4,11350,7,30~34세,32498
2023,4,11350,8,35~39세,29449
2023,4,11350,9,40~44세,37003
2023,4,11350,10,45~49세,38898
2023,4,11350,11,50~54세,47068
2023,4,11350,12,55~59세,39758
2023,4,11350,13,60~64세,39250
2023,4,11350,14,65~69세,34042
2023,4,11350,15,70~74세,22592
2023,4,11350,16,75~79세,17158
2023,4,11350,17,80~84세,12981
2023,4,11350,18,85~89세,6680
2023,4,11350,19,90~94세,2351
2023,4,11350,20,95~99세,533
2023,4,11350,21,100세 이상,85
2023,4,11380,1,0~4세,10219
2023,4,11380,2,5~9세,14227
2023,4,11380,3,10~14세,16871
2023,4,11380,4,15~19세,18865
2023,4,11380,5,20~24세,26041
2023,4,11380,6,25~29세,36504
2023,4,11380,7,30~34세,36562
2023,4,11380,8,35~39세,30883
2023,4,11380,9,40~44세,36484
2023,4,11380,10,45~49세,34500
2023,4,11380,11,50~54세,41748
2023,4,11380,12,55~59세,36756
2023,4,11380,13,60~64세,37392
2023,4,11380,14,65~69세,31812
2023,4,11380,15,70~74세,22102
2023,4,11380,16,75~79세,17815
2023,4,11380,17,80~84세,13369
2023,4,11380,18,85~89세,6406
2023,4,11380,19,90~94세,1855
2023,4,11380,20,95~99세,401
2023,4,11380,21,100세 이상,57
2023,4,11410,1,0~4세,7420
2023,4,11410,2,5~9세,10348
2023,4,11410,3,10~14세,10858
2023,4,11410,4,15~19세,12173
2023,4,11410,5,20~24세,26578
2023,4,11410,6,25~29세,30161
2023,4,11410,7,30~34세,25304
2023,4,11410,8,35~39세,21714
2023,4,11410,9,40~44세,23703
2023,4,11410,10,45~49세,21695
2023,4,11410,11,50~54세,26407
2023,4,11410,12,55~59세,23318
2023,4,11410,13,60~64세,22837
2023,4,11410,14,65~69세,19082
2023,4,11410,15,70~74세,13019
2023,4,11410,16,75~79세,10860
2023,4,11410,17,80~84세,8864
2023,4,11410,18,85~89세,4502
2023,4,11410,19,90~94세,1425
2023,4,11410,20,95~99세,297
2023,4,11410,21,100세 이상,64
2023,4,11440,1,0~4세,8856
2023,4,11440,2,5~9세,12152
2023,4,11440,3,10~14세,12858
2023,4,11440,4,15~19세,14264
2023,4,11440,5,20~24세,26089
2023,4,11440,6,25~29세,38099
2023,4,11440,7,30~34세,36301
2023,4,11440,8,35~39세,29906
2023,4,11440,9,40~44세,30594
2023,4,11440,10,45~49세,27562
2023,4,11440,11,50~54세,31405
2023,4,11440,12,55~59세,25475
2023,4,11440,13,60~64세,23706
2023,4,11440,14,65~69세,19131
2023,4,11440,15,70~74세,13069
2023,4,11440,16,75~79세,10815
2023,4,11440,17,80~84세,8655
2023,4,11440,18,85~89세,4375
2023,4,11440,19,90~94세,1483
2023,4,11440,20,95~99세,315
2023,4,11440,21,100세 이상,52
2023,4,11470,1,0~4세,9043
2023,4,11470,2,5~9세,16456
2023,4,11470,3,10~14세,23472
2023,4,11470,4,15~19세,24391
2023,4,11470,5,20~24세,24264
2023,4,11470,6,25~29세,28726
2023,4,11470,7,30~34세,27840
2023,4,11470,8,35~39세,26012
2023,4,11470,9,40~44세,35964
2023,4,11470,10,45~49세,37171
2023,4,11470,11,50~54세,40812
2023,4,11470,12,55~59세,34738
2023,4,11470,13,60~64세,34046
2023,4,11470,14,65~69세,28910
2023,4,11470,15,70~74세,19189
2023,4,11470,16,75~79세,13292
2023,4,11470,17,80~84세,8676
2023,4,11470,18,85~89세,4218
2023,4,11470,19,90~94세,1615
2023,4,11470,20,95~99세,350
2023,4,11470,21,100세 이상,67
2023,4,11500,1,0~4세,13483
2023,4,11500,2,5~9세,17986
2023,4,11500,3,10~14세,20549
2023,4,11500,4,15~19세,21438
2023,4,11500,5,20~24세,29741
2023,4,11500,6,25~29세,50487
2023,4,11500,7,30~34세,54630
2023,4,11500,8,35~39세,43626
2023,4,11500,9,40~44세,46641
2023,4,11500,10,45~49세,40788
2023,4,11500,11,50~54세,44410
2023,4,11500,12,55~59세,39794
2023,4,11500,13,60~64세,43157
2023,4,11500,14,65~69세,37716
2023,4,11500,15,70~74세,25527
2023,4,11500,16,75~79세,18175
2023,4,11500,17,80~84세,11956
2023,4,11500,18,85~89세,5914
2023,4,11500,19,90~94세,2182
2023,4,11500,20,95~99세,544
2023,4,11500,21,100세 이상,82
2023,4,11530,1,0~4세,10702
2023,4,11530,2,5~9세,13193
2023,4,11530,3,10~14세,14443
2023,4,11530,4,15~19세,14595
2023,4,11530,5,20~24세,20713
2023,4,11530,6,25~29세,31802
2023,4,11530,7,30~34세,34453
2023,4,11530,8,35~39세,30739
2023,4,11530,9,40~44세,32861
2023,4,11530,10,45~49세,29795
2023,4,11530,11,50~54세,35208
2023,4,11530,12,55~59세,33758
2023,4,11530,13,60~64세,33405
2023,4,11530,14,65~69세,28682
2023,4,11530,15,70~74세,20137
2023,4,11530,16,75~79세,14833
2023,4,11530,17,80~84세,9962
2023,4,11530,18,85~89세,4588
2023,4,11530,19,90~94세,1400
2023,4,11530,20,95~99세,332
2023,4,11530,21,100세 이상,50
2023,4,11545,1,0~4세,4889
2023,4,11545,2,5~9세,5849
2023,4,11545,3,10~14세,6375
2023,4,11545,4,15~19세,7009
2023,4,11545,5,20~24세,11970
2023,4,11545,6,25~29세,23988
2023,4,11545,7,30~34세,23431
2023,4,11545,8,35~39세,16996
2023,4,11545,9,40~44세,16639
2023,4,11545,10,45~49세,15364
2023,4,11545,11,50~54세,20401
2023,4,11545,12,55~59세,21375
2023,4,11545,13,60~64세,21477
2023,4,11545,14,65~69세,16698
2023,4,11545,15,70~74세,11068
2023,4,11545,16,75~79세,8257
2023,4,11545,17,80~84세,5763
2023,4,11545,18,85~89세,2538
2023,4,11545,19,90~94세,815
2023,4,11545,20,95~99세,170
2023,4,11545,21,100세 이상,33
2023,4,11560,1,0~4세,10933
2023,4,11560,2,5~9세,12495
2023,4,11560,3,10~14세,11730
2023,4,11560,4,15~19세,12068
2023,4,11560,5,20~24세,20423
2023,4,11560,6,25~29세,38731
2023,4,11560,7,30~34세,41627
2023,4,11560,8,35~39세,33128
2023,4,11560,9,40~44세,31354
2023,4,11560,10,45~49세,26776
2023,4,11560,11,50~54세,31859
2023,4,11560,12,55~59세,30329
2023,4,11560,13,60~64세,28838
2023,4,11560,14,65~69세,23705
2023,4,11560,15,70~74세,16027
2023,4,11560,16,75~79세,12316
2023,4,11560,17,80~84세,9054
2023,4,11560,18,85~89세,4551
2023,4,11560,19,90~94세,1483
2023,4,11560,20,95~99세,310
2023,4,11560,21,100세 이상,63
2023,4,11590,1,0~4세,8579
2023,4,11590,2,5~9세,11742
2023,4,11590,3,10~14세,12566
2023,4,11590,4,15~19세,14203
2023,4,11590,5,20~24세,28494
2023,4,11590,6,25~29세,40128
2023,4,11590,7,30~34세,34359
2023,4,11590,8,35~39세,27206
2023,4,11590,9,40~44세,29034
2023,4,11590,10,45~49세,26584
2023,4,11590,11,50~54세,30946
2023,4,11590,12,55~59세,27770
2023,4,11590,13,60~64세,27629
2023,4,11590,14,65~69세,23737
2023,4,11590,15,70~74세,16905
2023,4,11590,16,75~79세,13614
2023,4,11590,17,80~84세,9602
2023,4,11590,18,85~89세,4684
2023,4,11590,19,90~94세,1510
2023,4,11590,20,95~99세,364
2023,4,11590,21,100세 이상,58
2023,4,11620,1,0~4세,7340
2023,4,11620,2,5~9세,9668
2023,4,11620,3,10~14세,11342
2023,4,11620,4,15~19세,14437
2023,4,11620,5,20~24세,38103
2023,4,11620,6,25~29세,74907
2023,4,11620,7,30~34세,57159
2023,4,11620,8,35~39세,34398
2023,4,11620,9,40~44세,33440
2023,4,11620,10,45~49세,30033
2023,4,11620,11,50~54세,35685
2023,4,11620,12,55~59세,32721
2023,4,11620,13,60~64세,33232
2023,4,11620,14,65~69세,28531
2023,4,11620,15,70~74세,21227
2023,4,11620,16,75~79세,16775
2023,4,11620,17,80~84세,11941
2023,4,11620,18,85~89세,5055
2023,4,11620,19,90~94세,1514
2023,4,11620,20,95~99세,322
2023,4,11620,21,100세 이상,53
2023,4,11650,1,0~4세,10533
2023,4,11650,2,5~9세,17596
2023,4,11650,3,10~14세,22868
2023,4,11650,4,15~19세,22248
2023,4,11650,5,20~24세,22412
2023,4,11650,6,25~29세,28330
2023,4,11650,7,30~34세,29664
2023,4,11650,8,35~39세,28467
2023,4,11650,9,40~44세,36879
2023,4,11650,10,45~49세,36367
2023,4,11650,11,50~54세,37715
2023,4,11650,12,55~59세,28032
2023,4,11650,13,60~64세,25306
2023,4,11650,14,65~69세,22880
2023,4,11650,15,70~74세,16365
2023,4,11650,16,75~79세,12722
2023,4,11650,17,80~84세,7972
2023,4,11650,18,85~89세,3893
2023,4,11650,19,90~94세,1398
2023,4,11650,20,95~99세,367
2023,4,11650,21,100세 이상,64
2023,4,11680,1,0~4세,12078
2023,4,11680,2,5~9세,21041
2023,4,11680,3,10~14세,30969
2023,4,11680,4,15~19세,31056
2023,4,11680,5,20~24세,29633
2023,4,11680,6,25~29세,39666
2023,4,11680,7,30~34세,41937
2023,4,11680,8,35~39세,38439
2023,4,11680,9,40~44세,49978
2023,4,11680,10,45~49세,49882
2023,4,11680,11,50~54세,49807
2023,4,11680,12,55~59세,36535
2023,4,11680,13,60~64세,32655
2023,4,11680,14,65~69세,30369
2023,4,11680,15,70~74세,22093
2023,4,11680,16,75~79세,16802
2023,4,11680,17,80~84세,10031
2023,4,11680,18,85~89세,4896
2023,4,11680,19,90~94세,1834
2023,4,11680,20,95~99세,491
2023,4,11680,21,100세 이상,90
2023,4,11710,1,0~4세,17603
2023,4,11710,2,5~9세,25967
2023,4,11710,3,10~14세,29246
2023,4,11710,4,15~19세,28397
2023,4,11710,5,20~24세,34441
2023,4,11710,6,25~29세,51177
2023,4,11710,7,30~34세,55839
2023,4,11710,8,35~39세,50535
2023,4,11710,9,40~44세,57824
2023,4,11710,10,45~49세,49686
2023,4,11710,11,50~54세,54262
2023,4,11710,12,55~59세,47956
2023,4,11710,13,60~64세,48198
2023,4,11710,14,65~69세,42047
2023,4,11710,15,70~74세,27622
2023,4,11710,16,75~79세,19129
2023,4,11710,17,80~84세,11602
2023,4,11710,18,85~89세,5657
2023,4,11710,19,90~94세,2215
2023,4,11710,20,95~99세,531
2023,4,11710,21,100세 이상,91
2023,4,11740,1,0~4세,12999
2023,4,11740,2,5~9세,18070
2023,4,11740,3,10~14세,19953
2023,4,11740,4,15~19세,19085
2023,4,11740,5,20~24세,23144
2023,4,11740,6,25~29세,34110
2023,4,11740,7,30~34세,35874
2023,4,11740,8,35~39세,33769
2023,4,11740,9,40~44세,40256
2023,4,11740,10,45~49세,34825
2023,4,11740,11,50~54세,37393
2023,4,11740,12,55~59세,34208
2023,4,11740,13,60~64세,36648
2023,4,11740,14,65~69세,32131
2023,4,11740,15,70~74세,21057
2023,4,11740,16,75~79세,14611
2023,4,11740,17,80~84세,8995
2023,4,11740,18,85~89세,4182
2023,4,11740,19,90~94세,1563
2023,4,11740,20,95~99세,367
2023,4,11740,21,100세 이상,78
2024,1,11110,1,0~4세,2470
2024,1,11110,2,5~9세,3689
2024,1,11110,3,10~14세,4706
2024,1,11110,4,15~19세,5594
2024,1,11110,5,20~24세,12369
2024,1,11110,6,25~29세,15016
2024,1,11110,7,30~34세,11892
2024,1,11110,8,35~39세,9114
2024,1,11110,9,40~44세,10444
2024,1,11110,10,45~49세,9816
2024,1,11110,11,50~54세,12721
2024,1,11110,12,55~59세,11921
2024,1,11110,13,60~64세,11671
2024,1,11110,14,65~69세,9655
2024,1,11110,15,70~74세,6332
2024,1,11110,16,75~79세,5379
2024,1,11110,17,80~84세,4342
2024,1,11110,18,85~89세,2357
2024,1,11110,19,90~94세,804
2024,1,11110,20,95~99세,218
2024,1,11110,21,100세 이상,40
2024,1,11140,1,0~4세,2822
2024,1,11140,2,5~9세,3162
2024,1,11140,3,10~14세,3123
2024,1,11140,4,15~19세,3578
2024,1,11140,5,20~24세,8285
2024,1,11140,6,25~29세,12795
2024,1,11140,7,30~34세,12826
2024,1,11140,8,35~39세,10370
2024,1,11140,9,40~44세,9864
2024,1,11140,10,45~49세,8245
2024,1,11140,11,50~54세,10266
2024,1,11140,12,55~59세,10044
2024,1,11140,13,60~64세,10130
2024,1,11140,14,65~69세,8971
2024,1,11140,15,70~74세,5931
2024,1,11140,16,75~79세,4774
2024,1,11140,17,80~84세,3749
2024,1,11140,18,85~89세,1948
2024,1,11140,19,90~94세,722
2024,1,11140,20,95~99세,177
2024,1,11140,21,100세 이상,30
2024,1,11170,1,0~4세,5327
2024,1,11170,2,5~9세,6536
2024,1,11170,3,10~14세,6959
2024,1,11170,4,15~19세,7667
2024,1,11170,5,20~24세,12169
2024,1,11170,6,25~29세,19182
2024,1,11170,7,30~34세,22208
2024,1,11170,8,35~39세,18078
2024,1,11170,9,40~44세,18192
2024,1,11170,10,45~49세,15533
2024,1,11170,11,50~54세,18744
2024,1,11170,12,55~59세,16855
2024,1,11170,13,60~64세,16312
2024,1,11170,14,65~69세,13471
2024,1,11170,15,70~74세,8796
2024,1,11170,16,75~79세,6996
2024,1,11170,17,80~84세,5571
2024,1,11170,18,85~89세,3308
2024,1,11170,19,90~94세,1167
2024,1,11170,20,95~99세,297
2024,1,11170,21,100세 이상,65
2024,1,11200,1,0~4세,7811
2024,1,11200,2,5~9세,8917
2024,1,11200,3,10~14세,8343
2024,1,11200,4,15~19세,9859
2024,1,11200,5,20~24세,18941
2024,1,11200,6,25~29세,25208
2024,1,11200,7,30~34세,24872
2024,1,11200,8,35~39세,22152
2024,1,11200,9,40~44세,22404
2024,1,11200,10,45~49세,18983
2024,1,11200,11,50~54세,23369
2024,1,11200,12,55~59세,21832
2024,1,11200,13,60~64세,21469
2024,1,11200,14,65~69세,17637
2024,1,11200,15,70~74세,11516
2024,1,11200,16,75~79세,9139
2024,1,11200,17,80~84세,6942
2024,1,11200,18,85~89세,3512
2024,1,11200,19,90~94세,1079
2024,1,11200,20,95~99세,228
2024,1,11200,21,100세 이상,45
2024,1,11215,1,0~4세,6361
2024,1,11215,2,5~9세,9015
2024,1,11215,3,10~14세,11437
2024,1,11215,4,15~19세,13140
2024,1,11215,5,20~24세,27053
2024,1,11215,6,25~29세,39199
2024,1,11215,7,30~34세,33132
2024,1,11215,8,35~39세,24241
2024,1,11215,9,40~44세,25480
2024,1,11215,10,45~49세,23674
2024,1,11215,11,50~54세,28134
2024,1,11215,12,55~59세,26592
2024,1,11215,13,60~64세,25699
2024,1,11215,14,65~69세,21124
2024,1,11215,15,70~74세,13585
2024,1,11215,16,75~79세,10439
2024,1,11215,17,80~84세,7407
2024,1,11215,18,85~89세,3699
2024,1,11215,19,90~94세,1178
2024,1,11215,20,95~99세,282
2024,1,11215,21,100세 이상,54
2024,1,11230,1,0~4세,7981
2024,1,11230,2,5~9세,10304
2024,1,11230,3,10~14세,10853
2024,1,11230,4,15~19세,12834
2024,1,11230,5,20~24세,32567
2024,1,11230,6,25~29세,36421
2024,1,11230,7,30~34세,28487
2024,1,11230,8,35~39세,23680
2024,1,11230,9,40~44세,26129
2024,1,11230,10,45~49세,23304
2024,1,11230,11,50~54세,27807
2024,1,11230,12,55~59세,25874
2024,1,11230,13,60~64세,26090
2024,1,11230,14,65~69세,23106
2024,1,11230,15,70~74세,15809
2024,1,11230,16,75~79세,12921
2024,1,11230,17,80~84세,9615
2024,1,11230,18,85~89세,4660
2024,1,11230,19,90~94세,1419
2024,1,11230,20,95~99세,295
2024,1,11230,21,100세 이상,55
2024,1,11260,1,0~4세,8517
2024,1,11260,2,5~9세,10481
2024,1,11260,3,10~14세,11591
2024,1,11260,4,15~19세,12569
2024,1,11260,5,20~24세,19854
2024,1,11260,6,25~29세,31145
2024,1,11260,7,30~34세,32571
2024,1,11260,8,35~39세,26610
2024,1,11260,9,40~44세,28519
2024,1,11260,10,45~49세,25110
2024,1,11260,11,50~54세,32057
2024,1,11260,12,55~59세,33346
2024,1,11260,13,60~64세,34813
2024,1,11260,14,65~69세,29376
2024,1,11260,15,70~74세,19192
2024,1,11260,16,75~79세,14538
2024,1,11260,17,80~84세,10352
2024,1,11260,18,85~89세,4832
2024,1,11260,19,90~94세,1540
2024,1,11260,20,95~99세,365
2024,1,11260,21,100세 이상,55
2024,1,11290,1,0~4세,9619
2024,1,11290,2,5~9세,14081
2024,1,11290,3,10~14세,16488
2024,1,11290,4,15~19세,19454
2024,1,11290,5,20~24세,35780
2024,1,11290,6,25~29세,35810
2024,1,11290,7,30~34세,30313
2024,1,11290,8,35~39세,27379
2024,1,11290,9,40~44세,32399
2024,1,11290,10,45~49세,31309
2024,1,11290,11,50~54세,38712
2024,1,11290,12,55~59세,32951
2024,1,11290,13,60~64세,31326
2024,1,11290,14,65~69세,27287
2024,1,11290,15,70~74세,18659
2024,1,11290,16,75~79세,15258
2024,1,11290,17,80~84세,11868
2024,1,11290,18,85~89세,5868
2024,1,11290,19,90~94세,1826
2024,1,11290,20,95~99세,450
2024,1,11290,21,100세 이상,64
2024,1,11305,1,0~4세,4447
2024,1,11305,2,5~9세,6892
2024,1,11305,3,10~14세,8924
2024,1,11305,4,15~19세,10274
2024,1,11305,5,20~24세,17837
2024,1,11305,6,25~29세,22010
2024,1,11305,7,30~34세,19569
2024,1,11305,8,35~39세,16002
2024,1,11305,9,40~44세,19826
2024,1,11305,10,45~49세,19950
2024,1,11305,11,50~54세,25834
2024,1,11305,12,55~59세,24815
2024,1,11305,13,60~64세,25626
2024,1,11305,14,65~69세,22633
2024,1,11305,15,70~74세,16314
2024,1,11305,16,75~79세,13649
2024,1,11305,17,80~84세,10307
2024,1,11305,18,85~89세,4763
2024,1,11305,19,90~94세,1330
2024,1,11305,20,95~99세,326
2024,1,11305,21,100세 이상,44
2024,1,11320,1,0~4세,5514
2024,1,11320,2,5~9세,8420
2024,1,11320,3,10~14세,10473
2024,1,11320,4,15~19세,11770
2024,1,11320,5,20~24세,16895
2024,1,11320,6,25~29세,21058
2024,1,11320,7,30~34세,20431
2024,1,11320,8,35~39세,17684
2024,1,11320,9,40~44세,21420
2024,1,11320,10,45~49세,21013
2024,1,11320,11,50~54세,27476
2024,1,11320,12,55~59세,27083
2024,1,11320,13,60~64세,28055
2024,1,11320,14,65~69세,25275
2024,1,11320,15,70~74세,16577
2024,1,11320,16,75~79세,12847
2024,1,11320,17,80~84세,9931
2024,1,11320,18,85~89세,4870
2024,1,11320,19,90~94세,1643
2024,1,11320,20,95~99세,359
2024,1,11320,21,100세 이상,70
2024,1,11350,1,0~4세,10443
2024,1,11350,2,5~9세,15576
2024,1,11350,3,10~14세,21219
2024,1,11350,4,15~19세,26069
2024,1,11350,5,20~24세,34531
2024,1,11350,6,25~29세,33730
2024,1,11350,7,30~34세,32418
2024,1,11350,8,35~39세,29187
2024,1,11350,9,40~44세,36701
2024,1,11350,10,45~49세,38285
2024,1,11350,11,50~54세,46781
2024,1,11350,12,55~59세,40144
2024,1,11350,13,60~64세,39047
2024,1,11350,14,65~69세,34437
2024,1,11350,15,70~74세,22890
2024,1,11350,16,75~79세,17361
2024,1,11350,17,80~84세,12992
2024,1,11350,18,85~89세,6889
2024,1,11350,19,90~94세,2400
2024,1,11350,20,95~99세,542
2024,1,11350,21,100세 이상,85
2024,1,11380,1,0~4세,9942
2024,1,11380,2,5~9세,13944
2024,1,11380,3,10~14세,16668
2024,1,11380,4,15~19세,18666
2024,1,11380,5,20~24세,25719
2024,1,11380,6,25~29세,36362
2024,1,11380,7,30~34세,36899
2024,1,11380,8,35~39세,30477
2024,1,11380,9,40~44세,36148
2024,1,11380,10,45~49세,34298
2024,1,11380,11,50~54세,41562
2024,1,11380,12,55~59세,37026
2024,1,11380,13,60~64세,37265
2024,1,11380,14,65~69세,32339
2024,1,11380,15,70~74세,22316
2024,1,11380,16,75~79세,17980
2024,1,11380,17,80~84세,13469
2024,1,11380,18,85~89세,6683
2024,1,11380,19,90~94세,1945
2024,1,11380,20,95~99세,416
2024,1,11380,21,100세 이상,61
2024,1,11410,1,0~4세,7282
2024,1,11410,2,5~9세,10106
2024,1,11410,3,10~14세,10787
2024,1,11410,4,15~19세,11993
2024,1,11410,5,20~24세,26461
2024,1,11410,6,25~29세,30408
2024,1,11410,7,30~34세,25450
2024,1,11410,8,35~39세,21476
2024,1,11410,9,40~44세,23525
2024,1,11410,10,45~49세,21512
2024,1,11410,11,50~54세,26291
2024,1,11410,12,55~59세,23565
2024,1,11410,13,60~64세,22725
2024,1,11410,14,65~69세,19420
2024,1,11410,15,70~74세,13073
2024,1,11410,16,75~79세,10949
2024,1,11410,17,80~84세,8849
2024,1,11410,18,85~89세,4678
2024,1,11410,19,90~94세,1448
2024,1,11410,20,95~99세,318
2024,1,11410,21,100세 이상,62
2024,1,11440,1,0~4세,8605
2024,1,11440,2,5~9세,11924
2024,1,11440,3,10~14세,12746
2024,1,11440,4,15~19세,14160
2024,1,11440,5,20~24세,25890
2024,1,11440,6,25~29세,37998
2024,1,11440,7,30~34세,36563
2024,1,11440,8,35~39세,29683
2024,1,11440,9,40~44세,30538
2024,1,11440,10,45~49세,27384
2024,1,11440,11,50~54세,31419
2024,1,11440,12,55~59세,25758
2024,1,11440,13,60~64세,23702
2024,1,11440,14,65~69세,19491
2024,1,11440,15,70~74세,13078
2024,1,11440,16,75~79세,10942
2024,1,11440,17,80~84세,8659
2024,1,11440,18,85~89세,4501
2024,1,11440,19,90~94세,1532
2024,1,11440,20,95~99세,338
2024,1,11440,21,100세 이상,51
2024,1,11470,1,0~4세,8832
2024,1,11470,2,5~9세,16330
2024,1,11470,3,10~14세,23456
2024,1,11470,4,15~19세,23956
2024,1,11470,5,20~24세,23752
2024,1,11470,6,25~29세,28405
2024,1,11470,7,30~34세,27817
2024,1,11470,8,35~39세,25708
2024,1,11470,9,40~44세,35807
2024,1,11470,10,45~49세,36924
2024,1,11470,11,50~54세,40431
2024,1,11470,12,55~59세,34971
2024,1,11470,13,60~64세,33962
2024,1,11470,14,65~69세,29260
2024,1,11470,15,70~74세,19427
2024,1,11470,16,75~79세,13609
2024,1,11470,17,80~84세,8724
2024,1,11470,18,85~89세,4335
2024,1,11470,19,90~94세,1630
2024,1,11470,20,95~99세,373
2024,1,11470,21,100세 이상,65
2024,1,11500,1,0~4세,13143
2024,1,11500,2,5~9세,17548
2024,1,11500,3,10~14세,20455
2024,1,11500,4,15~19세,21202
2024,1,11500,5,20~24세,29493
2024,1,11500,6,25~29세,49918
2024,1,11500,7,30~34세,54380
2024,1,11500,8,35~39세,43332
2024,1,11500,9,40~44세,46195
2024,1,11500,10,45~49세,40670
2024,1,11500,11,50~54세,44306
2024,1,11500,12,55~59세,39902
2024,1,11500,13,60~64세,42790
2024,1,11500,14,65~69세,38437
2024,1,11500,15,70~74세,25797
2024,1,11500,16,75~79세,18508
2024,1,11500,17,80~84세,12063
2024,1,11500,18,85~89세,6143
2024,1,11500,19,90~94세,2229
2024,1,11500,20,95~99세,559
2024,1,11500,21,100세 이상,89
2024,1,11530,1,0~4세,10288
2024,1,11530,2,5~9세,13003
2024,1,11530,3,10~14세,14266
2024,1,11530,4,15~19세,14535
2024,1,11530,5,20~24세,20449
2024,1,11530,6,25~29세,31463
2024,1,11530,7,30~34세,34297
2024,1,11530,8,35~39세,30516
2024,1,11530,9,40~44세,32520
2024,1,11530,10,45~49세,29612
2024,1,11530,11,50~54세,34858
2024,1,11530,12,55~59세,33419
2024,1,11530,13,60~64세,33685
2024,1,11530,14,65~69세,29098
2024,1,11530,15,70~74세,20442
2024,1,11530,16,75~79세,15141
2024,1,11530,17,80~84세,10072
2024,1,11530,18,85~89세,4767
2024,1,11530,19,90~94세,1440
2024,1,11530,20,95~99세,352
2024,1,11530,21,100세 이상,48
2024,1,11545,1,0~4세,4604
2024,1,11545,2,5~9세,5736
2024,1,11545,3,10~14세,6339
2024,1,11545,4,15~19세,6923
2024,1,11545,5,20~24세,11835
2024,1,11545,6,25~29세,24032
2024,1,11545,7,30~34세,23455
2024,1,11545,8,35~39세,16909
2024,1,11545,9,40~44세,16507
2024,1,11545,10,45~49세,15243
2024,1,11545,11,50~54세,20013
2024,1,11545,12,55~59세,21223
2024,1,11545,13,60~64세,21663
2024,1,11545,14,65~69세,17052
2024,1,11545,15,70~74세,11260
2024,1,11545,16,75~79세,8401
2024,1,11545,17,80~84세,5759
2024,1,11545,18,85~89세,2667
2024,1,11545,19,90~94세,863
2024,1,11545,20,95~99세,159
2024,1,11545,21,100세 이상,37
2024,1,11560,1,0~4세,10551
2024,1,11560,2,5~9세,12325
2024,1,11560,3,10~14세,11708
2024,1,11560,4,15~19세,11972
2024,1,11560,5,20~24세,20246
2024,1,11560,6,25~29세,38766
2024,1,11560,7,30~34세,41764
2024,1,11560,8,35~39세,33279
2024,1,11560,9,40~44세,31078
2024,1,11560,10,45~49세,26717
2024,1,11560,11,50~54세,31586
2024,1,11560,12,55~59세,30098
2024,1,11560,13,60~64세,29202
2024,1,11560,14,65~69세,24184
2024,1,11560,15,70~74세,16184
2024,1,11560,16,75~79세,12518
2024,1,11560,17,80~84세,9111
2024,1,11560,18,85~89세,4725
2024,1,11560,19,90~94세,1541
2024,1,11560,20,95~99세,323
2024,1,11560,21,100세 이상,64
2024,1,11590,1,0~4세,8419
2024,1,11590,2,5~9세,11477
2024,1,11590,3,10~14세,12380
2024,1,11590,4,15~19세,14067
2024,1,11590,5,20~24세,28728
2024,1,11590,6,25~29세,39997
2024,1,11590,7,30~34세,34554
2024,1,11590,8,35~39세,26941
2024,1,11590,9,40~44세,28769
2024,1,11590,10,45~49세,26376
2024,1,11590,11,50~54세,30890
2024,1,11590,12,55~59세,27906
2024,1,11590,13,60~64세,27737
2024,1,11590,14,65~69세,23987
2024,1,11590,15,70~74세,17067
2024,1,11590,16,75~79세,13788
2024,1,11590,17,80~84세,9626
2024,1,11590,18,85~89세,4866
2024,1,11590,19,90~94세,1571
2024,1,11590,20,95~99세,369
2024,1,11590,21,100세 이상,61
2024,1,11620,1,0~4세,7095
2024,1,11620,2,5~9세,9352
2024,1,11620,3,10~14세,11238
2024,1,11620,4,15~19세,14331
2024,1,11620,5,20~24세,38213
2024,1,11620,6,25~29세,74364
2024,1,11620,7,30~34세,57929
2024,1,11620,8,35~39세,34335
2024,1,11620,9,40~44세,33166
2024,1,11620,10,45~49세,29815
2024,1,11620,11,50~54세,35492
2024,1,11620,12,55~59세,32775
2024,1,11620,13,60~64세,33267
2024,1,11620,14,65~69세,28913
2024,1,11620,15,70~74세,21261
2024,1,11620,16,75~79세,16973
2024,1,11620,17,80~84세,12049
2024,1,11620,18,85~89세,5307
2024,1,11620,19,90~94세,1554
2024,1,11620,20,95~99세,342
2024,1,11620,21,100세 이상,56
2024,1,11650,1,0~4세,10361
2024,1,11650,2,5~9세,17351
2024,1,11650,3,10~14세,22868
2024,1,11650,4,15~19세,22087
2024,1,11650,5,20~24세,22276
2024,1,11650,6,25~29세,28258
2024,1,11650,7,30~34세,29665
2024,1,11650,8,35~39세,28434
2024,1,11650,9,40~44세,36769
2024,1,11650,10,45~49세,36241
2024,1,11650,11,50~54세,37827
2024,1,11650,12,55~59세,28296
2024,1,11650,13,60~64세,25286
2024,1,11650,14,65~69세,23131
2024,1,11650,15,70~74세,16523
2024,1,11650,16,75~79세,12912
2024,1,11650,17,80~84세,8117
2024,1,11650,18,85~89세,4008
2024,1,11650,19,90~94세,1409
2024,1,11650,20,95~99세,388
2024,1,11650,21,100세 이상,68
2024,1,11680,1,0~4세,12381
2024,1,11680,2,5~9세,21720
2024,1,11680,3,10~14세,31987
2024,1,11680,4,15~19세,31039
2024,1,11680,5,20~24세,29361
2024,1,11680,6,25~29세,39867
2024,1,11680,7,30~34세,42866
2024,1,11680,8,35~39세,38886
2024,1,11680,9,40~44세,50900
2024,1,11680,10,45~49세,51105
2024,1,11680,11,50~54세,50385
2024,1,11680,12,55~59세,37227
2024,1,11680,13,60~64세,33334
2024,1,11680,14,65~69세,30916
2024,1,11680,15,70~74세,22581
2024,1,11680,16,75~79세,17314
2024,1,11680,17,80~84세,10296
2024,1,11680,18,85~89세,5048
2024,1,11680,19,90~94세,1894
2024,1,11680,20,95~99세,511
2024,1,11680,21,100세 이상,102
2024,1,11710,1,0~4세,17220
2024,1,11710,2,5~9세,25761
2024,1,11710,3,10~14세,29173
2024,1,11710,4,15~19세,28169
2024,1,11710,5,20~24세,33922
2024,1,11710,6,25~29세,50920
2024,1,11710,7,30~34세,56143
2024,1,11710,8,35~39세,50522
2024,1,11710,9,40~44세,57477
2024,1,11710,10,45~49세,49730
2024,1,11710,11,50~54세,53972
2024,1,11710,12,55~59세,48116
2024,1,11710,13,60~64세,48016
2024,1,11710,14,65~69세,42581
2024,1,11710,15,70~74세,27960
2024,1,11710,16,75~79세,19554
2024,1,11710,17,80~84세,11766
2024,1,11710,18,85~89세,5794
2024,1,11710,19,90~94세,2226
2024,1,11710,20,95~99세,551
2024,1,11710,21,100세 이상,88
2024,1,11740,1,0~4세,12889
2024,1,11740,2,5~9세,18107
2024,1,11740,3,10~14세,20279
2024,1,11740,4,15~19세,19284
2024,1,11740,5,20~24세,22888
2024,1,11740,6,25~29세,34129
2024,1,11740,7,30~34세,35894
2024,1,11740,8,35~39세,33762
2024,1,11740,9,40~44세,40274
2024,1,11740,10,45~49세,35344
2024,1,11740,11,50~54세,37271
2024,1,11740,12,55~59세,34456
2024,1,11740,13,60~64세,36516
2024,1,11740,14,65~69세,32477
2024,1,11740,15,70~74세,21435
2024,1,11740,16,75~79세,14998
2024,1,11740,17,80~84세,9160
2024,1,11740,18,85~89세,4322
2024,1,11740,19,90~94세,1593
2024,1,11740,20,95~99세,387
2024,1,11740,21,100세 이상,84
2024,2,11110,1,0~4세,2468
2024,2,11110,2,5~9세,3629
2024,2,11110,3,10~14세,4665
2024,2,11110,4,15~19세,5568
2024,2,11110,5,20~24세,12330
2024,2,11110,6,25~29세,14841
2024,2,11110,7,30~34세,12080
2024,2,11110,8,35~39세,9149
2024,2,11110,9,40~44세,10331
2024,2,11110,10,45~49세,9636
2024,2,11110,11,50~54세,12636
2024,2,11110,12,55~59세,11872
2024,2,11110,13,60~64세,11661
2024,2,11110,14,65~69세,9717
2024,2,11110,15,70~74세,6413
2024,2,11110,16,75~79세,5359
2024,2,11110,17,80~84세,4376
2024,2,11110,18,85~89세,2380
2024,2,11110,19,90~94세,831
2024,2,11110,20,95~99세,219
2024,2,11110,21,100세 이상,43
2024,2,11140,1,0~4세,2801
2024,2,11140,2,5~9세,3104
2024,2,11140,3,10~14세,3129
2024,2,11140,4,15~19세,3542
2024,2,11140,5,20~24세,8380
2024,2,11140,6,25~29세,12619
2024,2,11140,7,30~34세,12913
2024,2,11140,8,35~39세,10447
2024,2,11140,9,40~44세,9815
2024,2,11140,10,45~49세,8210
2024,2,11140,11,50~54세,10221
2024,2,11140,12,55~59세,10015
2024,2,11140,13,60~64세,10088
2024,2,11140,14,65~69세,9020
2024,2,11140,15,70~74세,6000
2024,2,11140,16,75~79세,4801
2024,2,11140,17,80~84세,3791
2024,2,11140,18,85~89세,1968
2024,2,11140,19,90~94세,726
2024,2,11140,20,95~99세,182
2024,2,11140,21,100세 이상,28
2024,2,11170,1,0~4세,5248
2024,2,11170,2,5~9세,6459
2024,2,11170,3,10~14세,6911
2024,2,11170,4,15~19세,7434
2024,2,11170,5,20~24세,11854
2024,2,11170,6,25~29세,18784
2024,2,11170,7,30~34세,22020
2024,2,11170,8,35~39세,17828
2024,2,11170,9,40~44세,17900
2024,2,11170,10,45~49세,15126
2024,2,11170,11,50~54세,18318
2024,2,11170,12,55~59세,16628
2024,2,11170,13,60~64세,15920
2024,2,11170,14,65~69세,13279
2024,2,11170,15,70~74세,8645
2024,2,11170,16,75~79세,6838
2024,2,11170,17,80~84세,5489
2024,2,11170,18,85~89세,3272
2024,2,11170,19,90~94세,1150
2024,2,11170,20,95~99세,286
2024,2,11170,21,100세 이상,62
2024,2,11200,1,0~4세,7792
2024,2,11200,2,5~9세,8838
2024,2,11200,3,10~14세,8419
2024,2,11200,4,15~19세,9683
2024,2,11200,5,20~24세,18605
2024,2,11200,6,25~29세,24979
2024,2,11200,7,30~34세,25205
2024,2,11200,8,35~39세,22278
2024,2,11200,9,40~44세,22242
2024,2,11200,10,45~49세,18898
2024,2,11200,11,50~54세,23212
2024,2,11200,12,55~59세,21836
2024,2,11200,13,60~64세,21332
2024,2,11200,14,65~69세,17740
2024,2,11200,15,70~74세,11661
2024,2,11200,16,75~79세,9187
2024,2,11200,17,80~84세,7006
2024,2,11200,18,85~89세,3545
2024,2,11200,19,90~94세,1121
2024,2,11200,20,95~99세,230
2024,2,11200,21,100세 이상,44
2024,2,11215,1,0~4세,6291
2024,2,11215,2,5~9세,8864
2024,2,11215,3,10~14세,11367
2024,2,11215,4,15~19세,13057
2024,2,11215,5,20~24세,26691
2024,2,11215,6,25~29세,39051
2024,2,11215,7,30~34세,33426
2024,2,11215,8,35~39세,24172
2024,2,11215,9,40~44세,25191
2024,2,11215,10,45~49세,23394
2024,2,11215,11,50~54세,27960
2024,2,11215,12,55~59세,26620
2024,2,11215,13,60~64세,25614
2024,2,11215,14,65~69세,21275
2024,2,11215,15,70~74세,13718
2024,2,11215,16,75~79세,10459
2024,2,11215,17,80~84세,7549
2024,2,11215,18,85~89세,3755
2024,2,11215,19,90~94세,1214
2024,2,11215,20,95~99세,284
2024,2,11215,21,100세 이상,53
2024,2,11230,1,0~4세,7902
2024,2,11230,2,5~9세,10184
2024,2,11230,3,10~14세,10847
2024,2,11230,4,15~19세,12763
2024,2,11230,5,20~24세,32716
2024,2,11230,6,25~29세,36271
2024,2,11230,7,30~34세,28713
2024,2,11230,8,35~39세,23657
2024,2,11230,9,40~44세,25944
2024,2,11230,10,45~49세,23110
2024,2,11230,11,50~54세,27557
2024,2,11230,12,55~59세,25942
2024,2,11230,13,60~64세,25957
2024,2,11230,14,65~69세,23265
2024,2,11230,15,70~74세,16089
2024,2,11230,16,75~79세,12838
2024,2,11230,17,80~84세,9727
2024,2,11230,18,85~89세,4756
2024,2,11230,19,90~94세,1459
2024,2,11230,20,95~99세,311
2024,2,11230,21,100세 이상,58
2024,2,11260,1,0~4세,8412
2024,2,11260,2,5~9세,10397
2024,2,11260,3,10~14세,11514
2024,2,11260,4,15~19세,12474
2024,2,11260,5,20~24세,19558
2024,2,11260,6,25~29세,30851
2024,2,11260,7,30~34세,32846
2024,2,11260,8,35~39세,26577
2024,2,11260,9,40~44세,28206
2024,2,11260,10,45~49세,25000
2024,2,11260,11,50~54세,31807
2024,2,11260,12,55~59세,33321
2024,2,11260,13,60~64세,34659
2024,2,11260,14,65~69세,29565
2024,2,11260,15,70~74세,19586
2024,2,11260,16,75~79세,14623
2024,2,11260,17,80~84세,10507
2024,2,11260,18,85~89세,4888
2024,2,11260,19,90~94세,1571
2024,2,11260,20,95~99세,363
2024,2,11260,21,100세 이상,57
2024,2,11290,1,0~4세,9515
2024,2,11290,2,5~9세,13911
2024,2,11290,3,10~14세,16467
2024,2,11290,4,15~19세,19185
2024,2,11290,5,20~24세,35909
2024,2,11290,6,25~29세,35772
2024,2,11290,7,30~34세,30552
2024,2,11290,8,35~39세,27224
2024,2,11290,9,40~44세,32093
2024,2,11290,10,45~49세,31025
2024,2,11290,11,50~54세,38541
2024,2,11290,12,55~59세,33179
2024,2,11290,13,60~64세,31328
2024,2,11290,14,65~69세,27506
2024,2,11290,15,70~74세,18860
2024,2,11290,16,75~79세,15269
2024,2,11290,17,80~84세,11969
2024,2,11290,18,85~89세,5963
2024,2,11290,19,90~94세,1866
2024,2,11290,20,95~99세,464
2024,2,11290,21,100세 이상,68
2024,2,11305,1,0~4세,4328
2024,2,11305,2,5~9세,6736
2024,2,11305,3,10~14세,8824
2024,2,11305,4,15~19세,10204
2024,2,11305,5,20~24세,17778
2024,2,11305,6,25~29세,21722
2024,2,11305,7,30~34세,19620
2024,2,11305,8,35~39세,15916
2024,2,11305,9,40~44세,19523
2024,2,11305,10,45~49세,19658
2024,2,11305,11,50~54세,25649
2024,2,11305,12,55~59세,24853
2024,2,11305,13,60~64세,25519
2024,2,11305,14,65~69세,22834
2024,2,11305,15,70~74세,16371
2024,2,11305,16,75~79세,13714
2024,2,11305,17,80~84세,10405
2024,2,11305,18,85~89세,4847
2024,2,11305,19,90~94세,1363
2024,2,11305,20,95~99세,349
2024,2,11305,21,100세 이상,39
2024,2,11320,1,0~4세,5422
2024,2,11320,2,5~9세,8295
2024,2,11320,3,10~14세,10435
2024,2,11320,4,15~19세,11613
2024,2,11320,5,20~24세,16663
2024,2,11320,6,25~29세,20903
2024,2,11320,7,30~34세,20529
2024,2,11320,8,35~39세,17626
2024,2,11320,9,40~44세,21196
2024,2,11320,10,45~49세,20699
2024,2,11320,11,50~54세,27291
2024,2,11320,12,55~59세,27122
2024,2,11320,13,60~64세,27901
2024,2,11320,14,65~69세,25527
2024,2,11320,15,70~74세,16844
2024,2,11320,16,75~79세,12905
2024,2,11320,17,80~84세,10014
2024,2,11320,18,85~89세,4991
2024,2,11320,19,90~94세,1634
2024,2,11320,20,95~99세,381
2024,2,11320,21,100세 이상,69
2024,2,11350,1,0~4세,10361
2024,2,11350,2,5~9세,15292
2024,2,11350,3,10~14세,21026
2024,2,11350,4,15~19세,25644
2024,2,11350,5,20~24세,34090
2024,2,11350,6,25~29세,33556
2024,2,11350,7,30~34세,32683
2024,2,11350,8,35~39세,29100
2024,2,11350,9,40~44세,36165
2024,2,11350,10,45~49세,37825
2024,2,11350,11,50~54세,46542
2024,2,11350,12,55~59세,40335
2024,2,11350,13,60~64세,38911
2024,2,11350,14,65~69세,34646
2024,2,11350,15,70~74세,23258
2024,2,11350,16,75~79세,17500
2024,2,11350,17,80~84세,13045
2024,2,11350,18,85~89세,6997
2024,2,11350,19,90~94세,2431
2024,2,11350,20,95~99세,548
2024,2,11350,21,100세 이상,90
2024,2,11380,1,0~4세,9693
2024,2,11380,2,5~9세,13665
2024,2,11380,3,10~14세,16490
2024,2,11380,4,15~19세,18531
2024,2,11380,5,20~24세,25424
2024,2,11380,6,25~29세,36093
2024,2,11380,7,30~34세,37395
2024,2,11380,8,35~39세,30218
2024,2,11380,9,40~44세,35650
2024,2,11380,10,45~49세,33894
2024,2,11380,11,50~54세,41411
2024,2,11380,12,55~59세,37190
2024,2,11380,13,60~64세,37145
2024,2,11380,14,65~69세,32556
2024,2,11380,15,70~74세,22689
2024,2,11380,16,75~79세,18039
2024,2,11380,17,80~84세,13618
2024,2,11380,18,85~89세,6813
2024,2,11380,19,90~94세,1955
2024,2,11380,20,95~99세,445
2024,2,11380,21,100세 이상,62
2024,2,11410,1,0~4세,7186
2024,2,11410,2,5~9세,9897
2024,2,11410,3,10~14세,10804
2024,2,11410,4,15~19세,11884
2024,2,11410,5,20~24세,26388
2024,2,11410,6,25~29세,30317
2024,2,11410,7,30~34세,25636
2024,2,11410,8,35~39세,21497
2024,2,11410,9,40~44세,23435
2024,2,11410,10,45~49세,21157
2024,2,11410,11,50~54세,26118
2024,2,11410,12,55~59세,23712
2024,2,11410,13,60~64세,22704
2024,2,11410,14,65~69세,19569
2024,2,11410,15,70~74세,13219
2024,2,11410,16,75~79세,10998
2024,2,11410,17,80~84세,8875
2024,2,11410,18,85~89세,4769
2024,2,11410,19,90~94세,1442
2024,2,11410,20,95~99세,340
2024,2,11410,21,100세 이상,63
2024,2,11440,1,0~4세,8554
2024,2,11440,2,5~9세,11804
2024,2,11440,3,10~14세,12707
2024,2,11440,4,15~19세,14020
2024,2,11440,5,20~24세,25529
2024,2,11440,6,25~29세,37602
2024,2,11440,7,30~34세,36921
2024,2,11440,8,35~39세,29755
2024,2,11440,9,40~44세,30241
2024,2,11440,10,45~49세,27132
2024,2,11440,11,50~54세,31255
2024,2,11440,12,55~59세,25907
2024,2,11440,13,60~64세,23549
2024,2,11440,14,65~69세,19668
2024,2,11440,15,70~74세,13166
2024,2,11440,16,75~79세,10959
2024,2,11440,17,80~84세,8731
2024,2,11440,18,85~89세,4517
2024,2,11440,19,90~94세,1565
2024,2,11440,20,95~99세,344
2024,2,11440,21,100세 이상,54
2024,2,11470,1,0~4세,8673
2024,2,11470,2,5~9세,16019
2024,2,11470,3,10~14세,23358
2024,2,11470,4,15~19세,23709
2024,2,11470,5,20~24세,23380
2024,2,11470,6,25~29세,28242
2024,2,11470,7,30~34세,28090
2024,2,11470,8,35~39세,25586
2024,2,11470,9,40~44세,35352
2024,2,11470,10,45~49세,36622
2024,2,11470,11,50~54세,40207
2024,2,11470,12,55~59세,35088
2024,2,11470,13,60~64세,33870
2024,2,11470,14,65~69세,29437
2024,2,11470,15,70~74세,19818
2024,2,11470,16,75~79세,13814
2024,2,11470,17,80~84세,8815
2024,2,11470,18,85~89세,4426
2024,2,11470,19,90~94세,1637
2024,2,11470,20,95~99세,387
2024,2,11470,21,100세 이상,65
2024,2,11500,1,0~4세,12874
2024,2,11500,2,5~9세,17265
2024,2,11500,3,10~14세,20362
2024,2,11500,4,15~19세,21046
2024,2,11500,5,20~24세,29127
2024,2,11500,6,25~29세,49255
2024,2,11500,7,30~34세,54625
2024,2,11500,8,35~39세,43038
2024,2,11500,9,40~44세,45732
2024,2,11500,10,45~49세,40283
2024,2,11500,11,50~54세,44262
2024,2,11500,12,55~59세,39911
2024,2,11500,13,60~64세,42330
2024,2,11500,14,65~69세,38795
2024,2,11500,15,70~74세,26194
2024,2,11500,16,75~79세,18684
2024,2,11500,17,80~84세,12161
2024,2,11500,18,85~89세,6273
2024,2,11500,19,90~94세,2249
2024,2,11500,20,95~99세,580
2024,2,11500,21,100세 이상,87
2024,2,11530,1,0~4세,10146
2024,2,11530,2,5~9세,12807
2024,2,11530,3,10~14세,14221
2024,2,11530,4,15~19세,14492
2024,2,11530,5,20~24세,20085
2024,2,11530,6,25~29세,31165
2024,2,11530,7,30~34세,34367
2024,2,11530,8,35~39세,30465
2024,2,11530,9,40~44세,32293
2024,2,11530,10,45~49세,29388
2024,2,11530,11,50~54세,34900
2024,2,11530,12,55~59세,33392
2024,2,11530,13,60~64세,33405
2024,2,11530,14,65~69세,29172
2024,2,11530,15,70~74세,20674
2024,2,11530,16,75~79세,15200
2024,2,11530,17,80~84세,10176
2024,2,11530,18,85~89세,4885
2024,2,11530,19,90~94세,1454
2024,2,11530,20,95~99세,361
2024,2,11530,21,100세 이상,51
2024,2,11545,1,0~4세,4538
2024,2,11545,2,5~9세,5604
2024,2,11545,3,10~14세,6288
2024,2,11545,4,15~19세,6903
2024,2,11545,5,20~24세,11621
2024,2,11545,6,25~29세,23885
2024,2,11545,7,30~34세,23675
2024,2,11545,8,35~39세,16943
2024,2,11545,9,40~44세,16420
2024,2,11545,10,45~49세,15035
2024,2,11545,11,50~54세,19847
2024,2,11545,12,55~59세,21150
2024,2,11545,13,60~64세,21480
2024,2,11545,14,65~69세,17268
2024,2,11545,15,70~74세,11407
2024,2,11545,16,75~79세,8433
2024,2,11545,17,80~84세,5856
2024,2,11545,18,85~89세,2721
2024,2,11545,19,90~94세,886
2024,2,11545,20,95~99세,154
2024,2,11545,21,100세 이상,39
2024,2,11560,1,0~4세,10501
2024,2,11560,2,5~9세,12113
2024,2,11560,3,10~14세,11726
2024,2,11560,4,15~19세,11915
2024,2,11560,5,20~24세,19915
2024,2,11560,6,25~29세,38648
2024,2,11560,7,30~34세,42270
2024,2,11560,8,35~39세,33509
2024,2,11560,9,40~44세,30899
2024,2,11560,10,45~49세,26632
2024,2,11560,11,50~54세,31351
2024,2,11560,12,55~59세,30139
2024,2,11560,13,60~64세,28923
2024,2,11560,14,65~69세,24335
2024,2,11560,15,70~74세,16400
2024,2,11560,16,75~79세,12570
2024,2,11560,17,80~84세,9128
2024,2,11560,18,85~89세,4861
2024,2,11560,19,90~94세,1541
2024,2,11560,20,95~99세,326
2024,2,11560,21,100세 이상,69
2024,2,11590,1,0~4세,8365
2024,2,11590,2,5~9세,11258
2024,2,11590,3,10~14세,12410
2024,2,11590,4,15~19세,13971
2024,2,11590,5,20~24세,28628
2024,2,11590,6,25~29세,39803
2024,2,11590,7,30~34세,35215
2024,2,11590,8,35~39세,27100
2024,2,11590,9,40~44세,28511
2024,2,11590,10,45~49세,26098
2024,2,11590,11,50~54세,30806
2024,2,11590,12,55~59세,28041
2024,2,11590,13,60~64세,27512
2024,2,11590,14,65~69세,24149
2024,2,11590,15,70~74세,17115
2024,2,11590,16,75~79세,13883
2024,2,11590,17,80~84세,9708
2024,2,11590,18,85~89세,4898
2024,2,11590,19,90~94세,1627
2024,2,11590,20,95~99세,374
2024,2,11590,21,100세 이상,69
2024,2,11620,1,0~4세,7020
2024,2,11620,2,5~9세,9218
2024,2,11620,3,10~14세,11146
2024,2,11620,4,15~19세,14201
2024,2,11620,5,20~24세,38019
2024,2,11620,6,25~29세,73987
2024,2,11620,7,30~34세,58784
2024,2,11620,8,35~39세,34415
2024,2,11620,9,40~44세,32773
2024,2,11620,10,45~49세,29560
2024,2,11620,11,50~54세,35371
2024,2,11620,12,55~59세,32936
2024,2,11620,13,60~64세,32935
2024,2,11620,14,65~69세,29038
2024,2,11620,15,70~74세,21495
2024,2,11620,16,75~79세,17082
2024,2,11620,17,80~84세,12219
2024,2,11620,18,85~89세,5460
2024,2,11620,19,90~94세,1571
2024,2,11620,20,95~99세,346
2024,2,11620,21,100세 이상,56
2024,2,11650,1,0~4세,10287
2024,2,11650,2,5~9세,16945
2024,2,11650,3,10~14세,22842
2024,2,11650,4,15~19세,21991
2024,2,11650,5,20~24세,22161
2024,2,11650,6,25~29세,28169
2024,2,11650,7,30~34세,29880
2024,2,11650,8,35~39세,28333
2024,2,11650,9,40~44세,36274
2024,2,11650,10,45~49세,36020
2024,2,11650,11,50~54세,37985
2024,2,11650,12,55~59세,28646
2024,2,11650,13,60~64세,25235
2024,2,11650,14,65~69세,23198
2024,2,11650,15,70~74세,16680
2024,2,11650,16,75~79세,13087
2024,2,11650,17,80~84세,8244
2024,2,11650,18,85~89세,4060
2024,2,11650,19,90~94세,1454
2024,2,11650,20,95~99세,402
2024,2,11650,21,100세 이상,66
2024,2,11680,1,0~4세,12406
2024,2,11680,2,5~9세,21374
2024,2,11680,3,10~14세,31994
2024,2,11680,4,15~19세,31099
2024,2,11680,5,20~24세,29489
2024,2,11680,6,25~29세,39966
2024,2,11680,7,30~34세,43667
2024,2,11680,8,35~39세,38988
2024,2,11680,9,40~44세,50732
2024,2,11680,10,45~49세,51093
2024,2,11680,11,50~54세,50528
2024,2,11680,12,55~59세,37665
2024,2,11680,13,60~64세,33416
2024,2,11680,14,65~69세,31120
2024,2,11680,15,70~74세,22944
2024,2,11680,16,75~79세,17462
2024,2,11680,17,80~84세,10525
2024,2,11680,18,85~89세,5122
2024,2,11680,19,90~94세,1923
2024,2,11680,20,95~99세,531
2024,2,11680,21,100세 이상,92
2024,2,11710,1,0~4세,16954
2024,2,11710,2,5~9세,25415
2024,2,11710,3,10~14세,29152
2024,2,11710,4,15~19세,27981
2024,2,11710,5,20~24세,33477
2024,2,11710,6,25~29세,50708
2024,2,11710,7,30~34세,56589
2024,2,11710,8,35~39세,50551
2024,2,11710,9,40~44세,56986
2024,2,11710,10,45~49세,49454
2024,2,11710,11,50~54세,53827
2024,2,11710,12,55~59세,48182
2024,2,11710,13,60~64세,47768
2024,2,11710,14,65~69세,42826
2024,2,11710,15,70~74세,28409
2024,2,11710,16,75~79세,19715
2024,2,11710,17,80~84세,12001
2024,2,11710,18,85~89세,5860
2024,2,11710,19,90~94세,2252
2024,2,11710,20,95~99세,572
2024,2,11710,21,100세 이상,89
2024,2,11740,1,0~4세,12783
2024,2,11740,2,5~9세,17866
2024,2,11740,3,10~14세,20429
2024,2,11740,4,15~19세,19317
2024,2,11740,5,20~24세,22760
2024,2,11740,6,25~29세,33951
2024,2,11740,7,30~34세,36446
2024,2,11740,8,35~39세,33907
2024,2,11740,9,40~44세,40154
2024,2,11740,10,45~49세,35300
2024,2,11740,11,50~54세,37440
2024,2,11740,12,55~59세,34542
2024,2,11740,13,60~64세,36458
2024,2,11740,14,65~69세,32704
2024,2,11740,15,70~74세,21937
2024,2,11740,16,75~79세,15133
2024,2,11740,17,80~84세,9331
2024,2,11740,18,85~89세,4371
2024,2,11740,19,90~94세,1606
2024,2,11740,20,95~99세,408
2024,2,11740,21,100세 이상,81
2024,3,11110,1,0~4세,2477
2024,3,11110,2,5~9세,3561
2024,3,11110,3,10~14세,4675
2024,3,11110,4,15~19세,5556
2024,3,11110,5,20~24세,12261
2024,3,11110,6,25~29세,14696
2024,3,11110,7,30~34세,12135
2024,3,11110,8,35~39세,9164
2024,3,11110,9,40~44세,10243
2024,3,11110,10,45~49세,9643
2024,3,11110,11,50~54세,12479
2024,3,11110,12,55~59세,11902
2024,3,11110,13,60~64세,11621
2024,3,11110,14,65~69세,9774
2024,3,11110,15,70~74세,6466
2024,3,11110,16,75~79세,5408
2024,3,11110,17,80~84세,4384
2024,3,11110,18,85~89세,2445
2024,3,11110,19,90~94세,855
2024,3,11110,20,95~99세,220
2024,3,11110,21,100세 이상,46
2024,3,11140,1,0~4세,2801
2024,3,11140,2,5~9세,3069
2024,3,11140,3,10~14세,3108
2024,3,11140,4,15~19세,3564
2024,3,11140,5,20~24세,8214
2024,3,11140,6,25~29세,12418
2024,3,11140,7,30~34세,13085
2024,3,11140,8,35~39세,10487
2024,3,11140,9,40~44세,9739
2024,3,11140,10,45~49세,8263
2024,3,11140,11,50~54세,10037
2024,3,11140,12,55~59세,10051
2024,3,11140,13,60~64세,10041
2024,3,11140,14,65~69세,9080
2024,3,11140,15,70~74세,6027
2024,3,11140,16,75~79세,4865
2024,3,11140,17,80~84세,3778
2024,3,11140,18,85~89세,2007
2024,3,11140,19,90~94세,732
2024,3,11140,20,95~99세,195
2024,3,11140,21,100세 이상,28
2024,3,11170,1,0~4세,5268
2024,3,11170,2,5~9세,6288
2024,3,11170,3,10~14세,6900
2024,3,11170,4,15~19세,7346
2024,3,11170,5,20~24세,11592
2024,3,11170,6,25~29세,18595
2024,3,11170,7,30~34세,22111
2024,3,11170,8,35~39세,17874
2024,3,11170,9,40~44세,17608
2024,3,11170,10,45~49세,15015
2024,3,11170,11,50~54세,18071
2024,3,11170,12,55~59세,16631
2024,3,11170,13,60~64세,15821
2024,3,11170,14,65~69세,13335
2024,3,11170,15,70~74세,8714
2024,3,11170,16,75~79세,6900
2024,3,11170,17,80~84세,5480
2024,3,11170,18,85~89세,3291
2024,3,11170,19,90~94세,1177
2024,3,11170,20,95~99세,293
2024,3,11170,21,100세 이상,60
2024,3,11200,1,0~4세,7727
2024,3,11200,2,5~9세,8662
2024,3,11200,3,10~14세,8392
2024,3,11200,4,15~19세,9519
2024,3,11200,5,20~24세,18209
2024,3,11200,6,25~29세,24652
2024,3,11200,7,30~34세,25442
2024,3,11200,8,35~39세,22178
2024,3,11200,9,40~44세,22125
2024,3,11200,10,45~49세,18690
2024,3,11200,11,50~54세,22822
2024,3,11200,12,55~59세,21883
2024,3,11200,13,60~64세,21259
2024,3,11200,14,65~69세,17792
2024,3,11200,15,70~74세,11755
2024,3,11200,16,75~79세,9246
2024,3,11200,17,80~84세,7016
2024,3,11200,18,85~89세,3604
2024,3,11200,19,90~94세,1131
2024,3,11200,20,95~99세,241
2024,3,11200,21,100세 이상,40
2024,3,11215,1,0~4세,6179
2024,3,11215,2,5~9세,8684
2024,3,11215,3,10~14세,11328
2024,3,11215,4,15~19세,13006
2024,3,11215,5,20~24세,26614
2024,3,11215,6,25~29세,38738
2024,3,11215,7,30~34세,33559
2024,3,11215,8,35~39세,24134
2024,3,11215,9,40~44세,24932
2024,3,11215,10,45~49세,23400
2024,3,11215,11,50~54세,27637
2024,3,11215,12,55~59세,26674
2024,3,11215,13,60~64세,25404
2024,3,11215,14,65~69세,21510
2024,3,11215,15,70~74세,13875
2024,3,11215,16,75~79세,10620
2024,3,11215,17,80~84세,7615
2024,3,11215,18,85~89세,3800
2024,3,11215,19,90~94세,1248
2024,3,11215,20,95~99세,297
2024,3,11215,21,100세 이상,53
2024,3,11230,1,0~4세,7821
2024,3,11230,2,5~9세,10048
2024,3,11230,3,10~14세,10859
2024,3,11230,4,15~19세,12628
2024,3,11230,5,20~24세,32525
2024,3,11230,6,25~29세,35840
2024,3,11230,7,30~34세,28915
2024,3,11230,8,35~39세,23704
2024,3,11230,9,40~44세,25680
2024,3,11230,10,45~49세,23073
2024,3,11230,11,50~54세,27241
2024,3,11230,12,55~59세,26024
2024,3,11230,13,60~64세,25795
2024,3,11230,14,65~69세,23411
2024,3,11230,15,70~74세,16209
2024,3,11230,16,75~79세,12978
2024,3,11230,17,80~84세,9793
2024,3,11230,18,85~89세,4829
2024,3,11230,19,90~94세,1477
2024,3,11230,20,95~99세,315
2024,3,11230,21,100세 이상,54
2024,3,11260,1,0~4세,8312
2024,3,11260,2,5~9세,10132
2024,3,11260,3,10~14세,11539
2024,3,11260,4,15~19세,12384
2024,3,11260,5,20~24세,19347
2024,3,11260,6,25~29세,30492
2024,3,11260,7,30~34세,33179
2024,3,11260,8,35~39세,26405
2024,3,11260,9,40~44세,27894
2024,3,11260,10,45~49세,25065
2024,3,11260,11,50~54세,31272
2024,3,11260,12,55~59세,33357
2024,3,11260,13,60~64세,34505
2024,3,11260,14,65~69세,29879
2024,3,11260,15,70~74세,19825
2024,3,11260,16,75~79세,14887
2024,3,11260,17,80~84세,10618
2024,3,11260,18,85~89세,5011
2024,3,11260,19,90~94세,1599
2024,3,11260,20,95~99세,370
2024,3,11260,21,100세 이상,59
2024,3,11290,1,0~4세,9475
2024,3,11290,2,5~9세,13666
2024,3,11290,3,10~14세,16351
2024,3,11290,4,15~19세,18916
2024,3,11290,5,20~24세,35489
2024,3,11290,6,25~29세,35541
2024,3,11290,7,30~34세,30657
2024,3,11290,8,35~39세,27207
2024,3,11290,9,40~44세,31723
2024,3,11290,10,45~49세,30875
2024,3,11290,11,50~54세,38203
2024,3,11290,12,55~59세,33387
2024,3,11290,13,60~64세,31138
2024,3,11290,14,65~69세,27758
2024,3,11290,15,70~74세,18993
2024,3,11290,16,75~79세,15526
2024,3,11290,17,80~84세,12062
2024,3,11290,18,85~89세,6073
2024,3,11290,19,90~94세,1908
2024,3,11290,20,95~99세,476
2024,3,11290,21,100세 이상,68
2024,3,11305,1,0~4세,4291
2024,3,11305,2,5~9세,6574
2024,3,11305,3,10~14세,8769
2024,3,11305,4,15~19세,10159
2024,3,11305,5,20~24세,17737
2024,3,11305,6,25~29세,21529
2024,3,11305,7,30~34세,19676
2024,3,11305,8,35~39세,15794
2024,3,11305,9,40~44세,19288
2024,3,11305,10,45~49세,19569
2024,3,11305,11,50~54세,25441
2024,3,11305,12,55~59세,24891
2024,3,11305,13,60~64세,25317
2024,3,11305,14,65~69세,23019
2024,3,11305,15,70~74세,16519
2024,3,11305,16,75~79세,13851
2024,3,11305,17,80~84세,10514
2024,3,11305,18,85~89세,4958
2024,3,11305,19,90~94세,1382
2024,3,11305,20,95~99세,353
2024,3,11305,21,100세 이상,47
2024,3,11320,1,0~4세,5326
2024,3,11320,2,5~9세,8049
2024,3,11320,3,10~14세,10374
2024,3,11320,4,15~19세,11519
2024,3,11320,5,20~24세,16418
2024,3,11320,6,25~29세,20683
2024,3,11320,7,30~34세,20604
2024,3,11320,8,35~39세,17462
2024,3,11320,9,40~44세,20909
2024,3,11320,10,45~49세,20588
2024,3,11320,11,50~54세,26940
2024,3,11320,12,55~59세,27120
2024,3,11320,13,60~64세,27707
2024,3,11320,14,65~69세,25786
2024,3,11320,15,70~74세,17025
2024,3,11320,16,75~79세,13175
2024,3,11320,17,80~84세,10006
2024,3,11320,18,85~89세,5143
2024,3,11320,19,90~94세,1638
2024,3,11320,20,95~99세,390
2024,3,11320,21,100세 이상,64
2024,3,11350,1,0~4세,10220
2024,3,11350,2,5~9세,14845
2024,3,11350,3,10~14세,20980
2024,3,11350,4,15~19세,25342
2024,3,11350,5,20~24세,33803
2024,3,11350,6,25~29세,33270
2024,3,11350,7,30~34세,32752
2024,3,11350,8,35~39세,29094
2024,3,11350,9,40~44세,35604
2024,3,11350,10,45~49세,37562
2024,3,11350,11,50~54세,46036
2024,3,11350,12,55~59세,40613
2024,3,11350,13,60~64세,38661
2024,3,11350,14,65~69세,34838
2024,3,11350,15,70~74세,23573
2024,3,11350,16,75~79세,17806
2024,3,11350,17,80~84세,13149
2024,3,11350,18,85~89세,7071
2024,3,11350,19,90~94세,2476
2024,3,11350,20,95~99세,566
2024,3,11350,21,100세 이상,97
2024,3,11380,1,0~4세,9462
2024,3,11380,2,5~9세,13251
2024,3,11380,3,10~14세,16459
2024,3,11380,4,15~19세,18274
2024,3,11380,5,20~24세,25089
2024,3,11380,6,25~29세,35737
2024,3,11380,7,30~34세,37470
2024,3,11380,8,35~39세,29944
2024,3,11380,9,40~44세,35076
2024,3,11380,10,45~49세,33672
2024,3,11380,11,50~54세,41020
2024,3,11380,12,55~59세,37423
2024,3,11380,13,60~64세,36949
2024,3,11380,14,65~69세,32762
2024,3,11380,15,70~74세,22800
2024,3,11380,16,75~79세,18350
2024,3,11380,17,80~84세,13618
2024,3,11380,18,85~89세,6915
2024,3,11380,19,90~94세,2011
2024,3,11380,20,95~99세,456
2024,3,11380,21,100세 이상,71
2024,3,11410,1,0~4세,7156
2024,3,11410,2,5~9세,9712
2024,3,11410,3,10~14세,10793
2024,3,11410,4,15~19세,12046
2024,3,11410,5,20~24세,26573
2024,3,11410,6,25~29세,30014
2024,3,11410,7,30~34세,25726
2024,3,11410,8,35~39세,21401
2024,3,11410,9,40~44세,23226
2024,3,11410,10,45~49세,21111
2024,3,11410,11,50~54세,25817
2024,3,11410,12,55~59세,23797
2024,3,11410,13,60~64세,22595
2024,3,11410,14,65~69세,19747
2024,3,11410,15,70~74세,13324
2024,3,11410,16,75~79세,11142
2024,3,11410,17,80~84세,8855
2024,3,11410,18,85~89세,4834
2024,3,11410,19,90~94세,1466
2024,3,11410,20,95~99세,350
2024,3,11410,21,100세 이상,64
2024,3,11440,1,0~4세,8449
2024,3,11440,2,5~9세,11546
2024,3,11440,3,10~14세,12751
2024,3,11440,4,15~19세,14062
2024,3,11440,5,20~24세,25557
2024,3,11440,6,25~29세,37373
2024,3,11440,7,30~34세,37151
2024,3,11440,8,35~39세,29648
2024,3,11440,9,40~44세,30158
2024,3,11440,10,45~49세,27010
2024,3,11440,11,50~54세,31105
2024,3,11440,12,55~59세,26080
2024,3,11440,13,60~64세,23487
2024,3,11440,14,65~69세,19862
2024,3,11440,15,70~74세,13218
2024,3,11440,16,75~79세,11035
2024,3,11440,17,80~84세,8794
2024,3,11440,18,85~89세,4587
2024,3,11440,19,90~94세,1603
2024,3,11440,20,95~99세,344
2024,3,11440,21,100세 이상,54
2024,3,11470,1,0~4세,8569
2024,3,11470,2,5~9세,15789
2024,3,11470,3,10~14세,23468
2024,3,11470,4,15~19세,23585
2024,3,11470,5,20~24세,23014
2024,3,11470,6,25~29세,27993
2024,3,11470,7,30~34세,28155
2024,3,11470,8,35~39세,25450
2024,3,11470,9,40~44세,35166
2024,3,11470,10,45~49세,36649
2024,3,11470,11,50~54세,39853
2024,3,11470,12,55~59세,35134
2024,3,11470,13,60~64세,33665
2024,3,11470,14,65~69세,29770
2024,3,11470,15,70~74세,20018
2024,3,11470,16,75~79세,14104
2024,3,11470,17,80~84세,8898
2024,3,11470,18,85~89세,4491
2024,3,11470,19,90~94세,1656
2024,3,11470,20,95~99세,374
2024,3,11470,21,100세 이상,66
2024,3,11500,1,0~4세,12699
2024,3,11500,2,5~9세,16884
2024,3,11500,3,10~14세,20350
2024,3,11500,4,15~19세,20851
2024,3,11500,5,20~24세,28692
2024,3,11500,6,25~29세,48780
2024,3,11500,7,30~34세,54653
2024,3,11500,8,35~39세,43143
2024,3,11500,9,40~44세,45116
2024,3,11500,10,45~49세,40243
2024,3,11500,11,50~54세,43956
2024,3,11500,12,55~59세,40010
2024,3,11500,13,60~64세,41938
2024,3,11500,14,65~69세,39116
2024,3,11500,15,70~74세,26350
2024,3,11500,16,75~79세,19160
2024,3,11500,17,80~84세,12254
2024,3,11500,18,85~89세,6374
2024,3,11500,19,90~94세,2273
2024,3,11500,20,95~99세,589
2024,3,11500,21,100세 이상,84
2024,3,11530,1,0~4세,10126
2024,3,11530,2,5~9세,12562
2024,3,11530,3,10~14세,14154
2024,3,11530,4,15~19세,14404
2024,3,11530,5,20~24세,19755
2024,3,11530,6,25~29세,30869
2024,3,11530,7,30~34세,34478
2024,3,11530,8,35~39세,30537
2024,3,11530,9,40~44세,32028
2024,3,11530,10,45~49세,29229
2024,3,11530,11,50~54세,34797
2024,3,11530,12,55~59세,33572
2024,3,11530,13,60~64세,33085
2024,3,11530,14,65~69세,29399
2024,3,11530,15,70~74세,20723
2024,3,11530,16,75~79세,15528
2024,3,11530,17,80~84세,10291
2024,3,11530,18,85~89세,4986
2024,3,11530,19,90~94세,1492
2024,3,11530,20,95~99세,374
2024,3,11530,21,100세 이상,52
2024,3,11545,1,0~4세,4471
2024,3,11545,2,5~9세,5491
2024,3,11545,3,10~14세,6227
2024,3,11545,4,15~19세,6823
2024,3,11545,5,20~24세,11448
2024,3,11545,6,25~29세,23774
2024,3,11545,7,30~34세,23864
2024,3,11545,8,35~39세,16929
2024,3,11545,9,40~44세,16161
2024,3,11545,10,45~49세,15072
2024,3,11545,11,50~54세,19552
2024,3,11545,12,55~59세,21204
2024,3,11545,13,60~64세,21254
2024,3,11545,14,65~69세,17378
2024,3,11545,15,70~74세,11560
2024,3,11545,16,75~79세,8593
2024,3,11545,17,80~84세,5918
2024,3,11545,18,85~89세,2773
2024,3,11545,19,90~94세,888
2024,3,11545,20,95~99세,157
2024,3,11545,21,100세 이상,40
2024,3,11560,1,0~4세,10453
2024,3,11560,2,5~9세,11895
2024,3,11560,3,10~14세,11729
2024,3,11560,4,15~19세,11834
2024,3,11560,5,20~24세,19709
2024,3,11560,6,25~29세,38407
2024,3,11560,7,30~34세,42631
2024,3,11560,8,35~39세,33668
2024,3,11560,9,40~44세,30713
2024,3,11560,10,45~49세,26615
2024,3,11560,11,50~54세,31152
2024,3,11560,12,55~59세,30319
2024,3,11560,13,60~64세,28676
2024,3,11560,14,65~69세,24400
2024,3,11560,15,70~74세,16504
2024,3,11560,16,75~79세,12779
2024,3,11560,17,80~84세,9154
2024,3,11560,18,85~89세,4903
2024,3,11560,19,90~94세,1580
2024,3,11560,20,95~99세,325
2024,3,11560,21,100세 이상,68
2024,3,11590,1,0~4세,8251
2024,3,11590,2,5~9세,10968
2024,3,11590,3,10~14세,12321
2024,3,11590,4,15~19세,13844
2024,3,11590,5,20~24세,28159
2024,3,11590,6,25~29세,39443
2024,3,11590,7,30~34세,35291
2024,3,11590,8,35~39세,27034
2024,3,11590,9,40~44세,27973
2024,3,11590,10,45~49세,26092
2024,3,11590,11,50~54세,30497
2024,3,11590,12,55~59세,28166
2024,3,11590,13,60~64세,27282
2024,3,11590,14,65~69세,24357
2024,3,11590,15,70~74세,17159
2024,3,11590,16,75~79세,14066
2024,3,11590,17,80~84세,9819
2024,3,11590,18,85~89세,4965
2024,3,11590,19,90~94세,1659
2024,3,11590,20,95~99세,379
2024,3,11590,21,100세 이상,67
2024,3,11620,1,0~4세,6892
2024,3,11620,2,5~9세,8922
2024,3,11620,3,10~14세,11098
2024,3,11620,4,15~19세,14109
2024,3,11620,5,20~24세,37743
2024,3,11620,6,25~29세,73339
2024,3,11620,7,30~34세,59298
2024,3,11620,8,35~39세,34443
2024,3,11620,9,40~44세,32359
2024,3,11620,10,45~49세,29459
2024,3,11620,11,50~54세,35001
2024,3,11620,12,55~59세,33087
2024,3,11620,13,60~64세,32704
2024,3,11620,14,65~69세,29210
2024,3,11620,15,70~74세,21542
2024,3,11620,16,75~79세,17358
2024,3,11620,17,80~84세,12343
2024,3,11620,18,85~89세,5601
2024,3,11620,19,90~94세,1554
2024,3,11620,20,95~99세,348
2024,3,11620,21,100세 이상,59
2024,3,11650,1,0~4세,10238
2024,3,11650,2,5~9세,16714
2024,3,11650,3,10~14세,23001
2024,3,11650,4,15~19세,21976
2024,3,11650,5,20~24세,22101
2024,3,11650,6,25~29세,27971
2024,3,11650,7,30~34세,30040
2024,3,11650,8,35~39세,28415
2024,3,11650,9,40~44세,35926
2024,3,11650,10,45~49세,36120
2024,3,11650,11,50~54세,37929
2024,3,11650,12,55~59세,28968
2024,3,11650,13,60~64세,25217
2024,3,11650,14,65~69세,23411
2024,3,11650,15,70~74세,16733
2024,3,11650,16,75~79세,13391
2024,3,11650,17,80~84세,8335
2024,3,11650,18,85~89세,4174
2024,3,11650,19,90~94세,1480
2024,3,11650,20,95~99세,405
2024,3,11650,21,100세 이상,66
2024,3,11680,1,0~4세,12351
2024,3,11680,2,5~9세,21148
2024,3,11680,3,10~14세,32417
2024,3,11680,4,15~19세,31505
2024,3,11680,5,20~24세,29367
2024,3,11680,6,25~29세,39690
2024,3,11680,7,30~34세,43880
2024,3,11680,8,35~39세,39193
2024,3,11680,9,40~44세,50568
2024,3,11680,10,45~49세,51682
2024,3,11680,11,50~54세,50438
2024,3,11680,12,55~59세,38050
2024,3,11680,13,60~64세,33324
2024,3,11680,14,65~69세,31201
2024,3,11680,15,70~74세,23121
2024,3,11680,16,75~79세,17883
2024,3,11680,17,80~84세,10707
2024,3,11680,18,85~89세,5182
2024,3,11680,19,90~94세,1943
2024,3,11680,20,95~99세,539
2024,3,11680,21,100세 이상,91
2024,3,11710,1,0~4세,16793
2024,3,11710,2,5~9세,25060
2024,3,11710,3,10~14세,29161
2024,3,11710,4,15~19세,27994
2024,3,11710,5,20~24세,32915
2024,3,11710,6,25~29세,50167
2024,3,11710,7,30~34세,57032
2024,3,11710,8,35~39세,50431
2024,3,11710,9,40~44세,56682
2024,3,11710,10,45~49세,49570
2024,3,11710,11,50~54세,53283
2024,3,11710,12,55~59세,48466
2024,3,11710,13,60~64세,47422
2024,3,11710,14,65~69세,43022
2024,3,11710,15,70~74세,28781
2024,3,11710,16,75~79세,20147
2024,3,11710,17,80~84세,12159
2024,3,11710,18,85~89세,5976
2024,3,11710,19,90~94세,2249
2024,3,11710,20,95~99세,589
2024,3,11710,21,100세 이상,92
2024,3,11740,1,0~4세,12789
2024,3,11740,2,5~9세,17749
2024,3,11740,3,10~14세,20613
2024,3,11740,4,15~19세,19409
2024,3,11740,5,20~24세,22636
2024,3,11740,6,25~29세,33756
2024,3,11740,7,30~34세,37121
2024,3,11740,8,35~39세,34121
2024,3,11740,9,40~44세,39997
2024,3,11740,10,45~49세,35756
2024,3,11740,11,50~54세,37512
2024,3,11740,12,55~59세,34687
2024,3,11740,13,60~64세,36302
2024,3,11740,14,65~69세,33104
2024,3,11740,15,70~74세,22261
2024,3,11740,16,75~79세,15605
2024,3,11740,17,80~84세,9455
2024,3,11740,18,85~89세,4455
2024,3,11740,19,90~94세,1627
2024,3,11740,20,95~99세,429
2024,3,11740,21,100세 이상,80
2024,4,11110,1,0~4세,2449
2024,4,11110,2,5~9세,3497
2024,4,11110,3,10~14세,4644
2024,4,11110,4,15~19세,5595
2024,4,11110,5,20~24세,12174
2024,4,11110,6,25~29세,14573
2024,4,11110,7,30~34세,12207
2024,4,11110,8,35~39세,9177
2024,4,11110,9,40~44세,10034
2024,4,11110,10,45~49세,9658
2024,4,11110,11,50~54세,12328
2024,4,11110,12,55~59세,11884
2024,4,11110,13,60~64세,11548
2024,4,11110,14,65~69세,9874
2024,4,11110,15,70~74세,6532
2024,4,11110,16,75~79세,5421
2024,4,11110,17,80~84세,4351
2024,4,11110,18,85~89세,2509
2024,4,11110,19,90~94세,889
2024,4,11110,20,95~99세,223
2024,4,11110,21,100세 이상,41
2024,4,11140,1,0~4세,2775
2024,4,11140,2,5~9세,3048
2024,4,11140,3,10~14세,3057
2024,4,11140,4,15~19세,3604
2024,4,11140,5,20~24세,8309
2024,4,11140,6,25~29세,12314
2024,4,11140,7,30~34세,13055
2024,4,11140,8,35~39세,10551
2024,4,11140,9,40~44세,9602
2024,4,11140,10,45~49세,8238
2024,4,11140,11,50~54세,9895
2024,4,11140,12,55~59세,9971
2024,4,11140,13,60~64세,9942
2024,4,11140,14,65~69세,9075
2024,4,11140,15,70~74세,6133
2024,4,11140,16,75~79세,4865
2024,4,11140,17,80~84세,3778
2024,4,11140,18,85~89세,2045
2024,4,11140,19,90~94세,735
2024,4,11140,20,95~99세,198
2024,4,11140,21,100세 이상,24
2024,4,11170,1,0~4세,5230
2024,4,11170,2,5~9세,6221
2024,4,11170,3,10~14세,6820
2024,4,11170,4,15~19세,7293
2024,4,11170,5,20~24세,11504
2024,4,11170,6,25~29세,18342
2024,4,11170,7,30~34세,22145
2024,4,11170,8,35~39세,17865
2024,4,11170,9,40~44세,17345
2024,4,11170,10,45~49세,14897
2024,4,11170,11,50~54세,17848
2024,4,11170,12,55~59세,16577
2024,4,11170,13,60~64세,15700
2024,4,11170,14,65~69세,13504
2024,4,11170,15,70~74세,8779
2024,4,11170,16,75~79세,6881
2024,4,11170,17,80~84세,5405
2024,4,11170,18,85~89세,3311
2024,4,11170,19,90~94세,1189
2024,4,11170,20,95~99세,282
2024,4,11170,21,100세 이상,56
2024,4,11200,1,0~4세,7669
2024,4,11200,2,5~9세,8494
2024,4,11200,3,10~14세,8309
2024,4,11200,4,15~19세,9546
2024,4,11200,5,20~24세,18253
2024,4,11200,6,25~29세,24341
2024,4,11200,7,30~34세,25524
2024,4,11200,8,35~39세,22172
2024,4,11200,9,40~44세,21850
2024,4,11200,10,45~49세,18646
2024,4,11200,11,50~54세,22503
2024,4,11200,12,55~59세,21764
2024,4,11200,13,60~64세,20973
2024,4,11200,14,65~69세,17980
2024,4,11200,15,70~74세,11814
2024,4,11200,16,75~79세,9362
2024,4,11200,17,80~84세,7008
2024,4,11200,18,85~89세,3638
2024,4,11200,19,90~94세,1158
2024,4,11200,20,95~99세,246
2024,4,11200,21,100세 이상,39
2024,4,11215,1,0~4세,6122
2024,4,11215,2,5~9세,8553
2024,4,11215,3,10~14세,11205
2024,4,11215,4,15~19세,13132
2024,4,11215,5,20~24세,26674
2024,4,11215,6,25~29세,38436
2024,4,11215,7,30~34세,33529
2024,4,11215,8,35~39세,24237
2024,4,11215,9,40~44세,24605
2024,4,11215,10,45~49세,23386
2024,4,11215,11,50~54세,27305
2024,4,11215,12,55~59세,26623
2024,4,11215,13,60~64세,25102
2024,4,11215,14,65~69세,21774
2024,4,11215,15,70~74세,14172
2024,4,11215,16,75~79세,10678
2024,4,11215,17,80~84세,7568
2024,4,11215,18,85~89세,3921
2024,4,11215,19,90~94세,1273
2024,4,11215,20,95~99세,308
2024,4,11215,21,100세 이상,49
2024,4,11230,1,0~4세,7703
2024,4,11230,2,5~9세,9852
2024,4,11230,3,10~14세,10781
2024,4,11230,4,15~19세,12851
2024,4,11230,5,20~24세,33127
2024,4,11230,6,25~29세,35505
2024,4,11230,7,30~34세,29132
2024,4,11230,8,35~39세,23583
2024,4,11230,9,40~44세,25297
2024,4,11230,10,45~49세,22921
2024,4,11230,11,50~54세,26957
2024,4,11230,12,55~59세,25875
2024,4,11230,13,60~64세,25437
2024,4,11230,14,65~69세,23645
2024,4,11230,15,70~74세,16373
2024,4,11230,16,75~79세,13079
2024,4,11230,17,80~84세,9696
2024,4,11230,18,85~89세,4860
2024,4,11230,19,90~94세,1557
2024,4,11230,20,95~99세,322
2024,4,11230,21,100세 이상,50
2024,4,11260,1,0~4세,8192
2024,4,11260,2,5~9세,10006
2024,4,11260,3,10~14세,11405
2024,4,11260,4,15~19세,12335
2024,4,11260,5,20~24세,19119
2024,4,11260,6,25~29세,30224
2024,4,11260,7,30~34세,33245
2024,4,11260,8,35~39세,26427
2024,4,11260,9,40~44세,27524
2024,4,11260,10,45~49세,25053
2024,4,11260,11,50~54세,31002
2024,4,11260,12,55~59세,33149
2024,4,11260,13,60~64세,34176
2024,4,11260,14,65~69세,30365
2024,4,11260,15,70~74세,20208
2024,4,11260,16,75~79세,15091
2024,4,11260,17,80~84세,10625
2024,4,11260,18,85~89세,5123
2024,4,11260,19,90~94세,1642
2024,4,11260,20,95~99세,378
2024,4,11260,21,100세 이상,60
2024,4,11290,1,0~4세,9398
2024,4,11290,2,5~9세,13383
2024,4,11290,3,10~14세,16257
2024,4,11290,4,15~19세,19092
2024,4,11290,5,20~24세,35800
2024,4,11290,6,25~29세,35460
2024,4,11290,7,30~34세,30653
2024,4,11290,8,35~39세,27188
2024,4,11290,9,40~44세,31251
2024,4,11290,10,45~49세,30643
2024,4,11290,11,50~54세,37933
2024,4,11290,12,55~59세,33475
2024,4,11290,13,60~64세,30936
2024,4,11290,14,65~69세,28016
2024,4,11290,15,70~74세,19171
2024,4,11290,16,75~79세,15649
2024,4,11290,17,80~84세,12023
2024,4,11290,18,85~89세,6180
2024,4,11290,19,90~94세,1981
2024,4,11290,20,95~99세,481
2024,4,11290,21,100세 이상,67
2024,4,11305,1,0~4세,4286
2024,4,11305,2,5~9세,6443
2024,4,11305,3,10~14세,8619
2024,4,11305,4,15~19세,10267
2024,4,11305,5,20~24세,17637
2024,4,11305,6,25~29세,21367
2024,4,11305,7,30~34세,19823
2024,4,11305,8,35~39세,15705
2024,4,11305,9,40~44세,18992
2024,4,11305,10,45~49세,19493
2024,4,11305,11,50~54세,25349
2024,4,11305,12,55~59세,24863
2024,4,11305,13,60~64세,25119
2024,4,11305,14,65~69세,23252
2024,4,11305,15,70~74세,16811
2024,4,11305,16,75~79세,13975
2024,4,11305,17,80~84세,10535
2024,4,11305,18,85~89세,5032
2024,4,11305,19,90~94세,1408
2024,4,11305,20,95~99세,351
2024,4,11305,21,100세 이상,47
2024,4,11320,1,0~4세,5237
2024,4,11320,2,5~9세,7835
2024,4,11320,3,10~14세,10281
2024,4,11320,4,15~19세,11515
2024,4,11320,5,20~24세,16149
2024,4,11320,6,25~29세,20454
2024,4,11320,7,30~34세,20619
2024,4,11320,8,35~39세,17444
2024,4,11320,9,40~44세,20590
2024,4,11320,10,45~49세,20538
2024,4,11320,11,50~54세,26680
2024,4,11320,12,55~59세,26966
2024,4,11320,13,60~64세,27501
2024,4,11320,14,65~69세,26090
2024,4,11320,15,70~74세,17404
2024,4,11320,16,75~79세,13310
2024,4,11320,17,80~84세,10015
2024,4,11320,18,85~89세,5267
2024,4,11320,19,90~94세,1677
2024,4,11320,20,95~99세,399
2024,4,11320,21,100세 이상,61
2024,4,11350,1,0~4세,10089
2024,4,11350,2,5~9세,14515
2024,4,11350,3,10~14세,20898
2024,4,11350,4,15~19세,24954
2024,4,11350,5,20~24세,33616
2024,4,11350,6,25~29세,33092
2024,4,11350,7,30~34세,32689
2024,4,11350,8,35~39세,29117
2024,4,11350,9,40~44세,34977
2024,4,11350,10,45~49세,37477
2024,4,11350,11,50~54세,45718
2024,4,11350,12,55~59세,40508
2024,4,11350,13,60~64세,38323
2024,4,11350,14,65~69세,35191
2024,4,11350,15,70~74세,23920
2024,4,11350,16,75~79세,17959
2024,4,11350,17,80~84세,13131
2024,4,11350,18,85~89세,7160
2024,4,11350,19,90~94세,2542
2024,4,11350,20,95~99세,580
2024,4,11350,21,100세 이상,96
2024,4,11380,1,0~4세,9375
2024,4,11380,2,5~9세,12879
2024,4,11380,3,10~14세,16350
2024,4,11380,4,15~19세,18236
2024,4,11380,5,20~24세,24585
2024,4,11380,6,25~29세,35545
2024,4,11380,7,30~34세,37464
2024,4,11380,8,35~39세,29992
2024,4,11380,9,40~44세,34416
2024,4,11380,10,45~49세,33620
2024,4,11380,11,50~54세,40893
2024,4,11380,12,55~59세,37353
2024,4,11380,13,60~64세,36579
2024,4,11380,14,65~69세,33261
2024,4,11380,15,70~74세,23021
2024,4,11380,16,75~79세,18534
2024,4,11380,17,80~84세,13551
2024,4,11380,18,85~89세,7062
2024,4,11380,19,90~94세,2099
2024,4,11380,20,95~99세,466
2024,4,11380,21,100세 이상,69
2024,4,11410,1,0~4세,7156
2024,4,11410,2,5~9세,9467
2024,4,11410,3,10~14세,10803
2024,4,11410,4,15~19세,12239
2024,4,11410,5,20~24세,26346
2024,4,11410,6,25~29세,29613
2024,4,11410,7,30~34세,25688
2024,4,11410,8,35~39세,21392
2024,4,11410,9,40~44세,22933
2024,4,11410,10,45~49세,21041
2024,4,11410,11,50~54세,25571
2024,4,11410,12,55~59세,23751
2024,4,11410,13,60~64세,22393
2024,4,11410,14,65~69세,19918
2024,4,11410,15,70~74세,13473
2024,4,11410,16,75~79세,11157
2024,4,11410,17,80~84세,8806
2024,4,11410,18,85~89세,4941
2024,4,11410,19,90~94세,1506
2024,4,11410,20,95~99세,356
2024,4,11410,21,100세 이상,72
2024,4,11440,1,0~4세,8391
2024,4,11440,2,5~9세,11362
2024,4,11440,3,10~14세,12710
2024,4,11440,4,15~19세,13985
2024,4,11440,5,20~24세,25251
2024,4,11440,6,25~29세,36963
2024,4,11440,7,30~34세,37249
2024,4,11440,8,35~39세,29653
2024,4,11440,9,40~44세,29784
2024,4,11440,10,45~49세,27016
2024,4,11440,11,50~54세,30859
2024,4,11440,12,55~59세,26196
2024,4,11440,13,60~64세,23317
2024,4,11440,14,65~69세,20060
2024,4,11440,15,70~74세,13400
2024,4,11440,16,75~79세,11059
2024,4,11440,17,80~84세,8746
2024,4,11440,18,85~89세,4701
2024,4,11440,19,90~94세,1635
2024,4,11440,20,95~99세,359
2024,4,11440,21,100세 이상,49
2024,4,11470,1,0~4세,8516
2024,4,11470,2,5~9세,15520
2024,4,11470,3,10~14세,23360
2024,4,11470,4,15~19세,23594
2024,4,11470,5,20~24세,22690
2024,4,11470,6,25~29세,27638
2024,4,11470,7,30~34세,28054
2024,4,11470,8,35~39세,25316
2024,4,11470,9,40~44세,34642
2024,4,11470,10,45~49세,36649
2024,4,11470,11,50~54세,39695
2024,4,11470,12,55~59세,34850
2024,4,11470,13,60~64세,33437
2024,4,11470,14,65~69세,30059
2024,4,11470,15,70~74세,20431
2024,4,11470,16,75~79세,14274
2024,4,11470,17,80~84세,8909
2024,4,11470,18,85~89세,4574
2024,4,11470,19,90~94세,1694
2024,4,11470,20,95~99세,382
2024,4,11470,21,100세 이상,67
2024,4,11500,1,0~4세,12531
2024,4,11500,2,5~9세,16603
2024,4,11500,3,10~14세,20272
2024,4,11500,4,15~19세,20703
2024,4,11500,5,20~24세,28296
2024,4,11500,6,25~29세,48324
2024,4,11500,7,30~34세,54736
2024,4,11500,8,35~39세,43213
2024,4,11500,9,40~44세,44446
2024,4,11500,10,45~49세,40460
2024,4,11500,11,50~54세,43853
2024,4,11500,12,55~59세,39699
2024,4,11500,13,60~64세,41505
2024,4,11500,14,65~69세,39455
2024,4,11500,15,70~74세,26902
2024,4,11500,16,75~79세,19421
2024,4,11500,17,80~84세,12330
2024,4,11500,18,85~89세,6445
2024,4,11500,19,90~94세,2333
2024,4,11500,20,95~99세,581
2024,4,11500,21,100세 이상,86
2024,4,11530,1,0~4세,10098
2024,4,11530,2,5~9세,12283
2024,4,11530,3,10~14세,14052
2024,4,11530,4,15~19세,14446
2024,4,11530,5,20~24세,19516
2024,4,11530,6,25~29세,30611
2024,4,11530,7,30~34세,34454
2024,4,11530,8,35~39세,30566
2024,4,11530,9,40~44세,31605
2024,4,11530,10,45~49세,29357
2024,4,11530,11,50~54세,34652
2024,4,11530,12,55~59세,33634
2024,4,11530,13,60~64세,32769
2024,4,11530,14,65~69세,29698
2024,4,11530,15,70~74세,20987
2024,4,11530,16,75~79세,15757
2024,4,11530,17,80~84세,10388
2024,4,11530,18,85~89세,5055
2024,4,11530,19,90~94세,1549
2024,4,11530,20,95~99세,385
2024,4,11530,21,100세 이상,54
2024,4,11545,1,0~4세,4443
2024,4,11545,2,5~9세,5376
2024,4,11545,3,10~14세,6174
2024,4,11545,4,15~19세,6774
2024,4,11545,5,20~24세,11205
2024,4,11545,6,25~29세,23529
2024,4,11545,7,30~34세,24023
2024,4,11545,8,35~39세,16949
2024,4,11545,9,40~44세,15914
2024,4,11545,10,45~49세,15021
2024,4,11545,11,50~54세,19458
2024,4,11545,12,55~59세,21095
2024,4,11545,13,60~64세,21158
2024,4,11545,14,65~69세,17602
2024,4,11545,15,70~74세,11744
2024,4,11545,16,75~79세,8707
2024,4,11545,17,80~84세,5910
2024,4,11545,18,85~89세,2871
2024,4,11545,19,90~94세,909
2024,4,11545,20,95~99세,170
2024,4,11545,21,100세 이상,38
2024,4,11560,1,0~4세,10305
2024,4,11560,2,5~9세,11674
2024,4,11560,3,10~14세,11641
2024,4,11560,4,15~19세,11814
2024,4,11560,5,20~24세,19261
2024,4,11560,6,25~29세,38397
2024,4,11560,7,30~34세,43072
2024,4,11560,8,35~39세,33731
2024,4,11560,9,40~44세,30474
2024,4,11560,10,45~49세,26632
2024,4,11560,11,50~54세,31012
2024,4,11560,12,55~59세,30371
2024,4,11560,13,60~64세,28334
2024,4,11560,14,65~69세,24685
2024,4,11560,15,70~74세,16691
2024,4,11560,16,75~79세,12913
2024,4,11560,17,80~84세,9122
2024,4,11560,18,85~89세,5023
2024,4,11560,19,90~94세,1626
2024,4,11560,20,95~99세,329
2024,4,11560,21,100세 이상,66
2024,4,11590,1,0~4세,8182
2024,4,11590,2,5~9세,10650
2024,4,11590,3,10~14세,12269
2024,4,11590,4,15~19세,13825
2024,4,11590,5,20~24세,28143
2024,4,11590,6,25~29세,39337
2024,4,11590,7,30~34세,35476
2024,4,11590,8,35~39세,27026
2024,4,11590,9,40~44세,27626
2024,4,11590,10,45~49세,26135
2024,4,11590,11,50~54세,30318
2024,4,11590,12,55~59세,28104
2024,4,11590,13,60~64세,27060
2024,4,11590,14,65~69세,24584
2024,4,11590,15,70~74세,17337
2024,4,11590,16,75~79세,14174
2024,4,11590,17,80~84세,9886
2024,4,11590,18,85~89세,5070
2024,4,11590,19,90~94세,1691
2024,4,11590,20,95~99세,391
2024,4,11590,21,100세 이상,68
2024,4,11620,1,0~4세,6812
2024,4,11620,2,5~9세,8693
2024,4,11620,3,10~14세,10949
2024,4,11620,4,15~19세,14130
2024,4,11620,5,20~24세,37543
2024,4,11620,6,25~29세,73320
2024,4,11620,7,30~34세,59502
2024,4,11620,8,35~39세,34625
2024,4,11620,9,40~44세,31747
2024,4,11620,10,45~49세,29315
2024,4,11620,11,50~54세,34796
2024,4,11620,12,55~59세,32910
2024,4,11620,13,60~64세,32393
2024,4,11620,14,65~69세,29573
2024,4,11620,15,70~74세,21680
2024,4,11620,16,75~79세,17520
2024,4,11620,17,80~84세,12399
2024,4,11620,18,85~89세,5666
2024,4,11620,19,90~94세,1636
2024,4,11620,20,95~99세,360
2024,4,11620,21,100세 이상,51
2024,4,11650,1,0~4세,10261
2024,4,11650,2,5~9세,16696
2024,4,11650,3,10~14세,22997
2024,4,11650,4,15~19세,22133
2024,4,11650,5,20~24세,22058
2024,4,11650,6,25~29세,27814
2024,4,11650,7,30~34세,30016
2024,4,11650,8,35~39세,28329
2024,4,11650,9,40~44세,35539
2024,4,11650,10,45~49세,36424
2024,4,11650,11,50~54세,37836
2024,4,11650,12,55~59세,29130
2024,4,11650,13,60~64세,25108
2024,4,11650,14,65~69세,23612
2024,4,11650,15,70~74세,16935
2024,4,11650,16,75~79세,13512
2024,4,11650,17,80~84세,8450
2024,4,11650,18,85~89세,4228
2024,4,11650,19,90~94세,1533
2024,4,11650,20,95~99세,402
2024,4,11650,21,100세 이상,63
2024,4,11680,1,0~4세,12339
2024,4,11680,2,5~9세,20970
2024,4,11680,3,10~14세,32457
2024,4,11680,4,15~19세,31305
2024,4,11680,5,20~24세,29000
2024,4,11680,6,25~29세,39063
2024,4,11680,7,30~34세,43926
2024,4,11680,8,35~39세,39236
2024,4,11680,9,40~44세,49825
2024,4,11680,10,45~49세,52029
2024,4,11680,11,50~54세,50334
2024,4,11680,12,55~59세,38156
2024,4,11680,13,60~64세,33105
2024,4,11680,14,65~69세,31363
2024,4,11680,15,70~74세,23302
2024,4,11680,16,75~79세,18079
2024,4,11680,17,80~84세,10834
2024,4,11680,18,85~89세,5280
2024,4,11680,19,90~94세,1971
2024,4,11680,20,95~99세,557
2024,4,11680,21,100세 이상,84
2024,4,11710,1,0~4세,16742
2024,4,11710,2,5~9세,24679
2024,4,11710,3,10~14세,29206
2024,4,11710,4,15~19세,27895
2024,4,11710,5,20~24세,32417
2024,4,11710,6,25~29세,49703
2024,4,11710,7,30~34세,57150
2024,4,11710,8,35~39세,50451
2024,4,11710,9,40~44세,56026
2024,4,11710,10,45~49세,49825
2024,4,11710,11,50~54세,53051
2024,4,11710,12,55~59세,48103
2024,4,11710,13,60~64세,46819
2024,4,11710,14,65~69세,43300
2024,4,11710,15,70~74세,29233
2024,4,11710,16,75~79세,20405
2024,4,11710,17,80~84세,12257
2024,4,11710,18,85~89세,6067
2024,4,11710,19,90~94세,2290
2024,4,11710,20,95~99세,604
2024,4,11710,21,100세 이상,87
2024,4,11740,1,0~4세,13241
2024,4,11740,2,5~9세,18042
2024,4,11740,3,10~14세,21051
2024,4,11740,4,15~19세,19995
2024,4,11740,5,20~24세,22933
2024,4,11740,6,25~29세,34247
2024,4,11740,7,30~34세,38696
2024,4,11740,8,35~39세,35361
2024,4,11740,9,40~44세,40762
2024,4,11740,10,45~49세,36780
2024,4,11740,11,50~54세,38314
2024,4,11740,12,55~59세,35396
2024,4,11740,13,60~64세,36761
2024,4,11740,14,65~69세,34259
2024,4,11740,15,70~74세,23056
2024,4,11740,16,75~79세,16165
2024,4,11740,17,80~84세,9638
2024,4,11740,18,85~89세,4558
2024,4,11740,19,90~94세,1670
2024,4,11740,20,95~99세,467
2024,4,11740,21,100세 이상,82
