"자치구별(1)","항목","시점","경제활동별(1)",데이터
"종로구","2020년 기준년 연쇄가격","2015","지역내총생산(시장가격)",28663414
"종로구","2020년 기준년 연쇄가격","2015","순생산물세",3256275
"종로구","2020년 기준년 연쇄가격","2015","총부가가치(기초가격)",25369067
"종로구","2020년 기준년 연쇄가격","2015","농업, 임업 및 어업",10267
"종로구","2020년 기준년 연쇄가격","2015","광업",930
"종로구","2020년 기준년 연쇄가격","2015","제조업",447335
"종로구","2020년 기준년 연쇄가격","2015","전기, 가스, 증기 및 공기 조절 공급업",85849
"종로구","2020년 기준년 연쇄가격","2015","건설업",334019
"종로구","2020년 기준년 연쇄가격","2015","도매 및 소매업",2549173
"종로구","2020년 기준년 연쇄가격","2015","운수 및 창고업",615814
"종로구","2020년 기준년 연쇄가격","2015","숙박 및 음식점업",575620
"종로구","2020년 기준년 연쇄가격","2015","정보통신업",2752587
"종로구","2020년 기준년 연쇄가격","2015","금융 및 보험업",5026309
"종로구","2020년 기준년 연쇄가격","2015","부동산업",1977463
"종로구","2020년 기준년 연쇄가격","2015","사업서비스업",2871991
"종로구","2020년 기준년 연쇄가격","2015","공공 행정, 국방 및 사회보장 행정",5643048
"종로구","2020년 기준년 연쇄가격","2015","교육 서비스업",770518
"종로구","2020년 기준년 연쇄가격","2015","보건업 및 사회복지서비스업",1077662
"종로구","2020년 기준년 연쇄가격","2015","문화 및 기타 서비스업",777242
"종로구","2020년 기준년 연쇄가격","2016","지역내총생산(시장가격)",31955888
"종로구","2020년 기준년 연쇄가격","2016","순생산물세",3270505
"종로구","2020년 기준년 연쇄가격","2016","총부가가치(기초가격)",28589823
"종로구","2020년 기준년 연쇄가격","2016","농업, 임업 및 어업",5006
"종로구","2020년 기준년 연쇄가격","2016","광업",1128
"종로구","2020년 기준년 연쇄가격","2016","제조업",503708
"종로구","2020년 기준년 연쇄가격","2016","전기, 가스, 증기 및 공기 조절 공급업",74102
"종로구","2020년 기준년 연쇄가격","2016","건설업",345076
"종로구","2020년 기준년 연쇄가격","2016","도매 및 소매업",2648169
"종로구","2020년 기준년 연쇄가격","2016","운수 및 창고업",526392
"종로구","2020년 기준년 연쇄가격","2016","숙박 및 음식점업",587296
"종로구","2020년 기준년 연쇄가격","2016","정보통신업",2985316
"종로구","2020년 기준년 연쇄가격","2016","금융 및 보험업",5184510
"종로구","2020년 기준년 연쇄가격","2016","부동산업",2338491
"종로구","2020년 기준년 연쇄가격","2016","사업서비스업",5293810
"종로구","2020년 기준년 연쇄가격","2016","공공 행정, 국방 및 사회보장 행정",5730752
"종로구","2020년 기준년 연쇄가격","2016","교육 서비스업",765810
"종로구","2020년 기준년 연쇄가격","2016","보건업 및 사회복지서비스업",1081333
"종로구","2020년 기준년 연쇄가격","2016","문화 및 기타 서비스업",814267
"종로구","2020년 기준년 연쇄가격","2017","지역내총생산(시장가격)",29954637
"종로구","2020년 기준년 연쇄가격","2017","순생산물세",3302392
"종로구","2020년 기준년 연쇄가격","2017","총부가가치(기초가격)",26596525
"종로구","2020년 기준년 연쇄가격","2017","농업, 임업 및 어업",6771
"종로구","2020년 기준년 연쇄가격","2017","광업",627
"종로구","2020년 기준년 연쇄가격","2017","제조업",493352
"종로구","2020년 기준년 연쇄가격","2017","전기, 가스, 증기 및 공기 조절 공급업",81537
"종로구","2020년 기준년 연쇄가격","2017","건설업",320807
"종로구","2020년 기준년 연쇄가격","2017","도매 및 소매업",2667663
"종로구","2020년 기준년 연쇄가격","2017","운수 및 창고업",584125
"종로구","2020년 기준년 연쇄가격","2017","숙박 및 음식점업",584171
"종로구","2020년 기준년 연쇄가격","2017","정보통신업",3558788
"종로구","2020년 기준년 연쇄가격","2017","금융 및 보험업",5461880
"종로구","2020년 기준년 연쇄가격","2017","부동산업",1620384
"종로구","2020년 기준년 연쇄가격","2017","사업서비스업",3477367
"종로구","2020년 기준년 연쇄가격","2017","공공 행정, 국방 및 사회보장 행정",5018192
"종로구","2020년 기준년 연쇄가격","2017","교육 서비스업",738555
"종로구","2020년 기준년 연쇄가격","2017","보건업 및 사회복지서비스업",1201439
"종로구","2020년 기준년 연쇄가격","2017","문화 및 기타 서비스업",789548
"종로구","2020년 기준년 연쇄가격","2018","지역내총생산(시장가격)",31200879
"종로구","2020년 기준년 연쇄가격","2018","순생산물세",3437052
"종로구","2020년 기준년 연쇄가격","2018","총부가가치(기초가격)",27705477
"종로구","2020년 기준년 연쇄가격","2018","농업, 임업 및 어업",8571
"종로구","2020년 기준년 연쇄가격","2018","광업",598
"종로구","2020년 기준년 연쇄가격","2018","제조업",800337
"종로구","2020년 기준년 연쇄가격","2018","전기, 가스, 증기 및 공기 조절 공급업",71214
"종로구","2020년 기준년 연쇄가격","2018","건설업",366339
"종로구","2020년 기준년 연쇄가격","2018","도매 및 소매업",2704871
"종로구","2020년 기준년 연쇄가격","2018","운수 및 창고업",691985
"종로구","2020년 기준년 연쇄가격","2018","숙박 및 음식점업",611138
"종로구","2020년 기준년 연쇄가격","2018","정보통신업",3286852
"종로구","2020년 기준년 연쇄가격","2018","금융 및 보험업",5587762
"종로구","2020년 기준년 연쇄가격","2018","부동산업",1846106
"종로구","2020년 기준년 연쇄가격","2018","사업서비스업",3933486
"종로구","2020년 기준년 연쇄가격","2018","공공 행정, 국방 및 사회보장 행정",5010995
"종로구","2020년 기준년 연쇄가격","2018","교육 서비스업",737980
"종로구","2020년 기준년 연쇄가격","2018","보건업 및 사회복지서비스업",1286432
"종로구","2020년 기준년 연쇄가격","2018","문화 및 기타 서비스업",811619
"종로구","2020년 기준년 연쇄가격","2019","지역내총생산(시장가격)",32541781
"종로구","2020년 기준년 연쇄가격","2019","순생산물세",3504449
"종로구","2020년 기준년 연쇄가격","2019","총부가가치(기초가격)",28969815
"종로구","2020년 기준년 연쇄가격","2019","농업, 임업 및 어업",6820
"종로구","2020년 기준년 연쇄가격","2019","광업",1103
"종로구","2020년 기준년 연쇄가격","2019","제조업",816385
"종로구","2020년 기준년 연쇄가격","2019","전기, 가스, 증기 및 공기 조절 공급업",69834
"종로구","2020년 기준년 연쇄가격","2019","건설업",410772
"종로구","2020년 기준년 연쇄가격","2019","도매 및 소매업",2733347
"종로구","2020년 기준년 연쇄가격","2019","운수 및 창고업",768565
"종로구","2020년 기준년 연쇄가격","2019","숙박 및 음식점업",649161
"종로구","2020년 기준년 연쇄가격","2019","정보통신업",3109698
"종로구","2020년 기준년 연쇄가격","2019","금융 및 보험업",6584847
"종로구","2020년 기준년 연쇄가격","2019","부동산업",1783408
"종로구","2020년 기준년 연쇄가격","2019","사업서비스업",4082926
"종로구","2020년 기준년 연쇄가격","2019","공공 행정, 국방 및 사회보장 행정",4922691
"종로구","2020년 기준년 연쇄가격","2019","교육 서비스업",739813
"종로구","2020년 기준년 연쇄가격","2019","보건업 및 사회복지서비스업",1424693
"종로구","2020년 기준년 연쇄가격","2019","문화 및 기타 서비스업",841926
"종로구","2020년 기준년 연쇄가격","2020","지역내총생산(시장가격)",31086396
"종로구","2020년 기준년 연쇄가격","2020","순생산물세",4050281
"종로구","2020년 기준년 연쇄가격","2020","총부가가치(기초가격)",27023741
"종로구","2020년 기준년 연쇄가격","2020","농업, 임업 및 어업",8068
"종로구","2020년 기준년 연쇄가격","2020","광업",2745
"종로구","2020년 기준년 연쇄가격","2020","제조업",656729
"종로구","2020년 기준년 연쇄가격","2020","전기, 가스, 증기 및 공기 조절 공급업",72888
"종로구","2020년 기준년 연쇄가격","2020","건설업",388088
"종로구","2020년 기준년 연쇄가격","2020","도매 및 소매업",2323420
"종로구","2020년 기준년 연쇄가격","2020","운수 및 창고업",670688
"종로구","2020년 기준년 연쇄가격","2020","숙박 및 음식점업",497018
"종로구","2020년 기준년 연쇄가격","2020","정보통신업",3004126
"종로구","2020년 기준년 연쇄가격","2020","금융 및 보험업",6929745
"종로구","2020년 기준년 연쇄가격","2020","부동산업",1065723
"종로구","2020년 기준년 연쇄가격","2020","사업서비스업",3756154
"종로구","2020년 기준년 연쇄가격","2020","공공 행정, 국방 및 사회보장 행정",4801219
"종로구","2020년 기준년 연쇄가격","2020","교육 서비스업",757200
"종로구","2020년 기준년 연쇄가격","2020","보건업 및 사회복지서비스업",1450106
"종로구","2020년 기준년 연쇄가격","2020","문화 및 기타 서비스업",639825
"종로구","2020년 기준년 연쇄가격","2021","지역내총생산(시장가격)",31614190
"종로구","2020년 기준년 연쇄가격","2021","순생산물세",4278881
"종로구","2020년 기준년 연쇄가격","2021","총부가가치(기초가격)",27335310
"종로구","2020년 기준년 연쇄가격","2021","농업, 임업 및 어업",12129
"종로구","2020년 기준년 연쇄가격","2021","광업",7391
"종로구","2020년 기준년 연쇄가격","2021","제조업",609320
"종로구","2020년 기준년 연쇄가격","2021","전기, 가스, 증기 및 공기 조절 공급업",73473
"종로구","2020년 기준년 연쇄가격","2021","건설업",307890
"종로구","2020년 기준년 연쇄가격","2021","도매 및 소매업",2312003
"종로구","2020년 기준년 연쇄가격","2021","운수 및 창고업",823575
"종로구","2020년 기준년 연쇄가격","2021","숙박 및 음식점업",514239
"종로구","2020년 기준년 연쇄가격","2021","정보통신업",2640217
"종로구","2020년 기준년 연쇄가격","2021","금융 및 보험업",7029500
"종로구","2020년 기준년 연쇄가격","2021","부동산업",1120036
"종로구","2020년 기준년 연쇄가격","2021","사업서비스업",4022657
"종로구","2020년 기준년 연쇄가격","2021","공공 행정, 국방 및 사회보장 행정",4887268
"종로구","2020년 기준년 연쇄가격","2021","교육 서비스업",766927
"종로구","2020년 기준년 연쇄가격","2021","보건업 및 사회복지서비스업",1491779
"종로구","2020년 기준년 연쇄가격","2021","문화 및 기타 서비스업",716906
"종로구","2020년 기준년 연쇄가격","2022","지역내총생산(시장가격)",32080851
"종로구","2020년 기준년 연쇄가격","2022","순생산물세",4132214
"종로구","2020년 기준년 연쇄가격","2022","총부가가치(기초가격)",27950852
"종로구","2020년 기준년 연쇄가격","2022","농업, 임업 및 어업",10632
"종로구","2020년 기준년 연쇄가격","2022","광업",8507
"종로구","2020년 기준년 연쇄가격","2022","제조업",607601
"종로구","2020년 기준년 연쇄가격","2022","전기, 가스, 증기 및 공기 조절 공급업",72578
"종로구","2020년 기준년 연쇄가격","2022","건설업",85810
"종로구","2020년 기준년 연쇄가격","2022","도매 및 소매업",3146166
"종로구","2020년 기준년 연쇄가격","2022","운수 및 창고업",858933
"종로구","2020년 기준년 연쇄가격","2022","숙박 및 음식점업",630939
"종로구","2020년 기준년 연쇄가격","2022","정보통신업",3347406
"종로구","2020년 기준년 연쇄가격","2022","금융 및 보험업",5633139
"종로구","2020년 기준년 연쇄가격","2022","부동산업",1013578
"종로구","2020년 기준년 연쇄가격","2022","사업서비스업",4289205
"종로구","2020년 기준년 연쇄가격","2022","공공 행정, 국방 및 사회보장 행정",4935253
"종로구","2020년 기준년 연쇄가격","2022","교육 서비스업",790176
"종로구","2020년 기준년 연쇄가격","2022","보건업 및 사회복지서비스업",1628469
"종로구","2020년 기준년 연쇄가격","2022","문화 및 기타 서비스업",873479
"중구","2020년 기준년 연쇄가격","2015","지역내총생산(시장가격)",55790830
"중구","2020년 기준년 연쇄가격","2015","순생산물세",6024093
"중구","2020년 기준년 연쇄가격","2015","총부가가치(기초가격)",49712935
"중구","2020년 기준년 연쇄가격","2015","농업, 임업 및 어업",13
"중구","2020년 기준년 연쇄가격","2015","광업",511
"중구","2020년 기준년 연쇄가격","2015","제조업",1177897
"중구","2020년 기준년 연쇄가격","2015","전기, 가스, 증기 및 공기 조절 공급업",115640
"중구","2020년 기준년 연쇄가격","2015","건설업",584336
"중구","2020년 기준년 연쇄가격","2015","도매 및 소매업",9191286
"중구","2020년 기준년 연쇄가격","2015","운수 및 창고업",1633812
"중구","2020년 기준년 연쇄가격","2015","숙박 및 음식점업",950531
"중구","2020년 기준년 연쇄가격","2015","정보통신업",6685360
"중구","2020년 기준년 연쇄가격","2015","금융 및 보험업",16356748
"중구","2020년 기준년 연쇄가격","2015","부동산업",1223291
"중구","2020년 기준년 연쇄가격","2015","사업서비스업",7359466
"중구","2020년 기준년 연쇄가격","2015","공공 행정, 국방 및 사회보장 행정",2606959
"중구","2020년 기준년 연쇄가격","2015","교육 서비스업",744476
"중구","2020년 기준년 연쇄가격","2015","보건업 및 사회복지서비스업",470936
"중구","2020년 기준년 연쇄가격","2015","문화 및 기타 서비스업",706502
"중구","2020년 기준년 연쇄가격","2016","지역내총생산(시장가격)",56056962
"중구","2020년 기준년 연쇄가격","2016","순생산물세",6046639
"중구","2020년 기준년 연쇄가격","2016","총부가가치(기초가격)",49955084
"중구","2020년 기준년 연쇄가격","2016","농업, 임업 및 어업",24
"중구","2020년 기준년 연쇄가격","2016","광업",147
"중구","2020년 기준년 연쇄가격","2016","제조업",1378986
"중구","2020년 기준년 연쇄가격","2016","전기, 가스, 증기 및 공기 조절 공급업",99788
"중구","2020년 기준년 연쇄가격","2016","건설업",635268
"중구","2020년 기준년 연쇄가격","2016","도매 및 소매업",9329769
"중구","2020년 기준년 연쇄가격","2016","운수 및 창고업",1414883
"중구","2020년 기준년 연쇄가격","2016","숙박 및 음식점업",1090618
"중구","2020년 기준년 연쇄가격","2016","정보통신업",7129317
"중구","2020년 기준년 연쇄가격","2016","금융 및 보험업",16632303
"중구","2020년 기준년 연쇄가격","2016","부동산업",1395770
"중구","2020년 기준년 연쇄가격","2016","사업서비스업",6185859
"중구","2020년 기준년 연쇄가격","2016","공공 행정, 국방 및 사회보장 행정",2782703
"중구","2020년 기준년 연쇄가격","2016","교육 서비스업",695494
"중구","2020년 기준년 연쇄가격","2016","보건업 및 사회복지서비스업",492981
"중구","2020년 기준년 연쇄가격","2016","문화 및 기타 서비스업",707807
"중구","2020년 기준년 연쇄가격","2017","지역내총생산(시장가격)",54849236
"중구","2020년 기준년 연쇄가격","2017","순생산물세",5755786
"중구","2020년 기준년 연쇄가격","2017","총부가가치(기초가격)",49010562
"중구","2020년 기준년 연쇄가격","2017","농업, 임업 및 어업",26
"중구","2020년 기준년 연쇄가격","2017","광업",191
"중구","2020년 기준년 연쇄가격","2017","제조업",1488023
"중구","2020년 기준년 연쇄가격","2017","전기, 가스, 증기 및 공기 조절 공급업",108473
"중구","2020년 기준년 연쇄가격","2017","건설업",526453
"중구","2020년 기준년 연쇄가격","2017","도매 및 소매업",9635039
"중구","2020년 기준년 연쇄가격","2017","운수 및 창고업",1445720
"중구","2020년 기준년 연쇄가격","2017","숙박 및 음식점업",1016081
"중구","2020년 기준년 연쇄가격","2017","정보통신업",6294478
"중구","2020년 기준년 연쇄가격","2017","금융 및 보험업",16429263
"중구","2020년 기준년 연쇄가격","2017","부동산업",1274611
"중구","2020년 기준년 연쇄가격","2017","사업서비스업",6204529
"중구","2020년 기준년 연쇄가격","2017","공공 행정, 국방 및 사회보장 행정",2769044
"중구","2020년 기준년 연쇄가격","2017","교육 서비스업",657386
"중구","2020년 기준년 연쇄가격","2017","보건업 및 사회복지서비스업",521930
"중구","2020년 기준년 연쇄가격","2017","문화 및 기타 서비스업",683206
"중구","2020년 기준년 연쇄가격","2018","지역내총생산(시장가격)",58170656
"중구","2020년 기준년 연쇄가격","2018","순생산물세",6271651
"중구","2020년 기준년 연쇄가격","2018","총부가가치(기초가격)",51835888
"중구","2020년 기준년 연쇄가격","2018","농업, 임업 및 어업",37
"중구","2020년 기준년 연쇄가격","2018","광업",37
"중구","2020년 기준년 연쇄가격","2018","제조업",1377044
"중구","2020년 기준년 연쇄가격","2018","전기, 가스, 증기 및 공기 조절 공급업",91810
"중구","2020년 기준년 연쇄가격","2018","건설업",545824
"중구","2020년 기준년 연쇄가격","2018","도매 및 소매업",9861975
"중구","2020년 기준년 연쇄가격","2018","운수 및 창고업",1576952
"중구","2020년 기준년 연쇄가격","2018","숙박 및 음식점업",1089845
"중구","2020년 기준년 연쇄가격","2018","정보통신업",6559511
"중구","2020년 기준년 연쇄가격","2018","금융 및 보험업",17078763
"중구","2020년 기준년 연쇄가격","2018","부동산업",1367248
"중구","2020년 기준년 연쇄가격","2018","사업서비스업",7716294
"중구","2020년 기준년 연쇄가격","2018","공공 행정, 국방 및 사회보장 행정",2780660
"중구","2020년 기준년 연쇄가격","2018","교육 서비스업",657175
"중구","2020년 기준년 연쇄가격","2018","보건업 및 사회복지서비스업",579451
"중구","2020년 기준년 연쇄가격","2018","문화 및 기타 서비스업",702815
"중구","2020년 기준년 연쇄가격","2019","지역내총생산(시장가격)",59702291
"중구","2020년 기준년 연쇄가격","2019","순생산물세",5745576
"중구","2020년 기준년 연쇄가격","2019","총부가가치(기초가격)",53812316
"중구","2020년 기준년 연쇄가격","2019","농업, 임업 및 어업",14
"중구","2020년 기준년 연쇄가격","2019","광업",181
"중구","2020년 기준년 연쇄가격","2019","제조업",1538914
"중구","2020년 기준년 연쇄가격","2019","전기, 가스, 증기 및 공기 조절 공급업",89526
"중구","2020년 기준년 연쇄가격","2019","건설업",445509
"중구","2020년 기준년 연쇄가격","2019","도매 및 소매업",10222928
"중구","2020년 기준년 연쇄가격","2019","운수 및 창고업",1533492
"중구","2020년 기준년 연쇄가격","2019","숙박 및 음식점업",1288413
"중구","2020년 기준년 연쇄가격","2019","정보통신업",6946123
"중구","2020년 기준년 연쇄가격","2019","금융 및 보험업",17671711
"중구","2020년 기준년 연쇄가격","2019","부동산업",1344610
"중구","2020년 기준년 연쇄가격","2019","사업서비스업",7976733
"중구","2020년 기준년 연쇄가격","2019","공공 행정, 국방 및 사회보장 행정",2837687
"중구","2020년 기준년 연쇄가격","2019","교육 서비스업",674244
"중구","2020년 기준년 연쇄가격","2019","보건업 및 사회복지서비스업",624698
"중구","2020년 기준년 연쇄가격","2019","문화 및 기타 서비스업",741726
"중구","2020년 기준년 연쇄가격","2020","지역내총생산(시장가격)",60121246
"중구","2020년 기준년 연쇄가격","2020","순생산물세",7146655
"중구","2020년 기준년 연쇄가격","2020","총부가가치(기초가격)",53145450
"중구","2020년 기준년 연쇄가격","2020","농업, 임업 및 어업",15
"중구","2020년 기준년 연쇄가격","2020","광업",469
"중구","2020년 기준년 연쇄가격","2020","제조업",1205786
"중구","2020년 기준년 연쇄가격","2020","전기, 가스, 증기 및 공기 조절 공급업",91393
"중구","2020년 기준년 연쇄가격","2020","건설업",505547
"중구","2020년 기준년 연쇄가격","2020","도매 및 소매업",7793846
"중구","2020년 기준년 연쇄가격","2020","운수 및 창고업",1440860
"중구","2020년 기준년 연쇄가격","2020","숙박 및 음식점업",749475
"중구","2020년 기준년 연쇄가격","2020","정보통신업",6920485
"중구","2020년 기준년 연쇄가격","2020","금융 및 보험업",21587139
"중구","2020년 기준년 연쇄가격","2020","부동산업",1429433
"중구","2020년 기준년 연쇄가격","2020","사업서비스업",6488923
"중구","2020년 기준년 연쇄가격","2020","공공 행정, 국방 및 사회보장 행정",2892249
"중구","2020년 기준년 연쇄가격","2020","교육 서비스업",755160
"중구","2020년 기준년 연쇄가격","2020","보건업 및 사회복지서비스업",641311
"중구","2020년 기준년 연쇄가격","2020","문화 및 기타 서비스업",643359
"중구","2020년 기준년 연쇄가격","2021","지역내총생산(시장가격)",63637231
"중구","2020년 기준년 연쇄가격","2021","순생산물세",8061816
"중구","2020년 기준년 연쇄가격","2021","총부가가치(기초가격)",55575415
"중구","2020년 기준년 연쇄가격","2021","농업, 임업 및 어업",36
"중구","2020년 기준년 연쇄가격","2021","광업",31
"중구","2020년 기준년 연쇄가격","2021","제조업",1243636
"중구","2020년 기준년 연쇄가격","2021","전기, 가스, 증기 및 공기 조절 공급업",90949
"중구","2020년 기준년 연쇄가격","2021","건설업",511086
"중구","2020년 기준년 연쇄가격","2021","도매 및 소매업",7804429
"중구","2020년 기준년 연쇄가격","2021","운수 및 창고업",1694612
"중구","2020년 기준년 연쇄가격","2021","숙박 및 음식점업",838494
"중구","2020년 기준년 연쇄가격","2021","정보통신업",7614763
"중구","2020년 기준년 연쇄가격","2021","금융 및 보험업",23007878
"중구","2020년 기준년 연쇄가격","2021","부동산업",1390522
"중구","2020년 기준년 연쇄가격","2021","사업서비스업",6385247
"중구","2020년 기준년 연쇄가격","2021","공공 행정, 국방 및 사회보장 행정",2924673
"중구","2020년 기준년 연쇄가격","2021","교육 서비스업",746162
"중구","2020년 기준년 연쇄가격","2021","보건업 및 사회복지서비스업",659123
"중구","2020년 기준년 연쇄가격","2021","문화 및 기타 서비스업",663773
"중구","2020년 기준년 연쇄가격","2022","지역내총생산(시장가격)",66976493
"중구","2020년 기준년 연쇄가격","2022","순생산물세",7773510
"중구","2020년 기준년 연쇄가격","2022","총부가가치(기초가격)",59217256
"중구","2020년 기준년 연쇄가격","2022","농업, 임업 및 어업",33
"중구","2020년 기준년 연쇄가격","2022","광업",116
"중구","2020년 기준년 연쇄가격","2022","제조업",1357110
"중구","2020년 기준년 연쇄가격","2022","전기, 가스, 증기 및 공기 조절 공급업",89734
"중구","2020년 기준년 연쇄가격","2022","건설업",120914
"중구","2020년 기준년 연쇄가격","2022","도매 및 소매업",7695775
"중구","2020년 기준년 연쇄가격","2022","운수 및 창고업",1703333
"중구","2020년 기준년 연쇄가격","2022","숙박 및 음식점업",1201240
"중구","2020년 기준년 연쇄가격","2022","정보통신업",8062369
"중구","2020년 기준년 연쇄가격","2022","금융 및 보험업",26251865
"중구","2020년 기준년 연쇄가격","2022","부동산업",1297323
"중구","2020년 기준년 연쇄가격","2022","사업서비스업",6155660
"중구","2020년 기준년 연쇄가격","2022","공공 행정, 국방 및 사회보장 행정",3061905
"중구","2020년 기준년 연쇄가격","2022","교육 서비스업",792186
"중구","2020년 기준년 연쇄가격","2022","보건업 및 사회복지서비스업",670372
"중구","2020년 기준년 연쇄가격","2022","문화 및 기타 서비스업",719426
"용산구","2020년 기준년 연쇄가격","2015","지역내총생산(시장가격)",13751107
"용산구","2020년 기준년 연쇄가격","2015","순생산물세",937077
"용산구","2020년 기준년 연쇄가격","2015","총부가가치(기초가격)",12812209
"용산구","2020년 기준년 연쇄가격","2015","농업, 임업 및 어업",13626
"용산구","2020년 기준년 연쇄가격","2015","광업",-
"용산구","2020년 기준년 연쇄가격","2015","제조업",171076
"용산구","2020년 기준년 연쇄가격","2015","전기, 가스, 증기 및 공기 조절 공급업",71308
"용산구","2020년 기준년 연쇄가격","2015","건설업",559805
"용산구","2020년 기준년 연쇄가격","2015","도매 및 소매업",3325312
"용산구","2020년 기준년 연쇄가격","2015","운수 및 창고업",365517
"용산구","2020년 기준년 연쇄가격","2015","숙박 및 음식점업",368168
"용산구","2020년 기준년 연쇄가격","2015","정보통신업",1396028
"용산구","2020년 기준년 연쇄가격","2015","금융 및 보험업",401353
"용산구","2020년 기준년 연쇄가격","2015","부동산업",1509536
"용산구","2020년 기준년 연쇄가격","2015","사업서비스업",1399811
"용산구","2020년 기준년 연쇄가격","2015","공공 행정, 국방 및 사회보장 행정",2068764
"용산구","2020년 기준년 연쇄가격","2015","교육 서비스업",392537
"용산구","2020년 기준년 연쇄가격","2015","보건업 및 사회복지서비스업",333221
"용산구","2020년 기준년 연쇄가격","2015","문화 및 기타 서비스업",481591
"용산구","2020년 기준년 연쇄가격","2016","지역내총생산(시장가격)",14356674
"용산구","2020년 기준년 연쇄가격","2016","순생산물세",1013852
"용산구","2020년 기준년 연쇄가격","2016","총부가가치(기초가격)",13346011
"용산구","2020년 기준년 연쇄가격","2016","농업, 임업 및 어업",6966
"용산구","2020년 기준년 연쇄가격","2016","광업",-
"용산구","2020년 기준년 연쇄가격","2016","제조업",210967
"용산구","2020년 기준년 연쇄가격","2016","전기, 가스, 증기 및 공기 조절 공급업",61915
"용산구","2020년 기준년 연쇄가격","2016","건설업",587629
"용산구","2020년 기준년 연쇄가격","2016","도매 및 소매업",3372507
"용산구","2020년 기준년 연쇄가격","2016","운수 및 창고업",314511
"용산구","2020년 기준년 연쇄가격","2016","숙박 및 음식점업",387426
"용산구","2020년 기준년 연쇄가격","2016","정보통신업",1354336
"용산구","2020년 기준년 연쇄가격","2016","금융 및 보험업",388933
"용산구","2020년 기준년 연쇄가격","2016","부동산업",1473275
"용산구","2020년 기준년 연쇄가격","2016","사업서비스업",2016933
"용산구","2020년 기준년 연쇄가격","2016","공공 행정, 국방 및 사회보장 행정",2012482
"용산구","2020년 기준년 연쇄가격","2016","교육 서비스업",392722
"용산구","2020년 기준년 연쇄가격","2016","보건업 및 사회복지서비스업",347917
"용산구","2020년 기준년 연쇄가격","2016","문화 및 기타 서비스업",496062
"용산구","2020년 기준년 연쇄가격","2017","지역내총생산(시장가격)",15142246
"용산구","2020년 기준년 연쇄가격","2017","순생산물세",1161643
"용산구","2020년 기준년 연쇄가격","2017","총부가가치(기초가격)",13997471
"용산구","2020년 기준년 연쇄가격","2017","농업, 임업 및 어업",7721
"용산구","2020년 기준년 연쇄가격","2017","광업",-
"용산구","2020년 기준년 연쇄가격","2017","제조업",181676
"용산구","2020년 기준년 연쇄가격","2017","전기, 가스, 증기 및 공기 조절 공급업",68783
"용산구","2020년 기준년 연쇄가격","2017","건설업",689755
"용산구","2020년 기준년 연쇄가격","2017","도매 및 소매업",3288481
"용산구","2020년 기준년 연쇄가격","2017","운수 및 창고업",332378
"용산구","2020년 기준년 연쇄가격","2017","숙박 및 음식점업",395331
"용산구","2020년 기준년 연쇄가격","2017","정보통신업",1688306
"용산구","2020년 기준년 연쇄가격","2017","금융 및 보험업",427678
"용산구","2020년 기준년 연쇄가격","2017","부동산업",1554121
"용산구","2020년 기준년 연쇄가격","2017","사업서비스업",2539112
"용산구","2020년 기준년 연쇄가격","2017","공공 행정, 국방 및 사회보장 행정",1665011
"용산구","2020년 기준년 연쇄가격","2017","교육 서비스업",370873
"용산구","2020년 기준년 연쇄가격","2017","보건업 및 사회복지서비스업",348636
"용산구","2020년 기준년 연쇄가격","2017","문화 및 기타 서비스업",500181
"용산구","2020년 기준년 연쇄가격","2018","지역내총생산(시장가격)",15218547
"용산구","2020년 기준년 연쇄가격","2018","순생산물세",1160341
"용산구","2020년 기준년 연쇄가격","2018","총부가가치(기초가격)",14074370
"용산구","2020년 기준년 연쇄가격","2018","농업, 임업 및 어업",9320
"용산구","2020년 기준년 연쇄가격","2018","광업",-
"용산구","2020년 기준년 연쇄가격","2018","제조업",152770
"용산구","2020년 기준년 연쇄가격","2018","전기, 가스, 증기 및 공기 조절 공급업",62738
"용산구","2020년 기준년 연쇄가격","2018","건설업",553940
"용산구","2020년 기준년 연쇄가격","2018","도매 및 소매업",3586927
"용산구","2020년 기준년 연쇄가격","2018","운수 및 창고업",329030
"용산구","2020년 기준년 연쇄가격","2018","숙박 및 음식점업",429183
"용산구","2020년 기준년 연쇄가격","2018","정보통신업",1791776
"용산구","2020년 기준년 연쇄가격","2018","금융 및 보험업",417541
"용산구","2020년 기준년 연쇄가격","2018","부동산업",1596858
"용산구","2020년 기준년 연쇄가격","2018","사업서비스업",2227980
"용산구","2020년 기준년 연쇄가격","2018","공공 행정, 국방 및 사회보장 행정",1637122
"용산구","2020년 기준년 연쇄가격","2018","교육 서비스업",375457
"용산구","2020년 기준년 연쇄가격","2018","보건업 및 사회복지서비스업",383075
"용산구","2020년 기준년 연쇄가격","2018","문화 및 기타 서비스업",526619
"용산구","2020년 기준년 연쇄가격","2019","지역내총생산(시장가격)",15680223
"용산구","2020년 기준년 연쇄가격","2019","순생산물세",1217971
"용산구","2020년 기준년 연쇄가격","2019","총부가가치(기초가격)",14480570
"용산구","2020년 기준년 연쇄가격","2019","농업, 임업 및 어업",8209
"용산구","2020년 기준년 연쇄가격","2019","광업",-
"용산구","2020년 기준년 연쇄가격","2019","제조업",213306
"용산구","2020년 기준년 연쇄가격","2019","전기, 가스, 증기 및 공기 조절 공급업",61176
"용산구","2020년 기준년 연쇄가격","2019","건설업",628285
"용산구","2020년 기준년 연쇄가격","2019","도매 및 소매업",3667457
"용산구","2020년 기준년 연쇄가격","2019","운수 및 창고업",325191
"용산구","2020년 기준년 연쇄가격","2019","숙박 및 음식점업",449616
"용산구","2020년 기준년 연쇄가격","2019","정보통신업",1960980
"용산구","2020년 기준년 연쇄가격","2019","금융 및 보험업",402401
"용산구","2020년 기준년 연쇄가격","2019","부동산업",1684815
"용산구","2020년 기준년 연쇄가격","2019","사업서비스업",2147909
"용산구","2020년 기준년 연쇄가격","2019","공공 행정, 국방 및 사회보장 행정",1631335
"용산구","2020년 기준년 연쇄가격","2019","교육 서비스업",355173
"용산구","2020년 기준년 연쇄가격","2019","보건업 및 사회복지서비스업",417138
"용산구","2020년 기준년 연쇄가격","2019","문화 및 기타 서비스업",519594
"용산구","2020년 기준년 연쇄가격","2020","지역내총생산(시장가격)",15658161
"용산구","2020년 기준년 연쇄가격","2020","순생산물세",1134974
"용산구","2020년 기준년 연쇄가격","2020","총부가가치(기초가격)",14561811
"용산구","2020년 기준년 연쇄가격","2020","농업, 임업 및 어업",6130
"용산구","2020년 기준년 연쇄가격","2020","광업",-
"용산구","2020년 기준년 연쇄가격","2020","제조업",232068
"용산구","2020년 기준년 연쇄가격","2020","전기, 가스, 증기 및 공기 조절 공급업",63236
"용산구","2020년 기준년 연쇄가격","2020","건설업",675332
"용산구","2020년 기준년 연쇄가격","2020","도매 및 소매업",3610904
"용산구","2020년 기준년 연쇄가격","2020","운수 및 창고업",295509
"용산구","2020년 기준년 연쇄가격","2020","숙박 및 음식점업",357567
"용산구","2020년 기준년 연쇄가격","2020","정보통신업",2142936
"용산구","2020년 기준년 연쇄가격","2020","금융 및 보험업",359173
"용산구","2020년 기준년 연쇄가격","2020","부동산업",1570685
"용산구","2020년 기준년 연쇄가격","2020","사업서비스업",2320745
"용산구","2020년 기준년 연쇄가격","2020","공공 행정, 국방 및 사회보장 행정",1599571
"용산구","2020년 기준년 연쇄가격","2020","교육 서비스업",384266
"용산구","2020년 기준년 연쇄가격","2020","보건업 및 사회복지서비스업",444581
"용산구","2020년 기준년 연쇄가격","2020","문화 및 기타 서비스업",499106
"용산구","2020년 기준년 연쇄가격","2021","지역내총생산(시장가격)",16023939
"용산구","2020년 기준년 연쇄가격","2021","순생산물세",1198098
"용산구","2020년 기준년 연쇄가격","2021","총부가가치(기초가격)",14825841
"용산구","2020년 기준년 연쇄가격","2021","농업, 임업 및 어업",9879
"용산구","2020년 기준년 연쇄가격","2021","광업",-
"용산구","2020년 기준년 연쇄가격","2021","제조업",248758
"용산구","2020년 기준년 연쇄가격","2021","전기, 가스, 증기 및 공기 조절 공급업",65810
"용산구","2020년 기준년 연쇄가격","2021","건설업",363630
"용산구","2020년 기준년 연쇄가격","2021","도매 및 소매업",3558172
"용산구","2020년 기준년 연쇄가격","2021","운수 및 창고업",311591
"용산구","2020년 기준년 연쇄가격","2021","숙박 및 음식점업",396018
"용산구","2020년 기준년 연쇄가격","2021","정보통신업",1931233
"용산구","2020년 기준년 연쇄가격","2021","금융 및 보험업",463708
"용산구","2020년 기준년 연쇄가격","2021","부동산업",1747409
"용산구","2020년 기준년 연쇄가격","2021","사업서비스업",2790312
"용산구","2020년 기준년 연쇄가격","2021","공공 행정, 국방 및 사회보장 행정",1561172
"용산구","2020년 기준년 연쇄가격","2021","교육 서비스업",375810
"용산구","2020년 기준년 연쇄가격","2021","보건업 및 사회복지서비스업",458034
"용산구","2020년 기준년 연쇄가격","2021","문화 및 기타 서비스업",544306
"용산구","2020년 기준년 연쇄가격","2022","지역내총생산(시장가격)",17225974
"용산구","2020년 기준년 연쇄가격","2022","순생산물세",1163662
"용산구","2020년 기준년 연쇄가격","2022","총부가가치(기초가격)",16066642
"용산구","2020년 기준년 연쇄가격","2022","농업, 임업 및 어업",9664
"용산구","2020년 기준년 연쇄가격","2022","광업",-
"용산구","2020년 기준년 연쇄가격","2022","제조업",285124
"용산구","2020년 기준년 연쇄가격","2022","전기, 가스, 증기 및 공기 조절 공급업",65336
"용산구","2020년 기준년 연쇄가격","2022","건설업",880854
"용산구","2020년 기준년 연쇄가격","2022","도매 및 소매업",3645025
"용산구","2020년 기준년 연쇄가격","2022","운수 및 창고업",348248
"용산구","2020년 기준년 연쇄가격","2022","숙박 및 음식점업",481448
"용산구","2020년 기준년 연쇄가격","2022","정보통신업",2504419
"용산구","2020년 기준년 연쇄가격","2022","금융 및 보험업",610423
"용산구","2020년 기준년 연쇄가격","2022","부동산업",1581315
"용산구","2020년 기준년 연쇄가격","2022","사업서비스업",2610364
"용산구","2020년 기준년 연쇄가격","2022","공공 행정, 국방 및 사회보장 행정",1586717
"용산구","2020년 기준년 연쇄가격","2022","교육 서비스업",392253
"용산구","2020년 기준년 연쇄가격","2022","보건업 및 사회복지서비스업",458742
"용산구","2020년 기준년 연쇄가격","2022","문화 및 기타 서비스업",595934
"성동구","2020년 기준년 연쇄가격","2015","지역내총생산(시장가격)",11698363
"성동구","2020년 기준년 연쇄가격","2015","순생산물세",1022987
"성동구","2020년 기준년 연쇄가격","2015","총부가가치(기초가격)",10690692
"성동구","2020년 기준년 연쇄가격","2015","농업, 임업 및 어업",465
"성동구","2020년 기준년 연쇄가격","2015","광업",-
"성동구","2020년 기준년 연쇄가격","2015","제조업",2188860
"성동구","2020년 기준년 연쇄가격","2015","전기, 가스, 증기 및 공기 조절 공급업",90657
"성동구","2020년 기준년 연쇄가격","2015","건설업",699107
"성동구","2020년 기준년 연쇄가격","2015","도매 및 소매업",2383306
"성동구","2020년 기준년 연쇄가격","2015","운수 및 창고업",357474
"성동구","2020년 기준년 연쇄가격","2015","숙박 및 음식점업",224656
"성동구","2020년 기준년 연쇄가격","2015","정보통신업",600497
"성동구","2020년 기준년 연쇄가격","2015","금융 및 보험업",197724
"성동구","2020년 기준년 연쇄가격","2015","부동산업",1069342
"성동구","2020년 기준년 연쇄가격","2015","사업서비스업",1333525
"성동구","2020년 기준년 연쇄가격","2015","공공 행정, 국방 및 사회보장 행정",166402
"성동구","2020년 기준년 연쇄가격","2015","교육 서비스업",517874
"성동구","2020년 기준년 연쇄가격","2015","보건업 및 사회복지서비스업",319147
"성동구","2020년 기준년 연쇄가격","2015","문화 및 기타 서비스업",503562
"성동구","2020년 기준년 연쇄가격","2016","지역내총생산(시장가격)",12401389
"성동구","2020년 기준년 연쇄가격","2016","순생산물세",1088227
"성동구","2020년 기준년 연쇄가격","2016","총부가가치(기초가격)",11329848
"성동구","2020년 기준년 연쇄가격","2016","농업, 임업 및 어업",418
"성동구","2020년 기준년 연쇄가격","2016","광업",-
"성동구","2020년 기준년 연쇄가격","2016","제조업",2120369
"성동구","2020년 기준년 연쇄가격","2016","전기, 가스, 증기 및 공기 조절 공급업",77141
"성동구","2020년 기준년 연쇄가격","2016","건설업",768503
"성동구","2020년 기준년 연쇄가격","2016","도매 및 소매업",2493281
"성동구","2020년 기준년 연쇄가격","2016","운수 및 창고업",339283
"성동구","2020년 기준년 연쇄가격","2016","숙박 및 음식점업",235883
"성동구","2020년 기준년 연쇄가격","2016","정보통신업",693329
"성동구","2020년 기준년 연쇄가격","2016","금융 및 보험업",210302
"성동구","2020년 기준년 연쇄가격","2016","부동산업",1245720
"성동구","2020년 기준년 연쇄가격","2016","사업서비스업",1582562
"성동구","2020년 기준년 연쇄가격","2016","공공 행정, 국방 및 사회보장 행정",161991
"성동구","2020년 기준년 연쇄가격","2016","교육 서비스업",512546
"성동구","2020년 기준년 연쇄가격","2016","보건업 및 사회복지서비스업",343054
"성동구","2020년 기준년 연쇄가격","2016","문화 및 기타 서비스업",522524
"성동구","2020년 기준년 연쇄가격","2017","지역내총생산(시장가격)",13327526
"성동구","2020년 기준년 연쇄가격","2017","순생산물세",1066339
"성동구","2020년 기준년 연쇄가격","2017","총부가가치(기초가격)",12265587
"성동구","2020년 기준년 연쇄가격","2017","농업, 임업 및 어업",460
"성동구","2020년 기준년 연쇄가격","2017","광업",-
"성동구","2020년 기준년 연쇄가격","2017","제조업",2020902
"성동구","2020년 기준년 연쇄가격","2017","전기, 가스, 증기 및 공기 조절 공급업",89438
"성동구","2020년 기준년 연쇄가격","2017","건설업",547937
"성동구","2020년 기준년 연쇄가격","2017","도매 및 소매업",2645988
"성동구","2020년 기준년 연쇄가격","2017","운수 및 창고업",364936
"성동구","2020년 기준년 연쇄가격","2017","숙박 및 음식점업",249303
"성동구","2020년 기준년 연쇄가격","2017","정보통신업",747816
"성동구","2020년 기준년 연쇄가격","2017","금융 및 보험업",228370
"성동구","2020년 기준년 연쇄가격","2017","부동산업",1191833
"성동구","2020년 기준년 연쇄가격","2017","사업서비스업",2558478
"성동구","2020년 기준년 연쇄가격","2017","공공 행정, 국방 및 사회보장 행정",175114
"성동구","2020년 기준년 연쇄가격","2017","교육 서비스업",534233
"성동구","2020년 기준년 연쇄가격","2017","보건업 및 사회복지서비스업",381813
"성동구","2020년 기준년 연쇄가격","2017","문화 및 기타 서비스업",538300
"성동구","2020년 기준년 연쇄가격","2018","지역내총생산(시장가격)",13512420
"성동구","2020년 기준년 연쇄가격","2018","순생산물세",1121546
"성동구","2020년 기준년 연쇄가격","2018","총부가가치(기초가격)",12398939
"성동구","2020년 기준년 연쇄가격","2018","농업, 임업 및 어업",446
"성동구","2020년 기준년 연쇄가격","2018","광업",-
"성동구","2020년 기준년 연쇄가격","2018","제조업",2105213
"성동구","2020년 기준년 연쇄가격","2018","전기, 가스, 증기 및 공기 조절 공급업",80617
"성동구","2020년 기준년 연쇄가격","2018","건설업",444924
"성동구","2020년 기준년 연쇄가격","2018","도매 및 소매업",2707661
"성동구","2020년 기준년 연쇄가격","2018","운수 및 창고업",384503
"성동구","2020년 기준년 연쇄가격","2018","숙박 및 음식점업",266739
"성동구","2020년 기준년 연쇄가격","2018","정보통신업",903064
"성동구","2020년 기준년 연쇄가격","2018","금융 및 보험업",249837
"성동구","2020년 기준년 연쇄가격","2018","부동산업",1468525
"성동구","2020년 기준년 연쇄가격","2018","사업서비스업",2100118
"성동구","2020년 기준년 연쇄가격","2018","공공 행정, 국방 및 사회보장 행정",174199
"성동구","2020년 기준년 연쇄가격","2018","교육 서비스업",559232
"성동구","2020년 기준년 연쇄가격","2018","보건업 및 사회복지서비스업",408750
"성동구","2020년 기준년 연쇄가격","2018","문화 및 기타 서비스업",519344
"성동구","2020년 기준년 연쇄가격","2019","지역내총생산(시장가격)",13837199
"성동구","2020년 기준년 연쇄가격","2019","순생산물세",1249349
"성동구","2020년 기준년 연쇄가격","2019","총부가가치(기초가격)",12602017
"성동구","2020년 기준년 연쇄가격","2019","농업, 임업 및 어업",347
"성동구","2020년 기준년 연쇄가격","2019","광업",-
"성동구","2020년 기준년 연쇄가격","2019","제조업",2083593
"성동구","2020년 기준년 연쇄가격","2019","전기, 가스, 증기 및 공기 조절 공급업",79301
"성동구","2020년 기준년 연쇄가격","2019","건설업",424152
"성동구","2020년 기준년 연쇄가격","2019","도매 및 소매업",2599356
"성동구","2020년 기준년 연쇄가격","2019","운수 및 창고업",390427
"성동구","2020년 기준년 연쇄가격","2019","숙박 및 음식점업",292826
"성동구","2020년 기준년 연쇄가격","2019","정보통신업",1039290
"성동구","2020년 기준년 연쇄가격","2019","금융 및 보험업",243783
"성동구","2020년 기준년 연쇄가격","2019","부동산업",1434339
"성동구","2020년 기준년 연쇄가격","2019","사업서비스업",2291853
"성동구","2020년 기준년 연쇄가격","2019","공공 행정, 국방 및 사회보장 행정",178372
"성동구","2020년 기준년 연쇄가격","2019","교육 서비스업",570826
"성동구","2020년 기준년 연쇄가격","2019","보건업 및 사회복지서비스업",454910
"성동구","2020년 기준년 연쇄가격","2019","문화 및 기타 서비스업",510635
"성동구","2020년 기준년 연쇄가격","2020","지역내총생산(시장가격)",13838908
"성동구","2020년 기준년 연쇄가격","2020","순생산물세",1194585
"성동구","2020년 기준년 연쇄가격","2020","총부가가치(기초가격)",12613091
"성동구","2020년 기준년 연쇄가격","2020","농업, 임업 및 어업",456
"성동구","2020년 기준년 연쇄가격","2020","광업",170
"성동구","2020년 기준년 연쇄가격","2020","제조업",1706906
"성동구","2020년 기준년 연쇄가격","2020","전기, 가스, 증기 및 공기 조절 공급업",88065
"성동구","2020년 기준년 연쇄가격","2020","건설업",510657
"성동구","2020년 기준년 연쇄가격","2020","도매 및 소매업",2935969
"성동구","2020년 기준년 연쇄가격","2020","운수 및 창고업",294107
"성동구","2020년 기준년 연쇄가격","2020","숙박 및 음식점업",253305
"성동구","2020년 기준년 연쇄가격","2020","정보통신업",1170785
"성동구","2020년 기준년 연쇄가격","2020","금융 및 보험업",219469
"성동구","2020년 기준년 연쇄가격","2020","부동산업",1503493
"성동구","2020년 기준년 연쇄가격","2020","사업서비스업",2280795
"성동구","2020년 기준년 연쇄가격","2020","공공 행정, 국방 및 사회보장 행정",179962
"성동구","2020년 기준년 연쇄가격","2020","교육 서비스업",543951
"성동구","2020년 기준년 연쇄가격","2020","보건업 및 사회복지서비스업",461673
"성동구","2020년 기준년 연쇄가격","2020","문화 및 기타 서비스업",463329
"성동구","2020년 기준년 연쇄가격","2021","지역내총생산(시장가격)",15521916
"성동구","2020년 기준년 연쇄가격","2021","순생산물세",1324551
"성동구","2020년 기준년 연쇄가격","2021","총부가가치(기초가격)",14197365
"성동구","2020년 기준년 연쇄가격","2021","농업, 임업 및 어업",565
"성동구","2020년 기준년 연쇄가격","2021","광업",182
"성동구","2020년 기준년 연쇄가격","2021","제조업",1807687
"성동구","2020년 기준년 연쇄가격","2021","전기, 가스, 증기 및 공기 조절 공급업",90484
"성동구","2020년 기준년 연쇄가격","2021","건설업",457431
"성동구","2020년 기준년 연쇄가격","2021","도매 및 소매업",3975420
"성동구","2020년 기준년 연쇄가격","2021","운수 및 창고업",390459
"성동구","2020년 기준년 연쇄가격","2021","숙박 및 음식점업",277009
"성동구","2020년 기준년 연쇄가격","2021","정보통신업",1271491
"성동구","2020년 기준년 연쇄가격","2021","금융 및 보험업",244534
"성동구","2020년 기준년 연쇄가격","2021","부동산업",1460230
"성동구","2020년 기준년 연쇄가격","2021","사업서비스업",2542492
"성동구","2020년 기준년 연쇄가격","2021","공공 행정, 국방 및 사회보장 행정",188148
"성동구","2020년 기준년 연쇄가격","2021","교육 서비스업",546775
"성동구","2020년 기준년 연쇄가격","2021","보건업 및 사회복지서비스업",471309
"성동구","2020년 기준년 연쇄가격","2021","문화 및 기타 서비스업",473149
"성동구","2020년 기준년 연쇄가격","2022","지역내총생산(시장가격)",16182239
"성동구","2020년 기준년 연쇄가격","2022","순생산물세",1285073
"성동구","2020년 기준년 연쇄가격","2022","총부가가치(기초가격)",14900299
"성동구","2020년 기준년 연쇄가격","2022","농업, 임업 및 어업",633
"성동구","2020년 기준년 연쇄가격","2022","광업",158
"성동구","2020년 기준년 연쇄가격","2022","제조업",1917235
"성동구","2020년 기준년 연쇄가격","2022","전기, 가스, 증기 및 공기 조절 공급업",86366
"성동구","2020년 기준년 연쇄가격","2022","건설업",208152
"성동구","2020년 기준년 연쇄가격","2022","도매 및 소매업",4345620
"성동구","2020년 기준년 연쇄가격","2022","운수 및 창고업",419981
"성동구","2020년 기준년 연쇄가격","2022","숙박 및 음식점업",314628
"성동구","2020년 기준년 연쇄가격","2022","정보통신업",1310204
"성동구","2020년 기준년 연쇄가격","2022","금융 및 보험업",256844
"성동구","2020년 기준년 연쇄가격","2022","부동산업",1500868
"성동구","2020년 기준년 연쇄가격","2022","사업서비스업",2730231
"성동구","2020년 기준년 연쇄가격","2022","공공 행정, 국방 및 사회보장 행정",198660
"성동구","2020년 기준년 연쇄가격","2022","교육 서비스업",591373
"성동구","2020년 기준년 연쇄가격","2022","보건업 및 사회복지서비스업",505134
"성동구","2020년 기준년 연쇄가격","2022","문화 및 기타 서비스업",512133
"광진구","2020년 기준년 연쇄가격","2015","지역내총생산(시장가격)",6881461
"광진구","2020년 기준년 연쇄가격","2015","순생산물세",491847
"광진구","2020년 기준년 연쇄가격","2015","총부가가치(기초가격)",6396289
"광진구","2020년 기준년 연쇄가격","2015","농업, 임업 및 어업",106
"광진구","2020년 기준년 연쇄가격","2015","광업",-
"광진구","2020년 기준년 연쇄가격","2015","제조업",543440
"광진구","2020년 기준년 연쇄가격","2015","전기, 가스, 증기 및 공기 조절 공급업",85555
"광진구","2020년 기준년 연쇄가격","2015","건설업",246757
"광진구","2020년 기준년 연쇄가격","2015","도매 및 소매업",965721
"광진구","2020년 기준년 연쇄가격","2015","운수 및 창고업",268103
"광진구","2020년 기준년 연쇄가격","2015","숙박 및 음식점업",414731
"광진구","2020년 기준년 연쇄가격","2015","정보통신업",152032
"광진구","2020년 기준년 연쇄가격","2015","금융 및 보험업",172062
"광진구","2020년 기준년 연쇄가격","2015","부동산업",971759
"광진구","2020년 기준년 연쇄가격","2015","사업서비스업",639978
"광진구","2020년 기준년 연쇄가격","2015","공공 행정, 국방 및 사회보장 행정",192355
"광진구","2020년 기준년 연쇄가격","2015","교육 서비스업",886010
"광진구","2020년 기준년 연쇄가격","2015","보건업 및 사회복지서비스업",507453
"광진구","2020년 기준년 연쇄가격","2015","문화 및 기타 서비스업",339667
"광진구","2020년 기준년 연쇄가격","2016","지역내총생산(시장가격)",7122926
"광진구","2020년 기준년 연쇄가격","2016","순생산물세",550939
"광진구","2020년 기준년 연쇄가격","2016","총부가가치(기초가격)",6583814
"광진구","2020년 기준년 연쇄가격","2016","농업, 임업 및 어업",124
"광진구","2020년 기준년 연쇄가격","2016","광업",-
"광진구","2020년 기준년 연쇄가격","2016","제조업",484238
"광진구","2020년 기준년 연쇄가격","2016","전기, 가스, 증기 및 공기 조절 공급업",73663
"광진구","2020년 기준년 연쇄가격","2016","건설업",268302
"광진구","2020년 기준년 연쇄가격","2016","도매 및 소매업",984779
"광진구","2020년 기준년 연쇄가격","2016","운수 및 창고업",226239
"광진구","2020년 기준년 연쇄가격","2016","숙박 및 음식점업",442935
"광진구","2020년 기준년 연쇄가격","2016","정보통신업",181755
"광진구","2020년 기준년 연쇄가격","2016","금융 및 보험업",194760
"광진구","2020년 기준년 연쇄가격","2016","부동산업",994895
"광진구","2020년 기준년 연쇄가격","2016","사업서비스업",737373
"광진구","2020년 기준년 연쇄가격","2016","공공 행정, 국방 및 사회보장 행정",187699
"광진구","2020년 기준년 연쇄가격","2016","교육 서비스업",905957
"광진구","2020년 기준년 연쇄가격","2016","보건업 및 사회복지서비스업",538742
"광진구","2020년 기준년 연쇄가격","2016","문화 및 기타 서비스업",353298
"광진구","2020년 기준년 연쇄가격","2017","지역내총생산(시장가격)",7246295
"광진구","2020년 기준년 연쇄가격","2017","순생산물세",542032
"광진구","2020년 기준년 연쇄가격","2017","총부가가치(기초가격)",6713991
"광진구","2020년 기준년 연쇄가격","2017","농업, 임업 및 어업",137
"광진구","2020년 기준년 연쇄가격","2017","광업",-
"광진구","2020년 기준년 연쇄가격","2017","제조업",382133
"광진구","2020년 기준년 연쇄가격","2017","전기, 가스, 증기 및 공기 조절 공급업",81821
"광진구","2020년 기준년 연쇄가격","2017","건설업",315403
"광진구","2020년 기준년 연쇄가격","2017","도매 및 소매업",995234
"광진구","2020년 기준년 연쇄가격","2017","운수 및 창고업",238140
"광진구","2020년 기준년 연쇄가격","2017","숙박 및 음식점업",421943
"광진구","2020년 기준년 연쇄가격","2017","정보통신업",187341
"광진구","2020년 기준년 연쇄가격","2017","금융 및 보험업",221174
"광진구","2020년 기준년 연쇄가격","2017","부동산업",982921
"광진구","2020년 기준년 연쇄가격","2017","사업서비스업",834892
"광진구","2020년 기준년 연쇄가격","2017","공공 행정, 국방 및 사회보장 행정",224692
"광진구","2020년 기준년 연쇄가격","2017","교육 서비스업",913984
"광진구","2020년 기준년 연쇄가격","2017","보건업 및 사회복지서비스업",568509
"광진구","2020년 기준년 연쇄가격","2017","문화 및 기타 서비스업",343910
"광진구","2020년 기준년 연쇄가격","2018","지역내총생산(시장가격)",7229793
"광진구","2020년 기준년 연쇄가격","2018","순생산물세",522847
"광진구","2020년 기준년 연쇄가격","2018","총부가가치(기초가격)",6715128
"광진구","2020년 기준년 연쇄가격","2018","농업, 임업 및 어업",159
"광진구","2020년 기준년 연쇄가격","2018","광업",-
"광진구","2020년 기준년 연쇄가격","2018","제조업",351902
"광진구","2020년 기준년 연쇄가격","2018","전기, 가스, 증기 및 공기 조절 공급업",74153
"광진구","2020년 기준년 연쇄가격","2018","건설업",274136
"광진구","2020년 기준년 연쇄가격","2018","도매 및 소매업",993333
"광진구","2020년 기준년 연쇄가격","2018","운수 및 창고업",235811
"광진구","2020년 기준년 연쇄가격","2018","숙박 및 음식점업",445709
"광진구","2020년 기준년 연쇄가격","2018","정보통신업",178300
"광진구","2020년 기준년 연쇄가격","2018","금융 및 보험업",239673
"광진구","2020년 기준년 연쇄가격","2018","부동산업",1000749
"광진구","2020년 기준년 연쇄가격","2018","사업서비스업",775126
"광진구","2020년 기준년 연쇄가격","2018","공공 행정, 국방 및 사회보장 행정",228213
"광진구","2020년 기준년 연쇄가격","2018","교육 서비스업",931303
"광진구","2020년 기준년 연쇄가격","2018","보건업 및 사회복지서비스업",636173
"광진구","2020년 기준년 연쇄가격","2018","문화 및 기타 서비스업",341262
"광진구","2020년 기준년 연쇄가격","2019","지역내총생산(시장가격)",7381141
"광진구","2020년 기준년 연쇄가격","2019","순생산물세",565593
"광진구","2020년 기준년 연쇄가격","2019","총부가가치(기초가격)",6825559
"광진구","2020년 기준년 연쇄가격","2019","농업, 임업 및 어업",93
"광진구","2020년 기준년 연쇄가격","2019","광업",-
"광진구","2020년 기준년 연쇄가격","2019","제조업",331250
"광진구","2020년 기준년 연쇄가격","2019","전기, 가스, 증기 및 공기 조절 공급업",72926
"광진구","2020년 기준년 연쇄가격","2019","건설업",313216
"광진구","2020년 기준년 연쇄가격","2019","도매 및 소매업",1006641
"광진구","2020년 기준년 연쇄가격","2019","운수 및 창고업",219238
"광진구","2020년 기준년 연쇄가격","2019","숙박 및 음식점업",478740
"광진구","2020년 기준년 연쇄가격","2019","정보통신업",169550
"광진구","2020년 기준년 연쇄가격","2019","금융 및 보험업",219318
"광진구","2020년 기준년 연쇄가격","2019","부동산업",1007428
"광진구","2020년 기준년 연쇄가격","2019","사업서비스업",808402
"광진구","2020년 기준년 연쇄가격","2019","공공 행정, 국방 및 사회보장 행정",232478
"광진구","2020년 기준년 연쇄가격","2019","교육 서비스업",918080
"광진구","2020년 기준년 연쇄가격","2019","보건업 및 사회복지서비스업",683611
"광진구","2020년 기준년 연쇄가격","2019","문화 및 기타 서비스업",356879
"광진구","2020년 기준년 연쇄가격","2020","지역내총생산(시장가격)",7373642
"광진구","2020년 기준년 연쇄가격","2020","순생산물세",508804
"광진구","2020년 기준년 연쇄가격","2020","총부가가치(기초가격)",6866714
"광진구","2020년 기준년 연쇄가격","2020","농업, 임업 및 어업",117
"광진구","2020년 기준년 연쇄가격","2020","광업",-
"광진구","2020년 기준년 연쇄가격","2020","제조업",296227
"광진구","2020년 기준년 연쇄가격","2020","전기, 가스, 증기 및 공기 조절 공급업",75383
"광진구","2020년 기준년 연쇄가격","2020","건설업",358054
"광진구","2020년 기준년 연쇄가격","2020","도매 및 소매업",1088477
"광진구","2020년 기준년 연쇄가격","2020","운수 및 창고업",182898
"광진구","2020년 기준년 연쇄가격","2020","숙박 및 음식점업",357246
"광진구","2020년 기준년 연쇄가격","2020","정보통신업",212447
"광진구","2020년 기준년 연쇄가격","2020","금융 및 보험업",172293
"광진구","2020년 기준년 연쇄가격","2020","부동산업",1123050
"광진구","2020년 기준년 연쇄가격","2020","사업서비스업",878223
"광진구","2020년 기준년 연쇄가격","2020","공공 행정, 국방 및 사회보장 행정",243267
"광진구","2020년 기준년 연쇄가격","2020","교육 서비스업",899621
"광진구","2020년 기준년 연쇄가격","2020","보건업 및 사회복지서비스업",684909
"광진구","2020년 기준년 연쇄가격","2020","문화 및 기타 서비스업",294504
"광진구","2020년 기준년 연쇄가격","2021","지역내총생산(시장가격)",7363535
"광진구","2020년 기준년 연쇄가격","2021","순생산물세",514386
"광진구","2020년 기준년 연쇄가격","2021","총부가가치(기초가격)",6849149
"광진구","2020년 기준년 연쇄가격","2021","농업, 임업 및 어업",181
"광진구","2020년 기준년 연쇄가격","2021","광업",-
"광진구","2020년 기준년 연쇄가격","2021","제조업",298028
"광진구","2020년 기준년 연쇄가격","2021","전기, 가스, 증기 및 공기 조절 공급업",76479
"광진구","2020년 기준년 연쇄가격","2021","건설업",378925
"광진구","2020년 기준년 연쇄가격","2021","도매 및 소매업",1078155
"광진구","2020년 기준년 연쇄가격","2021","운수 및 창고업",180974
"광진구","2020년 기준년 연쇄가격","2021","숙박 및 음식점업",346407
"광진구","2020년 기준년 연쇄가격","2021","정보통신업",217729
"광진구","2020년 기준년 연쇄가격","2021","금융 및 보험업",185507
"광진구","2020년 기준년 연쇄가격","2021","부동산업",1089183
"광진구","2020년 기준년 연쇄가격","2021","사업서비스업",780683
"광진구","2020년 기준년 연쇄가격","2021","공공 행정, 국방 및 사회보장 행정",246702
"광진구","2020년 기준년 연쇄가격","2021","교육 서비스업",955863
"광진구","2020년 기준년 연쇄가격","2021","보건업 및 사회복지서비스업",725600
"광진구","2020년 기준년 연쇄가격","2021","문화 및 기타 서비스업",288735
"광진구","2020년 기준년 연쇄가격","2022","지역내총생산(시장가격)",7813603
"광진구","2020년 기준년 연쇄가격","2022","순생산물세",501311
"광진구","2020년 기준년 연쇄가격","2022","총부가가치(기초가격)",7314035
"광진구","2020년 기준년 연쇄가격","2022","농업, 임업 및 어업",196
"광진구","2020년 기준년 연쇄가격","2022","광업",-
"광진구","2020년 기준년 연쇄가격","2022","제조업",279294
"광진구","2020년 기준년 연쇄가격","2022","전기, 가스, 증기 및 공기 조절 공급업",76239
"광진구","2020년 기준년 연쇄가격","2022","건설업",715279
"광진구","2020년 기준년 연쇄가격","2022","도매 및 소매업",1043268
"광진구","2020년 기준년 연쇄가격","2022","운수 및 창고업",226759
"광진구","2020년 기준년 연쇄가격","2022","숙박 및 음식점업",407869
"광진구","2020년 기준년 연쇄가격","2022","정보통신업",245817
"광진구","2020년 기준년 연쇄가격","2022","금융 및 보험업",177387
"광진구","2020년 기준년 연쇄가격","2022","부동산업",1016169
"광진구","2020년 기준년 연쇄가격","2022","사업서비스업",849094
"광진구","2020년 기준년 연쇄가격","2022","공공 행정, 국방 및 사회보장 행정",251206
"광진구","2020년 기준년 연쇄가격","2022","교육 서비스업",935655
"광진구","2020년 기준년 연쇄가격","2022","보건업 및 사회복지서비스업",754224
"광진구","2020년 기준년 연쇄가격","2022","문화 및 기타 서비스업",325175
"동대문구","2020년 기준년 연쇄가격","2015","지역내총생산(시장가격)",8512789
"동대문구","2020년 기준년 연쇄가격","2015","순생산물세",622997
"동대문구","2020년 기준년 연쇄가격","2015","총부가가치(기초가격)",7894271
"동대문구","2020년 기준년 연쇄가격","2015","농업, 임업 및 어업",151
"동대문구","2020년 기준년 연쇄가격","2015","광업",882
"동대문구","2020년 기준년 연쇄가격","2015","제조업",829772
"동대문구","2020년 기준년 연쇄가격","2015","전기, 가스, 증기 및 공기 조절 공급업",77158
"동대문구","2020년 기준년 연쇄가격","2015","건설업",371557
"동대문구","2020년 기준년 연쇄가격","2015","도매 및 소매업",1711301
"동대문구","2020년 기준년 연쇄가격","2015","운수 및 창고업",244219
"동대문구","2020년 기준년 연쇄가격","2015","숙박 및 음식점업",265334
"동대문구","2020년 기준년 연쇄가격","2015","정보통신업",89989
"동대문구","2020년 기준년 연쇄가격","2015","금융 및 보험업",331017
"동대문구","2020년 기준년 연쇄가격","2015","부동산업",946746
"동대문구","2020년 기준년 연쇄가격","2015","사업서비스업",761687
"동대문구","2020년 기준년 연쇄가격","2015","공공 행정, 국방 및 사회보장 행정",194379
"동대문구","2020년 기준년 연쇄가격","2015","교육 서비스업",995640
"동대문구","2020년 기준년 연쇄가격","2015","보건업 및 사회복지서비스업",670614
"동대문구","2020년 기준년 연쇄가격","2015","문화 및 기타 서비스업",376472
"동대문구","2020년 기준년 연쇄가격","2016","지역내총생산(시장가격)",8769555
"동대문구","2020년 기준년 연쇄가격","2016","순생산물세",708218
"동대문구","2020년 기준년 연쇄가격","2016","총부가가치(기초가격)",8074018
"동대문구","2020년 기준년 연쇄가격","2016","농업, 임업 및 어업",137
"동대문구","2020년 기준년 연쇄가격","2016","광업",480
"동대문구","2020년 기준년 연쇄가격","2016","제조업",804606
"동대문구","2020년 기준년 연쇄가격","2016","전기, 가스, 증기 및 공기 조절 공급업",66535
"동대문구","2020년 기준년 연쇄가격","2016","건설업",378576
"동대문구","2020년 기준년 연쇄가격","2016","도매 및 소매업",1724273
"동대문구","2020년 기준년 연쇄가격","2016","운수 및 창고업",219525
"동대문구","2020년 기준년 연쇄가격","2016","숙박 및 음식점업",274796
"동대문구","2020년 기준년 연쇄가격","2016","정보통신업",97916
"동대문구","2020년 기준년 연쇄가격","2016","금융 및 보험업",356712
"동대문구","2020년 기준년 연쇄가격","2016","부동산업",993215
"동대문구","2020년 기준년 연쇄가격","2016","사업서비스업",875883
"동대문구","2020년 기준년 연쇄가격","2016","공공 행정, 국방 및 사회보장 행정",192248
"동대문구","2020년 기준년 연쇄가격","2016","교육 서비스업",993019
"동대문구","2020년 기준년 연쇄가격","2016","보건업 및 사회복지서비스업",681988
"동대문구","2020년 기준년 연쇄가격","2016","문화 및 기타 서비스업",392410
"동대문구","2020년 기준년 연쇄가격","2017","지역내총생산(시장가격)",8934473
"동대문구","2020년 기준년 연쇄가격","2017","순생산물세",703811
"동대문구","2020년 기준년 연쇄가격","2017","총부가가치(기초가격)",8241269
"동대문구","2020년 기준년 연쇄가격","2017","농업, 임업 및 어업",154
"동대문구","2020년 기준년 연쇄가격","2017","광업",9
"동대문구","2020년 기준년 연쇄가격","2017","제조업",804377
"동대문구","2020년 기준년 연쇄가격","2017","전기, 가스, 증기 및 공기 조절 공급업",73450
"동대문구","2020년 기준년 연쇄가격","2017","건설업",408738
"동대문구","2020년 기준년 연쇄가격","2017","도매 및 소매업",1740273
"동대문구","2020년 기준년 연쇄가격","2017","운수 및 창고업",229667
"동대문구","2020년 기준년 연쇄가격","2017","숙박 및 음식점업",267624
"동대문구","2020년 기준년 연쇄가격","2017","정보통신업",88447
"동대문구","2020년 기준년 연쇄가격","2017","금융 및 보험업",327847
"동대문구","2020년 기준년 연쇄가격","2017","부동산업",977803
"동대문구","2020년 기준년 연쇄가격","2017","사업서비스업",1000416
"동대문구","2020년 기준년 연쇄가격","2017","공공 행정, 국방 및 사회보장 행정",246501
"동대문구","2020년 기준년 연쇄가격","2017","교육 서비스업",975052
"동대문구","2020년 기준년 연쇄가격","2017","보건업 및 사회복지서비스업",722412
"동대문구","2020년 기준년 연쇄가격","2017","문화 및 기타 서비스업",370589
"동대문구","2020년 기준년 연쇄가격","2018","지역내총생산(시장가격)",8860093
"동대문구","2020년 기준년 연쇄가격","2018","순생산물세",677422
"동대문구","2020년 기준년 연쇄가격","2018","총부가가치(기초가격)",8191341
"동대문구","2020년 기준년 연쇄가격","2018","농업, 임업 및 어업",157
"동대문구","2020년 기준년 연쇄가격","2018","광업",42
"동대문구","2020년 기준년 연쇄가격","2018","제조업",718332
"동대문구","2020년 기준년 연쇄가격","2018","전기, 가스, 증기 및 공기 조절 공급업",67352
"동대문구","2020년 기준년 연쇄가격","2018","건설업",367386
"동대문구","2020년 기준년 연쇄가격","2018","도매 및 소매업",1736588
"동대문구","2020년 기준년 연쇄가격","2018","운수 및 창고업",228544
"동대문구","2020년 기준년 연쇄가격","2018","숙박 및 음식점업",278356
"동대문구","2020년 기준년 연쇄가격","2018","정보통신업",99273
"동대문구","2020년 기준년 연쇄가격","2018","금융 및 보험업",344929
"동대문구","2020년 기준년 연쇄가격","2018","부동산업",1008873
"동대문구","2020년 기준년 연쇄가격","2018","사업서비스업",923625
"동대문구","2020년 기준년 연쇄가격","2018","공공 행정, 국방 및 사회보장 행정",246242
"동대문구","2020년 기준년 연쇄가격","2018","교육 서비스업",1014884
"동대문구","2020년 기준년 연쇄가격","2018","보건업 및 사회복지서비스업",770276
"동대문구","2020년 기준년 연쇄가격","2018","문화 및 기타 서비스업",368128
"동대문구","2020년 기준년 연쇄가격","2019","지역내총생산(시장가격)",8625115
"동대문구","2020년 기준년 연쇄가격","2019","순생산물세",712835
"동대문구","2020년 기준년 연쇄가격","2019","총부가가치(기초가격)",7923809
"동대문구","2020년 기준년 연쇄가격","2019","농업, 임업 및 어업",112
"동대문구","2020년 기준년 연쇄가격","2019","광업",139
"동대문구","2020년 기준년 연쇄가격","2019","제조업",618893
"동대문구","2020년 기준년 연쇄가격","2019","전기, 가스, 증기 및 공기 조절 공급업",66021
"동대문구","2020년 기준년 연쇄가격","2019","건설업",424311
"동대문구","2020년 기준년 연쇄가격","2019","도매 및 소매업",1513112
"동대문구","2020년 기준년 연쇄가격","2019","운수 및 창고업",225878
"동대문구","2020년 기준년 연쇄가격","2019","숙박 및 음식점업",295866
"동대문구","2020년 기준년 연쇄가격","2019","정보통신업",100140
"동대문구","2020년 기준년 연쇄가격","2019","금융 및 보험업",326612
"동대문구","2020년 기준년 연쇄가격","2019","부동산업",965014
"동대문구","2020년 기준년 연쇄가격","2019","사업서비스업",881009
"동대문구","2020년 기준년 연쇄가격","2019","공공 행정, 국방 및 사회보장 행정",262795
"동대문구","2020년 기준년 연쇄가격","2019","교육 서비스업",1029106
"동대문구","2020년 기준년 연쇄가격","2019","보건업 및 사회복지서비스업",846800
"동대문구","2020년 기준년 연쇄가격","2019","문화 및 기타 서비스업",365347
"동대문구","2020년 기준년 연쇄가격","2020","지역내총생산(시장가격)",8668627
"동대문구","2020년 기준년 연쇄가격","2020","순생산물세",655552
"동대문구","2020년 기준년 연쇄가격","2020","총부가가치(기초가격)",7993946
"동대문구","2020년 기준년 연쇄가격","2020","농업, 임업 및 어업",147
"동대문구","2020년 기준년 연쇄가격","2020","광업",-
"동대문구","2020년 기준년 연쇄가격","2020","제조업",625463
"동대문구","2020년 기준년 연쇄가격","2020","전기, 가스, 증기 및 공기 조절 공급업",68225
"동대문구","2020년 기준년 연쇄가격","2020","건설업",493603
"동대문구","2020년 기준년 연쇄가격","2020","도매 및 소매업",1747092
"동대문구","2020년 기준년 연쇄가격","2020","운수 및 창고업",164347
"동대문구","2020년 기준년 연쇄가격","2020","숙박 및 음식점업",230453
"동대문구","2020년 기준년 연쇄가격","2020","정보통신업",114842
"동대문구","2020년 기준년 연쇄가격","2020","금융 및 보험업",261196
"동대문구","2020년 기준년 연쇄가격","2020","부동산업",1090729
"동대문구","2020년 기준년 연쇄가격","2020","사업서비스업",913348
"동대문구","2020년 기준년 연쇄가격","2020","공공 행정, 국방 및 사회보장 행정",262089
"동대문구","2020년 기준년 연쇄가격","2020","교육 서비스업",876394
"동대문구","2020년 기준년 연쇄가격","2020","보건업 및 사회복지서비스업",826014
"동대문구","2020년 기준년 연쇄가격","2020","문화 및 기타 서비스업",320005
"동대문구","2020년 기준년 연쇄가격","2021","지역내총생산(시장가격)",8849626
"동대문구","2020년 기준년 연쇄가격","2021","순생산물세",667144
"동대문구","2020년 기준년 연쇄가격","2021","총부가가치(기초가격)",8182482
"동대문구","2020년 기준년 연쇄가격","2021","농업, 임업 및 어업",185
"동대문구","2020년 기준년 연쇄가격","2021","광업",-
"동대문구","2020년 기준년 연쇄가격","2021","제조업",581594
"동대문구","2020년 기준년 연쇄가격","2021","전기, 가스, 증기 및 공기 조절 공급업",69939
"동대문구","2020년 기준년 연쇄가격","2021","건설업",576969
"동대문구","2020년 기준년 연쇄가격","2021","도매 및 소매업",1660358
"동대문구","2020년 기준년 연쇄가격","2021","운수 및 창고업",193845
"동대문구","2020년 기준년 연쇄가격","2021","숙박 및 음식점업",238522
"동대문구","2020년 기준년 연쇄가격","2021","정보통신업",118311
"동대문구","2020년 기준년 연쇄가격","2021","금융 및 보험업",300426
"동대문구","2020년 기준년 연쇄가격","2021","부동산업",1150533
"동대문구","2020년 기준년 연쇄가격","2021","사업서비스업",848953
"동대문구","2020년 기준년 연쇄가격","2021","공공 행정, 국방 및 사회보장 행정",266907
"동대문구","2020년 기준년 연쇄가격","2021","교육 서비스업",972634
"동대문구","2020년 기준년 연쇄가격","2021","보건업 및 사회복지서비스업",870596
"동대문구","2020년 기준년 연쇄가격","2021","문화 및 기타 서비스업",332711
"동대문구","2020년 기준년 연쇄가격","2022","지역내총생산(시장가격)",8738870
"동대문구","2020년 기준년 연쇄가격","2022","순생산물세",648591
"동대문구","2020년 기준년 연쇄가격","2022","총부가가치(기초가격)",8090689
"동대문구","2020년 기준년 연쇄가격","2022","농업, 임업 및 어업",210
"동대문구","2020년 기준년 연쇄가격","2022","광업",-
"동대문구","2020년 기준년 연쇄가격","2022","제조업",581707
"동대문구","2020년 기준년 연쇄가격","2022","전기, 가스, 증기 및 공기 조절 공급업",69443
"동대문구","2020년 기준년 연쇄가격","2022","건설업",367766
"동대문구","2020년 기준년 연쇄가격","2022","도매 및 소매업",1671827
"동대문구","2020년 기준년 연쇄가격","2022","운수 및 창고업",214198
"동대문구","2020년 기준년 연쇄가격","2022","숙박 및 음식점업",263058
"동대문구","2020년 기준년 연쇄가격","2022","정보통신업",131645
"동대문구","2020년 기준년 연쇄가격","2022","금융 및 보험업",302129
"동대문구","2020년 기준년 연쇄가격","2022","부동산업",1106366
"동대문구","2020년 기준년 연쇄가격","2022","사업서비스업",810221
"동대문구","2020년 기준년 연쇄가격","2022","공공 행정, 국방 및 사회보장 행정",267632
"동대문구","2020년 기준년 연쇄가격","2022","교육 서비스업",1027570
"동대문구","2020년 기준년 연쇄가격","2022","보건업 및 사회복지서비스업",905332
"동대문구","2020년 기준년 연쇄가격","2022","문화 및 기타 서비스업",376707
"중랑구","2020년 기준년 연쇄가격","2015","지역내총생산(시장가격)",4469300
"중랑구","2020년 기준년 연쇄가격","2015","순생산물세",361538
"중랑구","2020년 기준년 연쇄가격","2015","총부가가치(기초가격)",4113836
"중랑구","2020년 기준년 연쇄가격","2015","농업, 임업 및 어업",1993
"중랑구","2020년 기준년 연쇄가격","2015","광업",135
"중랑구","2020년 기준년 연쇄가격","2015","제조업",381654
"중랑구","2020년 기준년 연쇄가격","2015","전기, 가스, 증기 및 공기 조절 공급업",67651
"중랑구","2020년 기준년 연쇄가격","2015","건설업",185163
"중랑구","2020년 기준년 연쇄가격","2015","도매 및 소매업",725637
"중랑구","2020년 기준년 연쇄가격","2015","운수 및 창고업",390383
"중랑구","2020년 기준년 연쇄가격","2015","숙박 및 음식점업",184811
"중랑구","2020년 기준년 연쇄가격","2015","정보통신업",46691
"중랑구","2020년 기준년 연쇄가격","2015","금융 및 보험업",101398
"중랑구","2020년 기준년 연쇄가격","2015","부동산업",751332
"중랑구","2020년 기준년 연쇄가격","2015","사업서비스업",169716
"중랑구","2020년 기준년 연쇄가격","2015","공공 행정, 국방 및 사회보장 행정",160416
"중랑구","2020년 기준년 연쇄가격","2015","교육 서비스업",309228
"중랑구","2020년 기준년 연쇄가격","2015","보건업 및 사회복지서비스업",394170
"중랑구","2020년 기준년 연쇄가격","2015","문화 및 기타 서비스업",235481
"중랑구","2020년 기준년 연쇄가격","2016","지역내총생산(시장가격)",4575546
"중랑구","2020년 기준년 연쇄가격","2016","순생산물세",389082
"중랑구","2020년 기준년 연쇄가격","2016","총부가가치(기초가격)",4194903
"중랑구","2020년 기준년 연쇄가격","2016","농업, 임업 및 어업",1793
"중랑구","2020년 기준년 연쇄가격","2016","광업",52
"중랑구","2020년 기준년 연쇄가격","2016","제조업",367841
"중랑구","2020년 기준년 연쇄가격","2016","전기, 가스, 증기 및 공기 조절 공급업",58743
"중랑구","2020년 기준년 연쇄가격","2016","건설업",190879
"중랑구","2020년 기준년 연쇄가격","2016","도매 및 소매업",729204
"중랑구","2020년 기준년 연쇄가격","2016","운수 및 창고업",363586
"중랑구","2020년 기준년 연쇄가격","2016","숙박 및 음식점업",198838
"중랑구","2020년 기준년 연쇄가격","2016","정보통신업",53723
"중랑구","2020년 기준년 연쇄가격","2016","금융 및 보험업",99135
"중랑구","2020년 기준년 연쇄가격","2016","부동산업",782277
"중랑구","2020년 기준년 연쇄가격","2016","사업서비스업",189108
"중랑구","2020년 기준년 연쇄가격","2016","공공 행정, 국방 및 사회보장 행정",158024
"중랑구","2020년 기준년 연쇄가격","2016","교육 서비스업",319755
"중랑구","2020년 기준년 연쇄가격","2016","보건업 및 사회복지서비스업",427515
"중랑구","2020년 기준년 연쇄가격","2016","문화 및 기타 서비스업",248713
"중랑구","2020년 기준년 연쇄가격","2017","지역내총생산(시장가격)",4766711
"중랑구","2020년 기준년 연쇄가격","2017","순생산물세",399396
"중랑구","2020년 기준년 연쇄가격","2017","총부가가치(기초가격)",4375344
"중랑구","2020년 기준년 연쇄가격","2017","농업, 임업 및 어업",2044
"중랑구","2020년 기준년 연쇄가격","2017","광업",247
"중랑구","2020년 기준년 연쇄가격","2017","제조업",357008
"중랑구","2020년 기준년 연쇄가격","2017","전기, 가스, 증기 및 공기 조절 공급업",65335
"중랑구","2020년 기준년 연쇄가격","2017","건설업",226745
"중랑구","2020년 기준년 연쇄가격","2017","도매 및 소매업",750481
"중랑구","2020년 기준년 연쇄가격","2017","운수 및 창고업",393316
"중랑구","2020년 기준년 연쇄가격","2017","숙박 및 음식점업",200856
"중랑구","2020년 기준년 연쇄가격","2017","정보통신업",48645
"중랑구","2020년 기준년 연쇄가격","2017","금융 및 보험업",104527
"중랑구","2020년 기준년 연쇄가격","2017","부동산업",807055
"중랑구","2020년 기준년 연쇄가격","2017","사업서비스업",246055
"중랑구","2020년 기준년 연쇄가격","2017","공공 행정, 국방 및 사회보장 행정",168620
"중랑구","2020년 기준년 연쇄가격","2017","교육 서비스업",315962
"중랑구","2020년 기준년 연쇄가격","2017","보건업 및 사회복지서비스업",452594
"중랑구","2020년 기준년 연쇄가격","2017","문화 및 기타 서비스업",233484
"중랑구","2020년 기준년 연쇄가격","2018","지역내총생산(시장가격)",4871303
"중랑구","2020년 기준년 연쇄가격","2018","순생산물세",389013
"중랑구","2020년 기준년 연쇄가격","2018","총부가가치(기초가격)",4488904
"중랑구","2020년 기준년 연쇄가격","2018","농업, 임업 및 어업",2000
"중랑구","2020년 기준년 연쇄가격","2018","광업",225
"중랑구","2020년 기준년 연쇄가격","2018","제조업",367944
"중랑구","2020년 기준년 연쇄가격","2018","전기, 가스, 증기 및 공기 조절 공급업",61881
"중랑구","2020년 기준년 연쇄가격","2018","건설업",305662
"중랑구","2020년 기준년 연쇄가격","2018","도매 및 소매업",753652
"중랑구","2020년 기준년 연쇄가격","2018","운수 및 창고업",387007
"중랑구","2020년 기준년 연쇄가격","2018","숙박 및 음식점업",209829
"중랑구","2020년 기준년 연쇄가격","2018","정보통신업",49390
"중랑구","2020년 기준년 연쇄가격","2018","금융 및 보험업",113870
"중랑구","2020년 기준년 연쇄가격","2018","부동산업",807251
"중랑구","2020년 기준년 연쇄가격","2018","사업서비스업",215138
"중랑구","2020년 기준년 연쇄가격","2018","공공 행정, 국방 및 사회보장 행정",167677
"중랑구","2020년 기준년 연쇄가격","2018","교육 서비스업",319663
"중랑구","2020년 기준년 연쇄가격","2018","보건업 및 사회복지서비스업",491572
"중랑구","2020년 기준년 연쇄가격","2018","문화 및 기타 서비스업",236381
"중랑구","2020년 기준년 연쇄가격","2019","지역내총생산(시장가격)",5180404
"중랑구","2020년 기준년 연쇄가격","2019","순생산물세",437413
"중랑구","2020년 기준년 연쇄가격","2019","총부가가치(기초가격)",4751144
"중랑구","2020년 기준년 연쇄가격","2019","농업, 임업 및 어업",1524
"중랑구","2020년 기준년 연쇄가격","2019","광업",-
"중랑구","2020년 기준년 연쇄가격","2019","제조업",370035
"중랑구","2020년 기준년 연쇄가격","2019","전기, 가스, 증기 및 공기 조절 공급업",61893
"중랑구","2020년 기준년 연쇄가격","2019","건설업",445556
"중랑구","2020년 기준년 연쇄가격","2019","도매 및 소매업",740490
"중랑구","2020년 기준년 연쇄가격","2019","운수 및 창고업",373000
"중랑구","2020년 기준년 연쇄가격","2019","숙박 및 음식점업",224529
"중랑구","2020년 기준년 연쇄가격","2019","정보통신업",50861
"중랑구","2020년 기준년 연쇄가격","2019","금융 및 보험업",111365
"중랑구","2020년 기준년 연쇄가격","2019","부동산업",813518
"중랑구","2020년 기준년 연쇄가격","2019","사업서비스업",246318
"중랑구","2020년 기준년 연쇄가격","2019","공공 행정, 국방 및 사회보장 행정",181560
"중랑구","2020년 기준년 연쇄가격","2019","교육 서비스업",328913
"중랑구","2020년 기준년 연쇄가격","2019","보건업 및 사회복지서비스업",555256
"중랑구","2020년 기준년 연쇄가격","2019","문화 및 기타 서비스업",251191
"중랑구","2020년 기준년 연쇄가격","2020","지역내총생산(시장가격)",5322008
"중랑구","2020년 기준년 연쇄가격","2020","순생산물세",396592
"중랑구","2020년 기준년 연쇄가격","2020","총부가가치(기초가격)",4828143
"중랑구","2020년 기준년 연쇄가격","2020","농업, 임업 및 어업",2052
"중랑구","2020년 기준년 연쇄가격","2020","광업",75
"중랑구","2020년 기준년 연쇄가격","2020","제조업",381669
"중랑구","2020년 기준년 연쇄가격","2020","전기, 가스, 증기 및 공기 조절 공급업",62617
"중랑구","2020년 기준년 연쇄가격","2020","건설업",457076
"중랑구","2020년 기준년 연쇄가격","2020","도매 및 소매업",860593
"중랑구","2020년 기준년 연쇄가격","2020","운수 및 창고업",228885
"중랑구","2020년 기준년 연쇄가격","2020","숙박 및 음식점업",182582
"중랑구","2020년 기준년 연쇄가격","2020","정보통신업",83474
"중랑구","2020년 기준년 연쇄가격","2020","금융 및 보험업",86580
"중랑구","2020년 기준년 연쇄가격","2020","부동산업",889891
"중랑구","2020년 기준년 연쇄가격","2020","사업서비스업",280982
"중랑구","2020년 기준년 연쇄가격","2020","공공 행정, 국방 및 사회보장 행정",190288
"중랑구","2020년 기준년 연쇄가격","2020","교육 서비스업",344957
"중랑구","2020년 기준년 연쇄가격","2020","보건업 및 사회복지서비스업",560742
"중랑구","2020년 기준년 연쇄가격","2020","문화 및 기타 서비스업",215679
"중랑구","2020년 기준년 연쇄가격","2021","지역내총생산(시장가격)",5303594
"중랑구","2020년 기준년 연쇄가격","2021","순생산물세",394699
"중랑구","2020년 기준년 연쇄가격","2021","총부가가치(기초가격)",4908895
"중랑구","2020년 기준년 연쇄가격","2021","농업, 임업 및 어업",2107
"중랑구","2020년 기준년 연쇄가격","2021","광업",563
"중랑구","2020년 기준년 연쇄가격","2021","제조업",421248
"중랑구","2020년 기준년 연쇄가격","2021","전기, 가스, 증기 및 공기 조절 공급업",64764
"중랑구","2020년 기준년 연쇄가격","2021","건설업",439298
"중랑구","2020년 기준년 연쇄가격","2021","도매 및 소매업",849333
"중랑구","2020년 기준년 연쇄가격","2021","운수 및 창고업",256153
"중랑구","2020년 기준년 연쇄가격","2021","숙박 및 음식점업",190352
"중랑구","2020년 기준년 연쇄가격","2021","정보통신업",89698
"중랑구","2020년 기준년 연쇄가격","2021","금융 및 보험업",90443
"중랑구","2020년 기준년 연쇄가격","2021","부동산업",816784
"중랑구","2020년 기준년 연쇄가격","2021","사업서비스업",338644
"중랑구","2020년 기준년 연쇄가격","2021","공공 행정, 국방 및 사회보장 행정",199003
"중랑구","2020년 기준년 연쇄가격","2021","교육 서비스업",338991
"중랑구","2020년 기준년 연쇄가격","2021","보건업 및 사회복지서비스업",592381
"중랑구","2020년 기준년 연쇄가격","2021","문화 및 기타 서비스업",219131
"중랑구","2020년 기준년 연쇄가격","2022","지역내총생산(시장가격)",5202430
"중랑구","2020년 기준년 연쇄가격","2022","순생산물세",384324
"중랑구","2020년 기준년 연쇄가격","2022","총부가가치(기초가격)",4818240
"중랑구","2020년 기준년 연쇄가격","2022","농업, 임업 및 어업",1887
"중랑구","2020년 기준년 연쇄가격","2022","광업",1089
"중랑구","2020년 기준년 연쇄가격","2022","제조업",431369
"중랑구","2020년 기준년 연쇄가격","2022","전기, 가스, 증기 및 공기 조절 공급업",63949
"중랑구","2020년 기준년 연쇄가격","2022","건설업",224675
"중랑구","2020년 기준년 연쇄가격","2022","도매 및 소매업",832357
"중랑구","2020년 기준년 연쇄가격","2022","운수 및 창고업",292938
"중랑구","2020년 기준년 연쇄가격","2022","숙박 및 음식점업",210662
"중랑구","2020년 기준년 연쇄가격","2022","정보통신업",96691
"중랑구","2020년 기준년 연쇄가격","2022","금융 및 보험업",103296
"중랑구","2020년 기준년 연쇄가격","2022","부동산업",777690
"중랑구","2020년 기준년 연쇄가격","2022","사업서비스업",364220
"중랑구","2020년 기준년 연쇄가격","2022","공공 행정, 국방 및 사회보장 행정",197499
"중랑구","2020년 기준년 연쇄가격","2022","교육 서비스업",357907
"중랑구","2020년 기준년 연쇄가격","2022","보건업 및 사회복지서비스업",626097
"중랑구","2020년 기준년 연쇄가격","2022","문화 및 기타 서비스업",243182
"성북구","2020년 기준년 연쇄가격","2015","지역내총생산(시장가격)",6051698
"성북구","2020년 기준년 연쇄가격","2015","순생산물세",401184
"성북구","2020년 기준년 연쇄가격","2015","총부가가치(기초가격)",5652919
"성북구","2020년 기준년 연쇄가격","2015","농업, 임업 및 어업",339
"성북구","2020년 기준년 연쇄가격","2015","광업",-
"성북구","2020년 기준년 연쇄가격","2015","제조업",226467
"성북구","2020년 기준년 연쇄가격","2015","전기, 가스, 증기 및 공기 조절 공급업",86634
"성북구","2020년 기준년 연쇄가격","2015","건설업",405694
"성북구","2020년 기준년 연쇄가격","2015","도매 및 소매업",598633
"성북구","2020년 기준년 연쇄가격","2015","운수 및 창고업",219473
"성북구","2020년 기준년 연쇄가격","2015","숙박 및 음식점업",245732
"성북구","2020년 기준년 연쇄가격","2015","정보통신업",82285
"성북구","2020년 기준년 연쇄가격","2015","금융 및 보험업",148549
"성북구","2020년 기준년 연쇄가격","2015","부동산업",1131895
"성북구","2020년 기준년 연쇄가격","2015","사업서비스업",346771
"성북구","2020년 기준년 연쇄가격","2015","공공 행정, 국방 및 사회보장 행정",202387
"성북구","2020년 기준년 연쇄가격","2015","교육 서비스업",1187781
"성북구","2020년 기준년 연쇄가격","2015","보건업 및 사회복지서비스업",506714
"성북구","2020년 기준년 연쇄가격","2015","문화 및 기타 서비스업",252036
"성북구","2020년 기준년 연쇄가격","2016","지역내총생산(시장가격)",6137960
"성북구","2020년 기준년 연쇄가격","2016","순생산물세",446312
"성북구","2020년 기준년 연쇄가격","2016","총부가가치(기초가격)",5698596
"성북구","2020년 기준년 연쇄가격","2016","농업, 임업 및 어업",400
"성북구","2020년 기준년 연쇄가격","2016","광업",-
"성북구","2020년 기준년 연쇄가격","2016","제조업",211374
"성북구","2020년 기준년 연쇄가격","2016","전기, 가스, 증기 및 공기 조절 공급업",74836
"성북구","2020년 기준년 연쇄가격","2016","건설업",404591
"성북구","2020년 기준년 연쇄가격","2016","도매 및 소매업",608013
"성북구","2020년 기준년 연쇄가격","2016","운수 및 창고업",197303
"성북구","2020년 기준년 연쇄가격","2016","숙박 및 음식점업",257836
"성북구","2020년 기준년 연쇄가격","2016","정보통신업",86219
"성북구","2020년 기준년 연쇄가격","2016","금융 및 보험업",156493
"성북구","2020년 기준년 연쇄가격","2016","부동산업",1163249
"성북구","2020년 기준년 연쇄가격","2016","사업서비스업",399731
"성북구","2020년 기준년 연쇄가격","2016","공공 행정, 국방 및 사회보장 행정",204807
"성북구","2020년 기준년 연쇄가격","2016","교육 서비스업",1134704
"성북구","2020년 기준년 연쇄가격","2016","보건업 및 사회복지서비스업",530706
"성북구","2020년 기준년 연쇄가격","2016","문화 및 기타 서비스업",259984
"성북구","2020년 기준년 연쇄가격","2017","지역내총생산(시장가격)",6422706
"성북구","2020년 기준년 연쇄가격","2017","순생산물세",450853
"성북구","2020년 기준년 연쇄가격","2017","총부가가치(기초가격)",5977191
"성북구","2020년 기준년 연쇄가격","2017","농업, 임업 및 어업",439
"성북구","2020년 기준년 연쇄가격","2017","광업",-
"성북구","2020년 기준년 연쇄가격","2017","제조업",206967
"성북구","2020년 기준년 연쇄가격","2017","전기, 가스, 증기 및 공기 조절 공급업",82871
"성북구","2020년 기준년 연쇄가격","2017","건설업",484061
"성북구","2020년 기준년 연쇄가격","2017","도매 및 소매업",585966
"성북구","2020년 기준년 연쇄가격","2017","운수 및 창고업",208065
"성북구","2020년 기준년 연쇄가격","2017","숙박 및 음식점업",249686
"성북구","2020년 기준년 연쇄가격","2017","정보통신업",84696
"성북구","2020년 기준년 연쇄가격","2017","금융 및 보험업",160339
"성북구","2020년 기준년 연쇄가격","2017","부동산업",1145798
"성북구","2020년 기준년 연쇄가격","2017","사업서비스업",650758
"성북구","2020년 기준년 연쇄가격","2017","공공 행정, 국방 및 사회보장 행정",211633
"성북구","2020년 기준년 연쇄가격","2017","교육 서비스업",1123272
"성북구","2020년 기준년 연쇄가격","2017","보건업 및 사회복지서비스업",550437
"성북구","2020년 기준년 연쇄가격","2017","문화 및 기타 서비스업",244699
"성북구","2020년 기준년 연쇄가격","2018","지역내총생산(시장가격)",6284703
"성북구","2020년 기준년 연쇄가격","2018","순생산물세",439591
"성북구","2020년 기준년 연쇄가격","2018","총부가가치(기초가격)",5850209
"성북구","2020년 기준년 연쇄가격","2018","농업, 임업 및 어업",510
"성북구","2020년 기준년 연쇄가격","2018","광업",-
"성북구","2020년 기준년 연쇄가격","2018","제조업",216089
"성북구","2020년 기준년 연쇄가격","2018","전기, 가스, 증기 및 공기 조절 공급업",77449
"성북구","2020년 기준년 연쇄가격","2018","건설업",540643
"성북구","2020년 기준년 연쇄가격","2018","도매 및 소매업",585142
"성북구","2020년 기준년 연쇄가격","2018","운수 및 창고업",182351
"성북구","2020년 기준년 연쇄가격","2018","숙박 및 음식점업",266030
"성북구","2020년 기준년 연쇄가격","2018","정보통신업",93261
"성북구","2020년 기준년 연쇄가격","2018","금융 및 보험업",161150
"성북구","2020년 기준년 연쇄가격","2018","부동산업",1134105
"성북구","2020년 기준년 연쇄가격","2018","사업서비스업",401464
"성북구","2020년 기준년 연쇄가격","2018","공공 행정, 국방 및 사회보장 행정",211192
"성북구","2020년 기준년 연쇄가격","2018","교육 서비스업",1146309
"성북구","2020년 기준년 연쇄가격","2018","보건업 및 사회복지서비스업",596053
"성북구","2020년 기준년 연쇄가격","2018","문화 및 기타 서비스업",238562
"성북구","2020년 기준년 연쇄가격","2019","지역내총생산(시장가격)",6335163
"성북구","2020년 기준년 연쇄가격","2019","순생산물세",460290
"성북구","2020년 기준년 연쇄가격","2019","총부가가치(기초가격)",5880817
"성북구","2020년 기준년 연쇄가격","2019","농업, 임업 및 어업",294
"성북구","2020년 기준년 연쇄가격","2019","광업",-
"성북구","2020년 기준년 연쇄가격","2019","제조업",239814
"성북구","2020년 기준년 연쇄가격","2019","전기, 가스, 증기 및 공기 조절 공급업",77168
"성북구","2020년 기준년 연쇄가격","2019","건설업",436331
"성북구","2020년 기준년 연쇄가격","2019","도매 및 소매업",585562
"성북구","2020년 기준년 연쇄가격","2019","운수 및 창고업",193333
"성북구","2020년 기준년 연쇄가격","2019","숙박 및 음식점업",281992
"성북구","2020년 기준년 연쇄가격","2019","정보통신업",102117
"성북구","2020년 기준년 연쇄가격","2019","금융 및 보험업",163316
"성북구","2020년 기준년 연쇄가격","2019","부동산업",1121824
"성북구","2020년 기준년 연쇄가격","2019","사업서비스업",441660
"성북구","2020년 기준년 연쇄가격","2019","공공 행정, 국방 및 사회보장 행정",211697
"성북구","2020년 기준년 연쇄가격","2019","교육 서비스업",1133271
"성북구","2020년 기준년 연쇄가격","2019","보건업 및 사회복지서비스업",647371
"성북구","2020년 기준년 연쇄가격","2019","문화 및 기타 서비스업",242875
"성북구","2020년 기준년 연쇄가격","2020","지역내총생산(시장가격)",6289444
"성북구","2020년 기준년 연쇄가격","2020","순생산물세",434097
"성북구","2020년 기준년 연쇄가격","2020","총부가가치(기초가격)",5837635
"성북구","2020년 기준년 연쇄가격","2020","농업, 임업 및 어업",362
"성북구","2020년 기준년 연쇄가격","2020","광업",-
"성북구","2020년 기준년 연쇄가격","2020","제조업",263456
"성북구","2020년 기준년 연쇄가격","2020","전기, 가스, 증기 및 공기 조절 공급업",78243
"성북구","2020년 기준년 연쇄가격","2020","건설업",421486
"성북구","2020년 기준년 연쇄가격","2020","도매 및 소매업",720885
"성북구","2020년 기준년 연쇄가격","2020","운수 및 창고업",138209
"성북구","2020년 기준년 연쇄가격","2020","숙박 및 음식점업",227767
"성북구","2020년 기준년 연쇄가격","2020","정보통신업",146421
"성북구","2020년 기준년 연쇄가격","2020","금융 및 보험업",118519
"성북구","2020년 기준년 연쇄가격","2020","부동산업",1147075
"성북구","2020년 기준년 연쇄가격","2020","사업서비스업",540916
"성북구","2020년 기준년 연쇄가격","2020","공공 행정, 국방 및 사회보장 행정",207494
"성북구","2020년 기준년 연쇄가격","2020","교육 서비스업",935159
"성북구","2020년 기준년 연쇄가격","2020","보건업 및 사회복지서비스업",673467
"성북구","2020년 기준년 연쇄가격","2020","문화 및 기타 서비스업",218176
"성북구","2020년 기준년 연쇄가격","2021","지역내총생산(시장가격)",6321979
"성북구","2020년 기준년 연쇄가격","2021","순생산물세",426239
"성북구","2020년 기준년 연쇄가격","2021","총부가가치(기초가격)",5895740
"성북구","2020년 기준년 연쇄가격","2021","농업, 임업 및 어업",562
"성북구","2020년 기준년 연쇄가격","2021","광업",-
"성북구","2020년 기준년 연쇄가격","2021","제조업",187651
"성북구","2020년 기준년 연쇄가격","2021","전기, 가스, 증기 및 공기 조절 공급업",80615
"성북구","2020년 기준년 연쇄가격","2021","건설업",376099
"성북구","2020년 기준년 연쇄가격","2021","도매 및 소매업",713001
"성북구","2020년 기준년 연쇄가격","2021","운수 및 창고업",148907
"성북구","2020년 기준년 연쇄가격","2021","숙박 및 음식점업",241174
"성북구","2020년 기준년 연쇄가격","2021","정보통신업",156542
"성북구","2020년 기준년 연쇄가격","2021","금융 및 보험업",131887
"성북구","2020년 기준년 연쇄가격","2021","부동산업",1073656
"성북구","2020년 기준년 연쇄가격","2021","사업서비스업",540858
"성북구","2020년 기준년 연쇄가격","2021","공공 행정, 국방 및 사회보장 행정",213881
"성북구","2020년 기준년 연쇄가격","2021","교육 서비스업",1095238
"성북구","2020년 기준년 연쇄가격","2021","보건업 및 사회복지서비스업",705106
"성북구","2020년 기준년 연쇄가격","2021","문화 및 기타 서비스업",230563
"성북구","2020년 기준년 연쇄가격","2022","지역내총생산(시장가격)",6315793
"성북구","2020년 기준년 연쇄가격","2022","순생산물세",417305
"성북구","2020년 기준년 연쇄가격","2022","총부가가치(기초가격)",5898823
"성북구","2020년 기준년 연쇄가격","2022","농업, 임업 및 어업",602
"성북구","2020년 기준년 연쇄가격","2022","광업",-
"성북구","2020년 기준년 연쇄가격","2022","제조업",198476
"성북구","2020년 기준년 연쇄가격","2022","전기, 가스, 증기 및 공기 조절 공급업",80320
"성북구","2020년 기준년 연쇄가격","2022","건설업",190690
"성북구","2020년 기준년 연쇄가격","2022","도매 및 소매업",710004
"성북구","2020년 기준년 연쇄가격","2022","운수 및 창고업",166227
"성북구","2020년 기준년 연쇄가격","2022","숙박 및 음식점업",261184
"성북구","2020년 기준년 연쇄가격","2022","정보통신업",171329
"성북구","2020년 기준년 연쇄가격","2022","금융 및 보험업",147846
"성북구","2020년 기준년 연쇄가격","2022","부동산업",1102270
"성북구","2020년 기준년 연쇄가격","2022","사업서비스업",519449
"성북구","2020년 기준년 연쇄가격","2022","공공 행정, 국방 및 사회보장 행정",219662
"성북구","2020년 기준년 연쇄가격","2022","교육 서비스업",1144183
"성북구","2020년 기준년 연쇄가격","2022","보건업 및 사회복지서비스업",735350
"성북구","2020년 기준년 연쇄가격","2022","문화 및 기타 서비스업",256822
"강북구","2020년 기준년 연쇄가격","2015","지역내총생산(시장가격)",3220330
"강북구","2020년 기준년 연쇄가격","2015","순생산물세",254483
"강북구","2020년 기준년 연쇄가격","2015","총부가가치(기초가격)",2966904
"강북구","2020년 기준년 연쇄가격","2015","농업, 임업 및 어업",348
"강북구","2020년 기준년 연쇄가격","2015","광업",-
"강북구","2020년 기준년 연쇄가격","2015","제조업",157852
"강북구","2020년 기준년 연쇄가격","2015","전기, 가스, 증기 및 공기 조절 공급업",56405
"강북구","2020년 기준년 연쇄가격","2015","건설업",176747
"강북구","2020년 기준년 연쇄가격","2015","도매 및 소매업",361083
"강북구","2020년 기준년 연쇄가격","2015","운수 및 창고업",207010
"강북구","2020년 기준년 연쇄가격","2015","숙박 및 음식점업",193965
"강북구","2020년 기준년 연쇄가격","2015","정보통신업",44509
"강북구","2020년 기준년 연쇄가격","2015","금융 및 보험업",167026
"강북구","2020년 기준년 연쇄가격","2015","부동산업",547666
"강북구","2020년 기준년 연쇄가격","2015","사업서비스업",180859
"강북구","2020년 기준년 연쇄가격","2015","공공 행정, 국방 및 사회보장 행정",153971
"강북구","2020년 기준년 연쇄가격","2015","교육 서비스업",257597
"강북구","2020년 기준년 연쇄가격","2015","보건업 및 사회복지서비스업",270032
"강북구","2020년 기준년 연쇄가격","2015","문화 및 기타 서비스업",190745
"강북구","2020년 기준년 연쇄가격","2016","지역내총생산(시장가격)",3275523
"강북구","2020년 기준년 연쇄가격","2016","순생산물세",277855
"강북구","2020년 기준년 연쇄가격","2016","총부가가치(기초가격)",3000973
"강북구","2020년 기준년 연쇄가격","2016","농업, 임업 및 어업",458
"강북구","2020년 기준년 연쇄가격","2016","광업",-
"강북구","2020년 기준년 연쇄가격","2016","제조업",149706
"강북구","2020년 기준년 연쇄가격","2016","전기, 가스, 증기 및 공기 조절 공급업",49753
"강북구","2020년 기준년 연쇄가격","2016","건설업",187428
"강북구","2020년 기준년 연쇄가격","2016","도매 및 소매업",361977
"강북구","2020년 기준년 연쇄가격","2016","운수 및 창고업",184497
"강북구","2020년 기준년 연쇄가격","2016","숙박 및 음식점업",201830
"강북구","2020년 기준년 연쇄가격","2016","정보통신업",40242
"강북구","2020년 기준년 연쇄가격","2016","금융 및 보험업",162673
"강북구","2020년 기준년 연쇄가격","2016","부동산업",549367
"강북구","2020년 기준년 연쇄가격","2016","사업서비스업",207168
"강북구","2020년 기준년 연쇄가격","2016","공공 행정, 국방 및 사회보장 행정",153388
"강북구","2020년 기준년 연쇄가격","2016","교육 서비스업",269318
"강북구","2020년 기준년 연쇄가격","2016","보건업 및 사회복지서비스업",285882
"강북구","2020년 기준년 연쇄가격","2016","문화 및 기타 서비스업",199417
"강북구","2020년 기준년 연쇄가격","2017","지역내총생산(시장가격)",3381936
"강북구","2020년 기준년 연쇄가격","2017","순생산물세",278344
"강북구","2020년 기준년 연쇄가격","2017","총부가가치(기초가격)",3105936
"강북구","2020년 기준년 연쇄가격","2017","농업, 임업 및 어업",500
"강북구","2020년 기준년 연쇄가격","2017","광업",-
"강북구","2020년 기준년 연쇄가격","2017","제조업",147433
"강북구","2020년 기준년 연쇄가격","2017","전기, 가스, 증기 및 공기 조절 공급업",55729
"강북구","2020년 기준년 연쇄가격","2017","건설업",160641
"강북구","2020년 기준년 연쇄가격","2017","도매 및 소매업",374941
"강북구","2020년 기준년 연쇄가격","2017","운수 및 창고업",208112
"강북구","2020년 기준년 연쇄가격","2017","숙박 및 음식점업",203501
"강북구","2020년 기준년 연쇄가격","2017","정보통신업",44930
"강북구","2020년 기준년 연쇄가격","2017","금융 및 보험업",165376
"강북구","2020년 기준년 연쇄가격","2017","부동산업",565982
"강북구","2020년 기준년 연쇄가격","2017","사업서비스업",186166
"강북구","2020년 기준년 연쇄가격","2017","공공 행정, 국방 및 사회보장 행정",222016
"강북구","2020년 기준년 연쇄가격","2017","교육 서비스업",268283
"강북구","2020년 기준년 연쇄가격","2017","보건업 및 사회복지서비스업",310474
"강북구","2020년 기준년 연쇄가격","2017","문화 및 기타 서비스업",192384
"강북구","2020년 기준년 연쇄가격","2018","지역내총생산(시장가격)",3494241
"강북구","2020년 기준년 연쇄가격","2018","순생산물세",276706
"강북구","2020년 기준년 연쇄가격","2018","총부가가치(기초가격)",3219035
"강북구","2020년 기준년 연쇄가격","2018","농업, 임업 및 어업",615
"강북구","2020년 기준년 연쇄가격","2018","광업",-
"강북구","2020년 기준년 연쇄가격","2018","제조업",144729
"강북구","2020년 기준년 연쇄가격","2018","전기, 가스, 증기 및 공기 조절 공급업",53067
"강북구","2020년 기준년 연쇄가격","2018","건설업",189638
"강북구","2020년 기준년 연쇄가격","2018","도매 및 소매업",374910
"강북구","2020년 기준년 연쇄가격","2018","운수 및 창고업",203596
"강북구","2020년 기준년 연쇄가격","2018","숙박 및 음식점업",212433
"강북구","2020년 기준년 연쇄가격","2018","정보통신업",43515
"강북구","2020년 기준년 연쇄가격","2018","금융 및 보험업",198664
"강북구","2020년 기준년 연쇄가격","2018","부동산업",552813
"강북구","2020년 기준년 연쇄가격","2018","사업서비스업",224939
"강북구","2020년 기준년 연쇄가격","2018","공공 행정, 국방 및 사회보장 행정",222160
"강북구","2020년 기준년 연쇄가격","2018","교육 서비스업",274963
"강북구","2020년 기준년 연쇄가격","2018","보건업 및 사회복지서비스업",336190
"강북구","2020년 기준년 연쇄가격","2018","문화 및 기타 서비스업",188322
"강북구","2020년 기준년 연쇄가격","2019","지역내총생산(시장가격)",3570303
"강북구","2020년 기준년 연쇄가격","2019","순생산물세",284487
"강북구","2020년 기준년 연쇄가격","2019","총부가가치(기초가격)",3287435
"강북구","2020년 기준년 연쇄가격","2019","농업, 임업 및 어업",321
"강북구","2020년 기준년 연쇄가격","2019","광업",-
"강북구","2020년 기준년 연쇄가격","2019","제조업",133079
"강북구","2020년 기준년 연쇄가격","2019","전기, 가스, 증기 및 공기 조절 공급업",52799
"강북구","2020년 기준년 연쇄가격","2019","건설업",192163
"강북구","2020년 기준년 연쇄가격","2019","도매 및 소매업",374967
"강북구","2020년 기준년 연쇄가격","2019","운수 및 창고업",192668
"강북구","2020년 기준년 연쇄가격","2019","숙박 및 음식점업",231965
"강북구","2020년 기준년 연쇄가격","2019","정보통신업",46105
"강북구","2020년 기준년 연쇄가격","2019","금융 및 보험업",192729
"강북구","2020년 기준년 연쇄가격","2019","부동산업",551359
"강북구","2020년 기준년 연쇄가격","2019","사업서비스업",248508
"강북구","2020년 기준년 연쇄가격","2019","공공 행정, 국방 및 사회보장 행정",224527
"강북구","2020년 기준년 연쇄가격","2019","교육 서비스업",279747
"강북구","2020년 기준년 연쇄가격","2019","보건업 및 사회복지서비스업",378612
"강북구","2020년 기준년 연쇄가격","2019","문화 및 기타 서비스업",189214
"강북구","2020년 기준년 연쇄가격","2020","지역내총생산(시장가격)",3604560
"강북구","2020년 기준년 연쇄가격","2020","순생산물세",292806
"강북구","2020년 기준년 연쇄가격","2020","총부가가치(기초가격)",3282429
"강북구","2020년 기준년 연쇄가격","2020","농업, 임업 및 어업",390
"강북구","2020년 기준년 연쇄가격","2020","광업",-
"강북구","2020년 기준년 연쇄가격","2020","제조업",126151
"강북구","2020년 기준년 연쇄가격","2020","전기, 가스, 증기 및 공기 조절 공급업",52899
"강북구","2020년 기준년 연쇄가격","2020","건설업",220102
"강북구","2020년 기준년 연쇄가격","2020","도매 및 소매업",429697
"강북구","2020년 기준년 연쇄가격","2020","운수 및 창고업",136119
"강북구","2020년 기준년 연쇄가격","2020","숙박 및 음식점업",187876
"강북구","2020년 기준년 연쇄가격","2020","정보통신업",64282
"강북구","2020년 기준년 연쇄가격","2020","금융 및 보험업",169698
"강북구","2020년 기준년 연쇄가격","2020","부동산업",573166
"강북구","2020년 기준년 연쇄가격","2020","사업서비스업",273482
"강북구","2020년 기준년 연쇄가격","2020","공공 행정, 국방 및 사회보장 행정",231066
"강북구","2020년 기준년 연쇄가격","2020","교육 서비스업",262629
"강북구","2020년 기준년 연쇄가격","2020","보건업 및 사회복지서비스업",385674
"강북구","2020년 기준년 연쇄가격","2020","문화 및 기타 서비스업",169199
"강북구","2020년 기준년 연쇄가격","2021","지역내총생산(시장가격)",3683924
"강북구","2020년 기준년 연쇄가격","2021","순생산물세",307970
"강북구","2020년 기준년 연쇄가격","2021","총부가가치(기초가격)",3375954
"강북구","2020년 기준년 연쇄가격","2021","농업, 임업 및 어업",633
"강북구","2020년 기준년 연쇄가격","2021","광업",-
"강북구","2020년 기준년 연쇄가격","2021","제조업",128502
"강북구","2020년 기준년 연쇄가격","2021","전기, 가스, 증기 및 공기 조절 공급업",53546
"강북구","2020년 기준년 연쇄가격","2021","건설업",244123
"강북구","2020년 기준년 연쇄가격","2021","도매 및 소매업",425864
"강북구","2020년 기준년 연쇄가격","2021","운수 및 창고업",151780
"강북구","2020년 기준년 연쇄가격","2021","숙박 및 음식점업",187295
"강북구","2020년 기준년 연쇄가격","2021","정보통신업",78417
"강북구","2020년 기준년 연쇄가격","2021","금융 및 보험업",212070
"강북구","2020년 기준년 연쇄가격","2021","부동산업",544882
"강북구","2020년 기준년 연쇄가격","2021","사업서비스업",262366
"강북구","2020년 기준년 연쇄가격","2021","공공 행정, 국방 및 사회보장 행정",230734
"강북구","2020년 기준년 연쇄가격","2021","교육 서비스업",285398
"강북구","2020년 기준년 연쇄가격","2021","보건업 및 사회복지서비스업",398402
"강북구","2020년 기준년 연쇄가격","2021","문화 및 기타 서비스업",171942
"강북구","2020년 기준년 연쇄가격","2022","지역내총생산(시장가격)",4021048
"강북구","2020년 기준년 연쇄가격","2022","순생산물세",299210
"강북구","2020년 기준년 연쇄가격","2022","총부가가치(기초가격)",3723483
"강북구","2020년 기준년 연쇄가격","2022","농업, 임업 및 어업",657
"강북구","2020년 기준년 연쇄가격","2022","광업",-
"강북구","2020년 기준년 연쇄가격","2022","제조업",133599
"강북구","2020년 기준년 연쇄가격","2022","전기, 가스, 증기 및 공기 조절 공급업",54613
"강북구","2020년 기준년 연쇄가격","2022","건설업",459958
"강북구","2020년 기준년 연쇄가격","2022","도매 및 소매업",404308
"강북구","2020년 기준년 연쇄가격","2022","운수 및 창고업",205383
"강북구","2020년 기준년 연쇄가격","2022","숙박 및 음식점업",217507
"강북구","2020년 기준년 연쇄가격","2022","정보통신업",78280
"강북구","2020년 기준년 연쇄가격","2022","금융 및 보험업",209311
"강북구","2020년 기준년 연쇄가격","2022","부동산업",541867
"강북구","2020년 기준년 연쇄가격","2022","사업서비스업",279314
"강북구","2020년 기준년 연쇄가격","2022","공공 행정, 국방 및 사회보장 행정",234364
"강북구","2020년 기준년 연쇄가격","2022","교육 서비스업",305987
"강북구","2020년 기준년 연쇄가격","2022","보건업 및 사회복지서비스업",408434
"강북구","2020년 기준년 연쇄가격","2022","문화 및 기타 서비스업",186613
"도봉구","2020년 기준년 연쇄가격","2015","지역내총생산(시장가격)",3454862
"도봉구","2020년 기준년 연쇄가격","2015","순생산물세",268953
"도봉구","2020년 기준년 연쇄가격","2015","총부가가치(기초가격)",3190777
"도봉구","2020년 기준년 연쇄가격","2015","농업, 임업 및 어업",1030
"도봉구","2020년 기준년 연쇄가격","2015","광업",1
"도봉구","2020년 기준년 연쇄가격","2015","제조업",175492
"도봉구","2020년 기준년 연쇄가격","2015","전기, 가스, 증기 및 공기 조절 공급업",58084
"도봉구","2020년 기준년 연쇄가격","2015","건설업",122330
"도봉구","2020년 기준년 연쇄가격","2015","도매 및 소매업",404347
"도봉구","2020년 기준년 연쇄가격","2015","운수 및 창고업",241677
"도봉구","2020년 기준년 연쇄가격","2015","숙박 및 음식점업",130376
"도봉구","2020년 기준년 연쇄가격","2015","정보통신업",27364
"도봉구","2020년 기준년 연쇄가격","2015","금융 및 보험업",75976
"도봉구","2020년 기준년 연쇄가격","2015","부동산업",714524
"도봉구","2020년 기준년 연쇄가격","2015","사업서비스업",178016
"도봉구","2020년 기준년 연쇄가격","2015","공공 행정, 국방 및 사회보장 행정",238238
"도봉구","2020년 기준년 연쇄가격","2015","교육 서비스업",323977
"도봉구","2020년 기준년 연쇄가격","2015","보건업 및 사회복지서비스업",295035
"도봉구","2020년 기준년 연쇄가격","2015","문화 및 기타 서비스업",204312
"도봉구","2020년 기준년 연쇄가격","2016","지역내총생산(시장가격)",3517606
"도봉구","2020년 기준년 연쇄가격","2016","순생산물세",289053
"도봉구","2020년 기준년 연쇄가격","2016","총부가가치(기초가격)",3233974
"도봉구","2020년 기준년 연쇄가격","2016","농업, 임업 및 어업",974
"도봉구","2020년 기준년 연쇄가격","2016","광업",-
"도봉구","2020년 기준년 연쇄가격","2016","제조업",176348
"도봉구","2020년 기준년 연쇄가격","2016","전기, 가스, 증기 및 공기 조절 공급업",51028
"도봉구","2020년 기준년 연쇄가격","2016","건설업",143812
"도봉구","2020년 기준년 연쇄가격","2016","도매 및 소매업",401712
"도봉구","2020년 기준년 연쇄가격","2016","운수 및 창고업",224216
"도봉구","2020년 기준년 연쇄가격","2016","숙박 및 음식점업",137551
"도봉구","2020년 기준년 연쇄가격","2016","정보통신업",28232
"도봉구","2020년 기준년 연쇄가격","2016","금융 및 보험업",75293
"도봉구","2020년 기준년 연쇄가격","2016","부동산업",710443
"도봉구","2020년 기준년 연쇄가격","2016","사업서비스업",196863
"도봉구","2020년 기준년 연쇄가격","2016","공공 행정, 국방 및 사회보장 행정",237105
"도봉구","2020년 기준년 연쇄가격","2016","교육 서비스업",327257
"도봉구","2020년 기준년 연쇄가격","2016","보건업 및 사회복지서비스업",315908
"도봉구","2020년 기준년 연쇄가격","2016","문화 및 기타 서비스업",213173
"도봉구","2020년 기준년 연쇄가격","2017","지역내총생산(시장가격)",3561778
"도봉구","2020년 기준년 연쇄가격","2017","순생산물세",293738
"도봉구","2020년 기준년 연쇄가격","2017","총부가가치(기초가격)",3273662
"도봉구","2020년 기준년 연쇄가격","2017","농업, 임업 및 어업",1092
"도봉구","2020년 기준년 연쇄가격","2017","광업",-
"도봉구","2020년 기준년 연쇄가격","2017","제조업",185006
"도봉구","2020년 기준년 연쇄가격","2017","전기, 가스, 증기 및 공기 조절 공급업",56565
"도봉구","2020년 기준년 연쇄가격","2017","건설업",150932
"도봉구","2020년 기준년 연쇄가격","2017","도매 및 소매업",407828
"도봉구","2020년 기준년 연쇄가격","2017","운수 및 창고업",226289
"도봉구","2020년 기준년 연쇄가격","2017","숙박 및 음식점업",137486
"도봉구","2020년 기준년 연쇄가격","2017","정보통신업",33015
"도봉구","2020년 기준년 연쇄가격","2017","금융 및 보험업",76013
"도봉구","2020년 기준년 연쇄가격","2017","부동산업",705973
"도봉구","2020년 기준년 연쇄가격","2017","사업서비스업",157277
"도봉구","2020년 기준년 연쇄가격","2017","공공 행정, 국방 및 사회보장 행정",263900
"도봉구","2020년 기준년 연쇄가격","2017","교육 서비스업",322976
"도봉구","2020년 기준년 연쇄가격","2017","보건업 및 사회복지서비스업",337755
"도봉구","2020년 기준년 연쇄가격","2017","문화 및 기타 서비스업",216007
"도봉구","2020년 기준년 연쇄가격","2018","지역내총생산(시장가격)",3652956
"도봉구","2020년 기준년 연쇄가격","2018","순생산물세",273098
"도봉구","2020년 기준년 연쇄가격","2018","총부가가치(기초가격)",3383276
"도봉구","2020년 기준년 연쇄가격","2018","농업, 임업 및 어업",1103
"도봉구","2020년 기준년 연쇄가격","2018","광업",-
"도봉구","2020년 기준년 연쇄가격","2018","제조업",166779
"도봉구","2020년 기준년 연쇄가격","2018","전기, 가스, 증기 및 공기 조절 공급업",53717
"도봉구","2020년 기준년 연쇄가격","2018","건설업",144882
"도봉구","2020년 기준년 연쇄가격","2018","도매 및 소매업",413561
"도봉구","2020년 기준년 연쇄가격","2018","운수 및 창고업",241563
"도봉구","2020년 기준년 연쇄가격","2018","숙박 및 음식점업",145638
"도봉구","2020년 기준년 연쇄가격","2018","정보통신업",32442
"도봉구","2020년 기준년 연쇄가격","2018","금융 및 보험업",83967
"도봉구","2020년 기준년 연쇄가격","2018","부동산업",703926
"도봉구","2020년 기준년 연쇄가격","2018","사업서비스업",228809
"도봉구","2020년 기준년 연쇄가격","2018","공공 행정, 국방 및 사회보장 행정",267126
"도봉구","2020년 기준년 연쇄가격","2018","교육 서비스업",328181
"도봉구","2020년 기준년 연쇄가격","2018","보건업 및 사회복지서비스업",370902
"도봉구","2020년 기준년 연쇄가격","2018","문화 및 기타 서비스업",205750
"도봉구","2020년 기준년 연쇄가격","2019","지역내총생산(시장가격)",3642382
"도봉구","2020년 기준년 연쇄가격","2019","순생산물세",285904
"도봉구","2020년 기준년 연쇄가격","2019","총부가가치(기초가격)",3360526
"도봉구","2020년 기준년 연쇄가격","2019","농업, 임업 및 어업",734
"도봉구","2020년 기준년 연쇄가격","2019","광업",46
"도봉구","2020년 기준년 연쇄가격","2019","제조업",118401
"도봉구","2020년 기준년 연쇄가격","2019","전기, 가스, 증기 및 공기 조절 공급업",53913
"도봉구","2020년 기준년 연쇄가격","2019","건설업",158221
"도봉구","2020년 기준년 연쇄가격","2019","도매 및 소매업",404029
"도봉구","2020년 기준년 연쇄가격","2019","운수 및 창고업",223678
"도봉구","2020년 기준년 연쇄가격","2019","숙박 및 음식점업",159823
"도봉구","2020년 기준년 연쇄가격","2019","정보통신업",36184
"도봉구","2020년 기준년 연쇄가격","2019","금융 및 보험업",80572
"도봉구","2020년 기준년 연쇄가격","2019","부동산업",694338
"도봉구","2020년 기준년 연쇄가격","2019","사업서비스업",242143
"도봉구","2020년 기준년 연쇄가격","2019","공공 행정, 국방 및 사회보장 행정",271158
"도봉구","2020년 기준년 연쇄가격","2019","교육 서비스업",322006
"도봉구","2020년 기준년 연쇄가격","2019","보건업 및 사회복지서비스업",395064
"도봉구","2020년 기준년 연쇄가격","2019","문화 및 기타 서비스업",204394
"도봉구","2020년 기준년 연쇄가격","2020","지역내총생산(시장가격)",3789870
"도봉구","2020년 기준년 연쇄가격","2020","순생산물세",277099
"도봉구","2020년 기준년 연쇄가격","2020","총부가가치(기초가격)",3473096
"도봉구","2020년 기준년 연쇄가격","2020","농업, 임업 및 어업",943
"도봉구","2020년 기준년 연쇄가격","2020","광업",-
"도봉구","2020년 기준년 연쇄가격","2020","제조업",121031
"도봉구","2020년 기준년 연쇄가격","2020","전기, 가스, 증기 및 공기 조절 공급업",53196
"도봉구","2020년 기준년 연쇄가격","2020","건설업",234936
"도봉구","2020년 기준년 연쇄가격","2020","도매 및 소매업",471825
"도봉구","2020년 기준년 연쇄가격","2020","운수 및 창고업",152437
"도봉구","2020년 기준년 연쇄가격","2020","숙박 및 음식점업",129601
"도봉구","2020년 기준년 연쇄가격","2020","정보통신업",50283
"도봉구","2020년 기준년 연쇄가격","2020","금융 및 보험업",62523
"도봉구","2020년 기준년 연쇄가격","2020","부동산업",733745
"도봉구","2020년 기준년 연쇄가격","2020","사업서비스업",283879
"도봉구","2020년 기준년 연쇄가격","2020","공공 행정, 국방 및 사회보장 행정",272919
"도봉구","2020년 기준년 연쇄가격","2020","교육 서비스업",327314
"도봉구","2020년 기준년 연쇄가격","2020","보건업 및 사회복지서비스업",389439
"도봉구","2020년 기준년 연쇄가격","2020","문화 및 기타 서비스업",189027
"도봉구","2020년 기준년 연쇄가격","2021","지역내총생산(시장가격)",3708717
"도봉구","2020년 기준년 연쇄가격","2021","순생산물세",269807
"도봉구","2020년 기준년 연쇄가격","2021","총부가가치(기초가격)",3438910
"도봉구","2020년 기준년 연쇄가격","2021","농업, 임업 및 어업",1321
"도봉구","2020년 기준년 연쇄가격","2021","광업",-
"도봉구","2020년 기준년 연쇄가격","2021","제조업",114154
"도봉구","2020년 기준년 연쇄가격","2021","전기, 가스, 증기 및 공기 조절 공급업",54139
"도봉구","2020년 기준년 연쇄가격","2021","건설업",241575
"도봉구","2020년 기준년 연쇄가격","2021","도매 및 소매업",455854
"도봉구","2020년 기준년 연쇄가격","2021","운수 및 창고업",168593
"도봉구","2020년 기준년 연쇄가격","2021","숙박 및 음식점업",136687
"도봉구","2020년 기준년 연쇄가격","2021","정보통신업",55063
"도봉구","2020년 기준년 연쇄가격","2021","금융 및 보험업",70148
"도봉구","2020년 기준년 연쇄가격","2021","부동산업",637026
"도봉구","2020년 기준년 연쇄가격","2021","사업서비스업",291657
"도봉구","2020년 기준년 연쇄가격","2021","공공 행정, 국방 및 사회보장 행정",282696
"도봉구","2020년 기준년 연쇄가격","2021","교육 서비스업",338039
"도봉구","2020년 기준년 연쇄가격","2021","보건업 및 사회복지서비스업",403371
"도봉구","2020년 기준년 연쇄가격","2021","문화 및 기타 서비스업",188589
"도봉구","2020년 기준년 연쇄가격","2022","지역내총생산(시장가격)",3593766
"도봉구","2020년 기준년 연쇄가격","2022","순생산물세",263055
"도봉구","2020년 기준년 연쇄가격","2022","총부가가치(기초가격)",3330639
"도봉구","2020년 기준년 연쇄가격","2022","농업, 임업 및 어업",1474
"도봉구","2020년 기준년 연쇄가격","2022","광업",-
"도봉구","2020년 기준년 연쇄가격","2022","제조업",124673
"도봉구","2020년 기준년 연쇄가격","2022","전기, 가스, 증기 및 공기 조절 공급업",54646
"도봉구","2020년 기준년 연쇄가격","2022","건설업",94278
"도봉구","2020년 기준년 연쇄가격","2022","도매 및 소매업",431112
"도봉구","2020년 기준년 연쇄가격","2022","운수 및 창고업",191368
"도봉구","2020년 기준년 연쇄가격","2022","숙박 및 음식점업",139581
"도봉구","2020년 기준년 연쇄가격","2022","정보통신업",57936
"도봉구","2020년 기준년 연쇄가격","2022","금융 및 보험업",80221
"도봉구","2020년 기준년 연쇄가격","2022","부동산업",634455
"도봉구","2020년 기준년 연쇄가격","2022","사업서비스업",267790
"도봉구","2020년 기준년 연쇄가격","2022","공공 행정, 국방 및 사회보장 행정",280810
"도봉구","2020년 기준년 연쇄가격","2022","교육 서비스업",350069
"도봉구","2020년 기준년 연쇄가격","2022","보건업 및 사회복지서비스업",427344
"도봉구","2020년 기준년 연쇄가격","2022","문화 및 기타 서비스업",201856
"노원구","2020년 기준년 연쇄가격","2015","지역내총생산(시장가격)",6338819
"노원구","2020년 기준년 연쇄가격","2015","순생산물세",444238
"노원구","2020년 기준년 연쇄가격","2015","총부가가치(기초가격)",5900286
"노원구","2020년 기준년 연쇄가격","2015","농업, 임업 및 어업",1074
"노원구","2020년 기준년 연쇄가격","2015","광업",-
"노원구","2020년 기준년 연쇄가격","2015","제조업",204759
"노원구","2020년 기준년 연쇄가격","2015","전기, 가스, 증기 및 공기 조절 공급업",94625
"노원구","2020년 기준년 연쇄가격","2015","건설업",207713
"노원구","2020년 기준년 연쇄가격","2015","도매 및 소매업",557970
"노원구","2020년 기준년 연쇄가격","2015","운수 및 창고업",328189
"노원구","2020년 기준년 연쇄가격","2015","숙박 및 음식점업",264537
"노원구","2020년 기준년 연쇄가격","2015","정보통신업",38294
"노원구","2020년 기준년 연쇄가격","2015","금융 및 보험업",257701
"노원구","2020년 기준년 연쇄가격","2015","부동산업",1298142
"노원구","2020년 기준년 연쇄가격","2015","사업서비스업",198564
"노원구","2020년 기준년 연쇄가격","2015","공공 행정, 국방 및 사회보장 행정",196132
"노원구","2020년 기준년 연쇄가격","2015","교육 서비스업",1276840
"노원구","2020년 기준년 연쇄가격","2015","보건업 및 사회복지서비스업",687775
"노원구","2020년 기준년 연쇄가격","2015","문화 및 기타 서비스업",279414
"노원구","2020년 기준년 연쇄가격","2016","지역내총생산(시장가격)",6475494
"노원구","2020년 기준년 연쇄가격","2016","순생산물세",462614
"노원구","2020년 기준년 연쇄가격","2016","총부가가치(기초가격)",6019745
"노원구","2020년 기준년 연쇄가격","2016","농업, 임업 및 어업",1132
"노원구","2020년 기준년 연쇄가격","2016","광업",-
"노원구","2020년 기준년 연쇄가격","2016","제조업",202362
"노원구","2020년 기준년 연쇄가격","2016","전기, 가스, 증기 및 공기 조절 공급업",82189
"노원구","2020년 기준년 연쇄가격","2016","건설업",217455
"노원구","2020년 기준년 연쇄가격","2016","도매 및 소매업",565061
"노원구","2020년 기준년 연쇄가격","2016","운수 및 창고업",315450
"노원구","2020년 기준년 연쇄가격","2016","숙박 및 음식점업",277292
"노원구","2020년 기준년 연쇄가격","2016","정보통신업",44446
"노원구","2020년 기준년 연쇄가격","2016","금융 및 보험업",260638
"노원구","2020년 기준년 연쇄가격","2016","부동산업",1294946
"노원구","2020년 기준년 연쇄가격","2016","사업서비스업",242115
"노원구","2020년 기준년 연쇄가격","2016","공공 행정, 국방 및 사회보장 행정",207248
"노원구","2020년 기준년 연쇄가격","2016","교육 서비스업",1279872
"노원구","2020년 기준년 연쇄가격","2016","보건업 및 사회복지서비스업",739903
"노원구","2020년 기준년 연쇄가격","2016","문화 및 기타 서비스업",286339
"노원구","2020년 기준년 연쇄가격","2017","지역내총생산(시장가격)",6972442
"노원구","2020년 기준년 연쇄가격","2017","순생산물세",489889
"노원구","2020년 기준년 연쇄가격","2017","총부가가치(기초가격)",6488946
"노원구","2020년 기준년 연쇄가격","2017","농업, 임업 및 어업",1263
"노원구","2020년 기준년 연쇄가격","2017","광업",-
"노원구","2020년 기준년 연쇄가격","2017","제조업",236747
"노원구","2020년 기준년 연쇄가격","2017","전기, 가스, 증기 및 공기 조절 공급업",91118
"노원구","2020년 기준년 연쇄가격","2017","건설업",256144
"노원구","2020년 기준년 연쇄가격","2017","도매 및 소매업",596326
"노원구","2020년 기준년 연쇄가격","2017","운수 및 창고업",336419
"노원구","2020년 기준년 연쇄가격","2017","숙박 및 음식점업",278941
"노원구","2020년 기준년 연쇄가격","2017","정보통신업",51186
"노원구","2020년 기준년 연쇄가격","2017","금융 및 보험업",301553
"노원구","2020년 기준년 연쇄가격","2017","부동산업",1332061
"노원구","2020년 기준년 연쇄가격","2017","사업서비스업",407534
"노원구","2020년 기준년 연쇄가격","2017","공공 행정, 국방 및 사회보장 행정",256300
"노원구","2020년 기준년 연쇄가격","2017","교육 서비스업",1287718
"노원구","2020년 기준년 연쇄가격","2017","보건업 및 사회복지서비스업",780089
"노원구","2020년 기준년 연쇄가격","2017","문화 및 기타 서비스업",279972
"노원구","2020년 기준년 연쇄가격","2018","지역내총생산(시장가격)",6947559
"노원구","2020년 기준년 연쇄가격","2018","순생산물세",472498
"노원구","2020년 기준년 연쇄가격","2018","총부가가치(기초가격)",6480128
"노원구","2020년 기준년 연쇄가격","2018","농업, 임업 및 어업",1378
"노원구","2020년 기준년 연쇄가격","2018","광업",-
"노원구","2020년 기준년 연쇄가격","2018","제조업",214819
"노원구","2020년 기준년 연쇄가격","2018","전기, 가스, 증기 및 공기 조절 공급업",86409
"노원구","2020년 기준년 연쇄가격","2018","건설업",282979
"노원구","2020년 기준년 연쇄가격","2018","도매 및 소매업",605812
"노원구","2020년 기준년 연쇄가격","2018","운수 및 창고업",331591
"노원구","2020년 기준년 연쇄가격","2018","숙박 및 음식점업",291138
"노원구","2020년 기준년 연쇄가격","2018","정보통신업",55738
"노원구","2020년 기준년 연쇄가격","2018","금융 및 보험업",332694
"노원구","2020년 기준년 연쇄가격","2018","부동산업",1326180
"노원구","2020년 기준년 연쇄가격","2018","사업서비스업",281810
"노원구","2020년 기준년 연쇄가격","2018","공공 행정, 국방 및 사회보장 행정",257660
"노원구","2020년 기준년 연쇄가격","2018","교육 서비스업",1289204
"노원구","2020년 기준년 연쇄가격","2018","보건업 및 사회복지서비스업",838218
"노원구","2020년 기준년 연쇄가격","2018","문화 및 기타 서비스업",281246
"노원구","2020년 기준년 연쇄가격","2019","지역내총생산(시장가격)",7069618
"노원구","2020년 기준년 연쇄가격","2019","순생산물세",498617
"노원구","2020년 기준년 연쇄가격","2019","총부가가치(기초가격)",6576979
"노원구","2020년 기준년 연쇄가격","2019","농업, 임업 및 어업",839
"노원구","2020년 기준년 연쇄가격","2019","광업",-
"노원구","2020년 기준년 연쇄가격","2019","제조업",156590
"노원구","2020년 기준년 연쇄가격","2019","전기, 가스, 증기 및 공기 조절 공급업",84698
"노원구","2020년 기준년 연쇄가격","2019","건설업",369446
"노원구","2020년 기준년 연쇄가격","2019","도매 및 소매업",606534
"노원구","2020년 기준년 연쇄가격","2019","운수 및 창고업",319313
"노원구","2020년 기준년 연쇄가격","2019","숙박 및 음식점업",313966
"노원구","2020년 기준년 연쇄가격","2019","정보통신업",55081
"노원구","2020년 기준년 연쇄가격","2019","금융 및 보험업",297669
"노원구","2020년 기준년 연쇄가격","2019","부동산업",1354861
"노원구","2020년 기준년 연쇄가격","2019","사업서비스업",266359
"노원구","2020년 기준년 연쇄가격","2019","공공 행정, 국방 및 사회보장 행정",275661
"노원구","2020년 기준년 연쇄가격","2019","교육 서비스업",1277237
"노원구","2020년 기준년 연쇄가격","2019","보건업 및 사회복지서비스업",908066
"노원구","2020년 기준년 연쇄가격","2019","문화 및 기타 서비스업",293967
"노원구","2020년 기준년 연쇄가격","2020","지역내총생산(시장가격)",7003282
"노원구","2020년 기준년 연쇄가격","2020","순생산물세",475594
"노원구","2020년 기준년 연쇄가격","2020","총부가가치(기초가격)",6477106
"노원구","2020년 기준년 연쇄가격","2020","농업, 임업 및 어업",1064
"노원구","2020년 기준년 연쇄가격","2020","광업",-
"노원구","2020년 기준년 연쇄가격","2020","제조업",173289
"노원구","2020년 기준년 연쇄가격","2020","전기, 가스, 증기 및 공기 조절 공급업",85176
"노원구","2020년 기준년 연쇄가격","2020","건설업",355907
"노원구","2020년 기준년 연쇄가격","2020","도매 및 소매업",740510
"노원구","2020년 기준년 연쇄가격","2020","운수 및 창고업",219996
"노원구","2020년 기준년 연쇄가격","2020","숙박 및 음식점업",259245
"노원구","2020년 기준년 연쇄가격","2020","정보통신업",83533
"노원구","2020년 기준년 연쇄가격","2020","금융 및 보험업",254164
"노원구","2020년 기준년 연쇄가격","2020","부동산업",1341518
"노원구","2020년 기준년 연쇄가격","2020","사업서비스업",330441
"노원구","2020년 기준년 연쇄가격","2020","공공 행정, 국방 및 사회보장 행정",288871
"노원구","2020년 기준년 연쇄가격","2020","교육 서비스업",1197758
"노원구","2020년 기준년 연쇄가격","2020","보건업 및 사회복지서비스업",895787
"노원구","2020년 기준년 연쇄가격","2020","문화 및 기타 서비스업",249847
"노원구","2020년 기준년 연쇄가격","2021","지역내총생산(시장가격)",7235973
"노원구","2020년 기준년 연쇄가격","2021","순생산물세",510493
"노원구","2020년 기준년 연쇄가격","2021","총부가가치(기초가격)",6725480
"노원구","2020년 기준년 연쇄가격","2021","농업, 임업 및 어업",1535
"노원구","2020년 기준년 연쇄가격","2021","광업",-
"노원구","2020년 기준년 연쇄가격","2021","제조업",196991
"노원구","2020년 기준년 연쇄가격","2021","전기, 가스, 증기 및 공기 조절 공급업",86964
"노원구","2020년 기준년 연쇄가격","2021","건설업",271243
"노원구","2020년 기준년 연쇄가격","2021","도매 및 소매업",732412
"노원구","2020년 기준년 연쇄가격","2021","운수 및 창고업",250980
"노원구","2020년 기준년 연쇄가격","2021","숙박 및 음식점업",268983
"노원구","2020년 기준년 연쇄가격","2021","정보통신업",88853
"노원구","2020년 기준년 연쇄가격","2021","금융 및 보험업",365430
"노원구","2020년 기준년 연쇄가격","2021","부동산업",1265333
"노원구","2020년 기준년 연쇄가격","2021","사업서비스업",416306
"노원구","2020년 기준년 연쇄가격","2021","공공 행정, 국방 및 사회보장 행정",275439
"노원구","2020년 기준년 연쇄가격","2021","교육 서비스업",1291594
"노원구","2020년 기준년 연쇄가격","2021","보건업 및 사회복지서비스업",949569
"노원구","2020년 기준년 연쇄가격","2021","문화 및 기타 서비스업",263847
"노원구","2020년 기준년 연쇄가격","2022","지역내총생산(시장가격)",7252948
"노원구","2020년 기준년 연쇄가격","2022","순생산물세",497968
"노원구","2020년 기준년 연쇄가격","2022","총부가가치(기초가격)",6755592
"노원구","2020년 기준년 연쇄가격","2022","농업, 임업 및 어업",1699
"노원구","2020년 기준년 연쇄가격","2022","광업",-
"노원구","2020년 기준년 연쇄가격","2022","제조업",200562
"노원구","2020년 기준년 연쇄가격","2022","전기, 가스, 증기 및 공기 조절 공급업",86917
"노원구","2020년 기준년 연쇄가격","2022","건설업",220720
"노원구","2020년 기준년 연쇄가격","2022","도매 및 소매업",725368
"노원구","2020년 기준년 연쇄가격","2022","운수 및 창고업",284036
"노원구","2020년 기준년 연쇄가격","2022","숙박 및 음식점업",282445
"노원구","2020년 기준년 연쇄가격","2022","정보통신업",95142
"노원구","2020년 기준년 연쇄가격","2022","금융 및 보험업",263997
"노원구","2020년 기준년 연쇄가격","2022","부동산업",1316356
"노원구","2020년 기준년 연쇄가격","2022","사업서비스업",358361
"노원구","2020년 기준년 연쇄가격","2022","공공 행정, 국방 및 사회보장 행정",283372
"노원구","2020년 기준년 연쇄가격","2022","교육 서비스업",1351196
"노원구","2020년 기준년 연쇄가격","2022","보건업 및 사회복지서비스업",997380
"노원구","2020년 기준년 연쇄가격","2022","문화 및 기타 서비스업",295563
"은평구","2020년 기준년 연쇄가격","2015","지역내총생산(시장가격)",4856874
"은평구","2020년 기준년 연쇄가격","2015","순생산물세",334758
"은평구","2020년 기준년 연쇄가격","2015","총부가가치(기초가격)",4523148
"은평구","2020년 기준년 연쇄가격","2015","농업, 임업 및 어업",3142
"은평구","2020년 기준년 연쇄가격","2015","광업",-
"은평구","2020년 기준년 연쇄가격","2015","제조업",120766
"은평구","2020년 기준년 연쇄가격","2015","전기, 가스, 증기 및 공기 조절 공급업",80203
"은평구","2020년 기준년 연쇄가격","2015","건설업",498825
"은평구","2020년 기준년 연쇄가격","2015","도매 및 소매업",438189
"은평구","2020년 기준년 연쇄가격","2015","운수 및 창고업",252262
"은평구","2020년 기준년 연쇄가격","2015","숙박 및 음식점업",210843
"은평구","2020년 기준년 연쇄가격","2015","정보통신업",218514
"은평구","2020년 기준년 연쇄가격","2015","금융 및 보험업",141659
"은평구","2020년 기준년 연쇄가격","2015","부동산업",994845
"은평구","2020년 기준년 연쇄가격","2015","사업서비스업",165490
"은평구","2020년 기준년 연쇄가격","2015","공공 행정, 국방 및 사회보장 행정",177836
"은평구","2020년 기준년 연쇄가격","2015","교육 서비스업",462772
"은평구","2020년 기준년 연쇄가격","2015","보건업 및 사회복지서비스업",503821
"은평구","2020년 기준년 연쇄가격","2015","문화 및 기타 서비스업",239107
"은평구","2020년 기준년 연쇄가격","2016","지역내총생산(시장가격)",4929000
"은평구","2020년 기준년 연쇄가격","2016","순생산물세",392239
"은평구","2020년 기준년 연쇄가격","2016","총부가가치(기초가격)",4543556
"은평구","2020년 기준년 연쇄가격","2016","농업, 임업 및 어업",2950
"은평구","2020년 기준년 연쇄가격","2016","광업",-
"은평구","2020년 기준년 연쇄가격","2016","제조업",102324
"은평구","2020년 기준년 연쇄가격","2016","전기, 가스, 증기 및 공기 조절 공급업",70481
"은평구","2020년 기준년 연쇄가격","2016","건설업",538165
"은평구","2020년 기준년 연쇄가격","2016","도매 및 소매업",470787
"은평구","2020년 기준년 연쇄가격","2016","운수 및 창고업",229426
"은평구","2020년 기준년 연쇄가격","2016","숙박 및 음식점업",229828
"은평구","2020년 기준년 연쇄가격","2016","정보통신업",97720
"은평구","2020년 기준년 연쇄가격","2016","금융 및 보험업",141474
"은평구","2020년 기준년 연쇄가격","2016","부동산업",1026462
"은평구","2020년 기준년 연쇄가격","2016","사업서비스업",198738
"은평구","2020년 기준년 연쇄가격","2016","공공 행정, 국방 및 사회보장 행정",182635
"은평구","2020년 기준년 연쇄가격","2016","교육 서비스업",455280
"은평구","2020년 기준년 연쇄가격","2016","보건업 및 사회복지서비스업",540620
"은평구","2020년 기준년 연쇄가격","2016","문화 및 기타 서비스업",251246
"은평구","2020년 기준년 연쇄가격","2017","지역내총생산(시장가격)",5170057
"은평구","2020년 기준년 연쇄가격","2017","순생산물세",406593
"은평구","2020년 기준년 연쇄가격","2017","총부가가치(기초가격)",4770033
"은평구","2020년 기준년 연쇄가격","2017","농업, 임업 및 어업",2537
"은평구","2020년 기준년 연쇄가격","2017","광업",-
"은평구","2020년 기준년 연쇄가격","2017","제조업",102382
"은평구","2020년 기준년 연쇄가격","2017","전기, 가스, 증기 및 공기 조절 공급업",79699
"은평구","2020년 기준년 연쇄가격","2017","건설업",665065
"은평구","2020년 기준년 연쇄가격","2017","도매 및 소매업",471889
"은평구","2020년 기준년 연쇄가격","2017","운수 및 창고업",240316
"은평구","2020년 기준년 연쇄가격","2017","숙박 및 음식점업",228497
"은평구","2020년 기준년 연쇄가격","2017","정보통신업",84885
"은평구","2020년 기준년 연쇄가격","2017","금융 및 보험업",148289
"은평구","2020년 기준년 연쇄가격","2017","부동산업",1065320
"은평구","2020년 기준년 연쇄가격","2017","사업서비스업",227936
"은평구","2020년 기준년 연쇄가격","2017","공공 행정, 국방 및 사회보장 행정",190719
"은평구","2020년 기준년 연쇄가격","2017","교육 서비스업",456484
"은평구","2020년 기준년 연쇄가격","2017","보건업 및 사회복지서비스업",569262
"은평구","2020년 기준년 연쇄가격","2017","문화 및 기타 서비스업",240142
"은평구","2020년 기준년 연쇄가격","2018","지역내총생산(시장가격)",5273716
"은평구","2020년 기준년 연쇄가격","2018","순생산물세",401360
"은평구","2020년 기준년 연쇄가격","2018","총부가가치(기초가격)",4878022
"은평구","2020년 기준년 연쇄가격","2018","농업, 임업 및 어업",2618
"은평구","2020년 기준년 연쇄가격","2018","광업",-
"은평구","2020년 기준년 연쇄가격","2018","제조업",103301
"은평구","2020년 기준년 연쇄가격","2018","전기, 가스, 증기 및 공기 조절 공급업",75692
"은평구","2020년 기준년 연쇄가격","2018","건설업",727526
"은평구","2020년 기준년 연쇄가격","2018","도매 및 소매업",466016
"은평구","2020년 기준년 연쇄가격","2018","운수 및 창고업",247186
"은평구","2020년 기준년 연쇄가격","2018","숙박 및 음식점업",243525
"은평구","2020년 기준년 연쇄가격","2018","정보통신업",94183
"은평구","2020년 기준년 연쇄가격","2018","금융 및 보험업",159265
"은평구","2020년 기준년 연쇄가격","2018","부동산업",1042654
"은평구","2020년 기준년 연쇄가격","2018","사업서비스업",210774
"은평구","2020년 기준년 연쇄가격","2018","공공 행정, 국방 및 사회보장 행정",185920
"은평구","2020년 기준년 연쇄가격","2018","교육 서비스업",461981
"은평구","2020년 기준년 연쇄가격","2018","보건업 및 사회복지서비스업",625640
"은평구","2020년 기준년 연쇄가격","2018","문화 및 기타 서비스업",237401
"은평구","2020년 기준년 연쇄가격","2019","지역내총생산(시장가격)",5422677
"은평구","2020년 기준년 연쇄가격","2019","순생산물세",424835
"은평구","2020년 기준년 연쇄가격","2019","총부가가치(기초가격)",5004207
"은평구","2020년 기준년 연쇄가격","2019","농업, 임업 및 어업",1731
"은평구","2020년 기준년 연쇄가격","2019","광업",-
"은평구","2020년 기준년 연쇄가격","2019","제조업",101434
"은평구","2020년 기준년 연쇄가격","2019","전기, 가스, 증기 및 공기 조절 공급업",76518
"은평구","2020년 기준년 연쇄가격","2019","건설업",650321
"은평구","2020년 기준년 연쇄가격","2019","도매 및 소매업",481175
"은평구","2020년 기준년 연쇄가격","2019","운수 및 창고업",241466
"은평구","2020년 기준년 연쇄가격","2019","숙박 및 음식점업",267345
"은평구","2020년 기준년 연쇄가격","2019","정보통신업",93945
"은평구","2020년 기준년 연쇄가격","2019","금융 및 보험업",148997
"은평구","2020년 기준년 연쇄가격","2019","부동산업",1073286
"은평구","2020년 기준년 연쇄가격","2019","사업서비스업",204536
"은평구","2020년 기준년 연쇄가격","2019","공공 행정, 국방 및 사회보장 행정",197366
"은평구","2020년 기준년 연쇄가격","2019","교육 서비스업",479105
"은평구","2020년 기준년 연쇄가격","2019","보건업 및 사회복지서비스업",744690
"은평구","2020년 기준년 연쇄가격","2019","문화 및 기타 서비스업",244478
"은평구","2020년 기준년 연쇄가격","2020","지역내총생산(시장가격)",5652244
"은평구","2020년 기준년 연쇄가격","2020","순생산물세",408620
"은평구","2020년 기준년 연쇄가격","2020","총부가가치(기초가격)",5207148
"은평구","2020년 기준년 연쇄가격","2020","농업, 임업 및 어업",2294
"은평구","2020년 기준년 연쇄가격","2020","광업",-
"은평구","2020년 기준년 연쇄가격","2020","제조업",118587
"은평구","2020년 기준년 연쇄가격","2020","전기, 가스, 증기 및 공기 조절 공급업",78989
"은평구","2020년 기준년 연쇄가격","2020","건설업",549182
"은평구","2020년 기준년 연쇄가격","2020","도매 및 소매업",565939
"은평구","2020년 기준년 연쇄가격","2020","운수 및 창고업",166683
"은평구","2020년 기준년 연쇄가격","2020","숙박 및 음식점업",225415
"은평구","2020년 기준년 연쇄가격","2020","정보통신업",212848
"은평구","2020년 기준년 연쇄가격","2020","금융 및 보험업",126612
"은평구","2020년 기준년 연쇄가격","2020","부동산업",1142355
"은평구","2020년 기준년 연쇄가격","2020","사업서비스업",324028
"은평구","2020년 기준년 연쇄가격","2020","공공 행정, 국방 및 사회보장 행정",202256
"은평구","2020년 기준년 연쇄가격","2020","교육 서비스업",498173
"은평구","2020년 기준년 연쇄가격","2020","보건업 및 사회복지서비스업",770357
"은평구","2020년 기준년 연쇄가격","2020","문화 및 기타 서비스업",223430
"은평구","2020년 기준년 연쇄가격","2021","지역내총생산(시장가격)",5618253
"은평구","2020년 기준년 연쇄가격","2021","순생산물세",401615
"은평구","2020년 기준년 연쇄가격","2021","총부가가치(기초가격)",5216638
"은평구","2020년 기준년 연쇄가격","2021","농업, 임업 및 어업",2998
"은평구","2020년 기준년 연쇄가격","2021","광업",-
"은평구","2020년 기준년 연쇄가격","2021","제조업",107342
"은평구","2020년 기준년 연쇄가격","2021","전기, 가스, 증기 및 공기 조절 공급업",81487
"은평구","2020년 기준년 연쇄가격","2021","건설업",538745
"은평구","2020년 기준년 연쇄가격","2021","도매 및 소매업",542887
"은평구","2020년 기준년 연쇄가격","2021","운수 및 창고업",187788
"은평구","2020년 기준년 연쇄가격","2021","숙박 및 음식점업",233553
"은평구","2020년 기준년 연쇄가격","2021","정보통신업",189160
"은평구","2020년 기준년 연쇄가격","2021","금융 및 보험업",139946
"은평구","2020년 기준년 연쇄가격","2021","부동산업",1136182
"은평구","2020년 기준년 연쇄가격","2021","사업서비스업",304793
"은평구","2020년 기준년 연쇄가격","2021","공공 행정, 국방 및 사회보장 행정",213123
"은평구","2020년 기준년 연쇄가격","2021","교육 서비스업",507810
"은평구","2020년 기준년 연쇄가격","2021","보건업 및 사회복지서비스업",804519
"은평구","2020년 기준년 연쇄가격","2021","문화 및 기타 서비스업",226306
"은평구","2020년 기준년 연쇄가격","2022","지역내총생산(시장가격)",5721931
"은평구","2020년 기준년 연쇄가격","2022","순생산물세",391395
"은평구","2020년 기준년 연쇄가격","2022","총부가가치(기초가격)",5331359
"은평구","2020년 기준년 연쇄가격","2022","농업, 임업 및 어업",2746
"은평구","2020년 기준년 연쇄가격","2022","광업",-
"은평구","2020년 기준년 연쇄가격","2022","제조업",114859
"은평구","2020년 기준년 연쇄가격","2022","전기, 가스, 증기 및 공기 조절 공급업",81613
"은평구","2020년 기준년 연쇄가격","2022","건설업",195557
"은평구","2020년 기준년 연쇄가격","2022","도매 및 소매업",540281
"은평구","2020년 기준년 연쇄가격","2022","운수 및 창고업",214224
"은평구","2020년 기준년 연쇄가격","2022","숙박 및 음식점업",252602
"은평구","2020년 기준년 연쇄가격","2022","정보통신업",539710
"은평구","2020년 기준년 연쇄가격","2022","금융 및 보험업",158547
"은평구","2020년 기준년 연쇄가격","2022","부동산업",1139341
"은평구","2020년 기준년 연쇄가격","2022","사업서비스업",287623
"은평구","2020년 기준년 연쇄가격","2022","공공 행정, 국방 및 사회보장 행정",212926
"은평구","2020년 기준년 연쇄가격","2022","교육 서비스업",523649
"은평구","2020년 기준년 연쇄가격","2022","보건업 및 사회복지서비스업",834446
"은평구","2020년 기준년 연쇄가격","2022","문화 및 기타 서비스업",244711
"서대문구","2020년 기준년 연쇄가격","2015","지역내총생산(시장가격)",7977865
"서대문구","2020년 기준년 연쇄가격","2015","순생산물세",665243
"서대문구","2020년 기준년 연쇄가격","2015","총부가가치(기초가격)",7309528
"서대문구","2020년 기준년 연쇄가격","2015","농업, 임업 및 어업",101951
"서대문구","2020년 기준년 연쇄가격","2015","광업",-
"서대문구","2020년 기준년 연쇄가격","2015","제조업",103178
"서대문구","2020년 기준년 연쇄가격","2015","전기, 가스, 증기 및 공기 조절 공급업",68320
"서대문구","2020년 기준년 연쇄가격","2015","건설업",376593
"서대문구","2020년 기준년 연쇄가격","2015","도매 및 소매업",623740
"서대문구","2020년 기준년 연쇄가격","2015","운수 및 창고업",208075
"서대문구","2020년 기준년 연쇄가격","2015","숙박 및 음식점업",292933
"서대문구","2020년 기준년 연쇄가격","2015","정보통신업",166067
"서대문구","2020년 기준년 연쇄가격","2015","금융 및 보험업",802796
"서대문구","2020년 기준년 연쇄가격","2015","부동산업",919489
"서대문구","2020년 기준년 연쇄가격","2015","사업서비스업",585080
"서대문구","2020년 기준년 연쇄가격","2015","공공 행정, 국방 및 사회보장 행정",803447
"서대문구","2020년 기준년 연쇄가격","2015","교육 서비스업",1134222
"서대문구","2020년 기준년 연쇄가격","2015","보건업 및 사회복지서비스업",909999
"서대문구","2020년 기준년 연쇄가격","2015","문화 및 기타 서비스업",226426
"서대문구","2020년 기준년 연쇄가격","2016","지역내총생산(시장가격)",8461681
"서대문구","2020년 기준년 연쇄가격","2016","순생산물세",667335
"서대문구","2020년 기준년 연쇄가격","2016","총부가가치(기초가격)",7786730
"서대문구","2020년 기준년 연쇄가격","2016","농업, 임업 및 어업",81490
"서대문구","2020년 기준년 연쇄가격","2016","광업",-
"서대문구","2020년 기준년 연쇄가격","2016","제조업",112843
"서대문구","2020년 기준년 연쇄가격","2016","전기, 가스, 증기 및 공기 조절 공급업",60162
"서대문구","2020년 기준년 연쇄가격","2016","건설업",396335
"서대문구","2020년 기준년 연쇄가격","2016","도매 및 소매업",646314
"서대문구","2020년 기준년 연쇄가격","2016","운수 및 창고업",193759
"서대문구","2020년 기준년 연쇄가격","2016","숙박 및 음식점업",303765
"서대문구","2020년 기준년 연쇄가격","2016","정보통신업",181931
"서대문구","2020년 기준년 연쇄가격","2016","금융 및 보험업",715469
"서대문구","2020년 기준년 연쇄가격","2016","부동산업",915965
"서대문구","2020년 기준년 연쇄가격","2016","사업서비스업",983687
"서대문구","2020년 기준년 연쇄가격","2016","공공 행정, 국방 및 사회보장 행정",811974
"서대문구","2020년 기준년 연쇄가격","2016","교육 서비스업",1206274
"서대문구","2020년 기준년 연쇄가격","2016","보건업 및 사회복지서비스업",957780
"서대문구","2020년 기준년 연쇄가격","2016","문화 및 기타 서비스업",232905
"서대문구","2020년 기준년 연쇄가격","2017","지역내총생산(시장가격)",8462540
"서대문구","2020년 기준년 연쇄가격","2017","순생산물세",723725
"서대문구","2020년 기준년 연쇄가격","2017","총부가가치(기초가격)",7737941
"서대문구","2020년 기준년 연쇄가격","2017","농업, 임업 및 어업",74828
"서대문구","2020년 기준년 연쇄가격","2017","광업",-
"서대문구","2020년 기준년 연쇄가격","2017","제조업",132971
"서대문구","2020년 기준년 연쇄가격","2017","전기, 가스, 증기 및 공기 조절 공급업",66691
"서대문구","2020년 기준년 연쇄가격","2017","건설업",326884
"서대문구","2020년 기준년 연쇄가격","2017","도매 및 소매업",665756
"서대문구","2020년 기준년 연쇄가격","2017","운수 및 창고업",222171
"서대문구","2020년 기준년 연쇄가격","2017","숙박 및 음식점업",298711
"서대문구","2020년 기준년 연쇄가격","2017","정보통신업",193878
"서대문구","2020년 기준년 연쇄가격","2017","금융 및 보험업",856077
"서대문구","2020년 기준년 연쇄가격","2017","부동산업",1142589
"서대문구","2020년 기준년 연쇄가격","2017","사업서비스업",688980
"서대문구","2020년 기준년 연쇄가격","2017","공공 행정, 국방 및 사회보장 행정",672447
"서대문구","2020년 기준년 연쇄가격","2017","교육 서비스업",1268818
"서대문구","2020년 기준년 연쇄가격","2017","보건업 및 사회복지서비스업",878490
"서대문구","2020년 기준년 연쇄가격","2017","문화 및 기타 서비스업",233644
"서대문구","2020년 기준년 연쇄가격","2018","지역내총생산(시장가격)",8596765
"서대문구","2020년 기준년 연쇄가격","2018","순생산물세",725009
"서대문구","2020년 기준년 연쇄가격","2018","총부가가치(기초가격)",7869980
"서대문구","2020년 기준년 연쇄가격","2018","농업, 임업 및 어업",89417
"서대문구","2020년 기준년 연쇄가격","2018","광업",-
"서대문구","2020년 기준년 연쇄가격","2018","제조업",118278
"서대문구","2020년 기준년 연쇄가격","2018","전기, 가스, 증기 및 공기 조절 공급업",61210
"서대문구","2020년 기준년 연쇄가격","2018","건설업",505073
"서대문구","2020년 기준년 연쇄가격","2018","도매 및 소매업",660671
"서대문구","2020년 기준년 연쇄가격","2018","운수 및 창고업",235156
"서대문구","2020년 기준년 연쇄가격","2018","숙박 및 음식점업",311846
"서대문구","2020년 기준년 연쇄가격","2018","정보통신업",203882
"서대문구","2020년 기준년 연쇄가격","2018","금융 및 보험업",807744
"서대문구","2020년 기준년 연쇄가격","2018","부동산업",1100715
"서대문구","2020년 기준년 연쇄가격","2018","사업서비스업",644217
"서대문구","2020년 기준년 연쇄가격","2018","공공 행정, 국방 및 사회보장 행정",680267
"서대문구","2020년 기준년 연쇄가격","2018","교육 서비스업",1254245
"서대문구","2020년 기준년 연쇄가격","2018","보건업 및 사회복지서비스업",959826
"서대문구","2020년 기준년 연쇄가격","2018","문화 및 기타 서비스업",233292
"서대문구","2020년 기준년 연쇄가격","2019","지역내총생산(시장가격)",8857860
"서대문구","2020년 기준년 연쇄가격","2019","순생산물세",759008
"서대문구","2020년 기준년 연쇄가격","2019","총부가가치(기초가격)",8097650
"서대문구","2020년 기준년 연쇄가격","2019","농업, 임업 및 어업",90122
"서대문구","2020년 기준년 연쇄가격","2019","광업",-
"서대문구","2020년 기준년 연쇄가격","2019","제조업",106723
"서대문구","2020년 기준년 연쇄가격","2019","전기, 가스, 증기 및 공기 조절 공급업",60941
"서대문구","2020년 기준년 연쇄가격","2019","건설업",448623
"서대문구","2020년 기준년 연쇄가격","2019","도매 및 소매업",666842
"서대문구","2020년 기준년 연쇄가격","2019","운수 및 창고업",221312
"서대문구","2020년 기준년 연쇄가격","2019","숙박 및 음식점업",330198
"서대문구","2020년 기준년 연쇄가격","2019","정보통신업",239369
"서대문구","2020년 기준년 연쇄가격","2019","금융 및 보험업",900430
"서대문구","2020년 기준년 연쇄가격","2019","부동산업",1077637
"서대문구","2020년 기준년 연쇄가격","2019","사업서비스업",677477
"서대문구","2020년 기준년 연쇄가격","2019","공공 행정, 국방 및 사회보장 행정",668861
"서대문구","2020년 기준년 연쇄가격","2019","교육 서비스업",1293460
"서대문구","2020년 기준년 연쇄가격","2019","보건업 및 사회복지서비스업",1067572
"서대문구","2020년 기준년 연쇄가격","2019","문화 및 기타 서비스업",242066
"서대문구","2020년 기준년 연쇄가격","2020","지역내총생산(시장가격)",8400101
"서대문구","2020년 기준년 연쇄가격","2020","순생산물세",781433
"서대문구","2020년 기준년 연쇄가격","2020","총부가가치(기초가격)",7612933
"서대문구","2020년 기준년 연쇄가격","2020","농업, 임업 및 어업",62458
"서대문구","2020년 기준년 연쇄가격","2020","광업",-
"서대문구","2020년 기준년 연쇄가격","2020","제조업",109972
"서대문구","2020년 기준년 연쇄가격","2020","전기, 가스, 증기 및 공기 조절 공급업",62498
"서대문구","2020년 기준년 연쇄가격","2020","건설업",418493
"서대문구","2020년 기준년 연쇄가격","2020","도매 및 소매업",737749
"서대문구","2020년 기준년 연쇄가격","2020","운수 및 창고업",182083
"서대문구","2020년 기준년 연쇄가격","2020","숙박 및 음식점업",257726
"서대문구","2020년 기준년 연쇄가격","2020","정보통신업",274344
"서대문구","2020년 기준년 연쇄가격","2020","금융 및 보험업",715710
"서대문구","2020년 기준년 연쇄가격","2020","부동산업",940174
"서대문구","2020년 기준년 연쇄가격","2020","사업서비스업",689494
"서대문구","2020년 기준년 연쇄가격","2020","공공 행정, 국방 및 사회보장 행정",705927
"서대문구","2020년 기준년 연쇄가격","2020","교육 서비스업",1242204
"서대문구","2020년 기준년 연쇄가격","2020","보건업 및 사회복지서비스업",991576
"서대문구","2020년 기준년 연쇄가격","2020","문화 및 기타 서비스업",222526
"서대문구","2020년 기준년 연쇄가격","2021","지역내총생산(시장가격)",8796345
"서대문구","2020년 기준년 연쇄가격","2021","순생산물세",783533
"서대문구","2020년 기준년 연쇄가격","2021","총부가가치(기초가격)",8012812
"서대문구","2020년 기준년 연쇄가격","2021","농업, 임업 및 어업",70111
"서대문구","2020년 기준년 연쇄가격","2021","광업",-
"서대문구","2020년 기준년 연쇄가격","2021","제조업",107446
"서대문구","2020년 기준년 연쇄가격","2021","전기, 가스, 증기 및 공기 조절 공급업",63637
"서대문구","2020년 기준년 연쇄가격","2021","건설업",405475
"서대문구","2020년 기준년 연쇄가격","2021","도매 및 소매업",753153
"서대문구","2020년 기준년 연쇄가격","2021","운수 및 창고업",184409
"서대문구","2020년 기준년 연쇄가격","2021","숙박 및 음식점업",263058
"서대문구","2020년 기준년 연쇄가격","2021","정보통신업",293246
"서대문구","2020년 기준년 연쇄가격","2021","금융 및 보험업",671195
"서대문구","2020년 기준년 연쇄가격","2021","부동산업",992350
"서대문구","2020년 기준년 연쇄가격","2021","사업서비스업",984962
"서대문구","2020년 기준년 연쇄가격","2021","공공 행정, 국방 및 사회보장 행정",728545
"서대문구","2020년 기준년 연쇄가격","2021","교육 서비스업",1245665
"서대문구","2020년 기준년 연쇄가격","2021","보건업 및 사회복지서비스업",1018029
"서대문구","2020년 기준년 연쇄가격","2021","문화 및 기타 서비스업",231530
"서대문구","2020년 기준년 연쇄가격","2022","지역내총생산(시장가격)",8530259
"서대문구","2020년 기준년 연쇄가격","2022","순생산물세",761708
"서대문구","2020년 기준년 연쇄가격","2022","총부가가치(기초가격)",7768478
"서대문구","2020년 기준년 연쇄가격","2022","농업, 임업 및 어업",71347
"서대문구","2020년 기준년 연쇄가격","2022","광업",-
"서대문구","2020년 기준년 연쇄가격","2022","제조업",114445
"서대문구","2020년 기준년 연쇄가격","2022","전기, 가스, 증기 및 공기 조절 공급업",64444
"서대문구","2020년 기준년 연쇄가격","2022","건설업",184556
"서대문구","2020년 기준년 연쇄가격","2022","도매 및 소매업",711693
"서대문구","2020년 기준년 연쇄가격","2022","운수 및 창고업",207623
"서대문구","2020년 기준년 연쇄가격","2022","숙박 및 음식점업",292463
"서대문구","2020년 기준년 연쇄가격","2022","정보통신업",308860
"서대문구","2020년 기준년 연쇄가격","2022","금융 및 보험업",614570
"서대문구","2020년 기준년 연쇄가격","2022","부동산업",972949
"서대문구","2020년 기준년 연쇄가격","2022","사업서비스업",854172
"서대문구","2020년 기준년 연쇄가격","2022","공공 행정, 국방 및 사회보장 행정",731658
"서대문구","2020년 기준년 연쇄가격","2022","교육 서비스업",1322494
"서대문구","2020년 기준년 연쇄가격","2022","보건업 및 사회복지서비스업",1070080
"서대문구","2020년 기준년 연쇄가격","2022","문화 및 기타 서비스업",256674
"마포구","2020년 기준년 연쇄가격","2015","지역내총생산(시장가격)",18898552
"마포구","2020년 기준년 연쇄가격","2015","순생산물세",1488064
"마포구","2020년 기준년 연쇄가격","2015","총부가가치(기초가격)",17435789
"마포구","2020년 기준년 연쇄가격","2015","농업, 임업 및 어업",977
"마포구","2020년 기준년 연쇄가격","2015","광업",-
"마포구","2020년 기준년 연쇄가격","2015","제조업",323327
"마포구","2020년 기준년 연쇄가격","2015","전기, 가스, 증기 및 공기 조절 공급업",103591
"마포구","2020년 기준년 연쇄가격","2015","건설업",526807
"마포구","2020년 기준년 연쇄가격","2015","도매 및 소매업",2612435
"마포구","2020년 기준년 연쇄가격","2015","운수 및 창고업",1141090
"마포구","2020년 기준년 연쇄가격","2015","숙박 및 음식점업",579415
"마포구","2020년 기준년 연쇄가격","2015","정보통신업",4953404
"마포구","2020년 기준년 연쇄가격","2015","금융 및 보험업",689342
"마포구","2020년 기준년 연쇄가격","2015","부동산업",1512167
"마포구","2020년 기준년 연쇄가격","2015","사업서비스업",2753960
"마포구","2020년 기준년 연쇄가격","2015","공공 행정, 국방 및 사회보장 행정",254159
"마포구","2020년 기준년 연쇄가격","2015","교육 서비스업",752051
"마포구","2020년 기준년 연쇄가격","2015","보건업 및 사회복지서비스업",424771
"마포구","2020년 기준년 연쇄가격","2015","문화 및 기타 서비스업",726796
"마포구","2020년 기준년 연쇄가격","2016","지역내총생산(시장가격)",19537604
"마포구","2020년 기준년 연쇄가격","2016","순생산물세",1578171
"마포구","2020년 기준년 연쇄가격","2016","총부가가치(기초가격)",17990422
"마포구","2020년 기준년 연쇄가격","2016","농업, 임업 및 어업",850
"마포구","2020년 기준년 연쇄가격","2016","광업",-
"마포구","2020년 기준년 연쇄가격","2016","제조업",281985
"마포구","2020년 기준년 연쇄가격","2016","전기, 가스, 증기 및 공기 조절 공급업",91336
"마포구","2020년 기준년 연쇄가격","2016","건설업",610235
"마포구","2020년 기준년 연쇄가격","2016","도매 및 소매업",2694146
"마포구","2020년 기준년 연쇄가격","2016","운수 및 창고업",984841
"마포구","2020년 기준년 연쇄가격","2016","숙박 및 음식점업",621745
"마포구","2020년 기준년 연쇄가격","2016","정보통신업",5368347
"마포구","2020년 기준년 연쇄가격","2016","금융 및 보험업",663306
"마포구","2020년 기준년 연쇄가격","2016","부동산업",1589595
"마포구","2020년 기준년 연쇄가격","2016","사업서비스업",2822680
"마포구","2020년 기준년 연쇄가격","2016","공공 행정, 국방 및 사회보장 행정",253776
"마포구","2020년 기준년 연쇄가격","2016","교육 서비스업",755864
"마포구","2020년 기준년 연쇄가격","2016","보건업 및 사회복지서비스업",460224
"마포구","2020년 기준년 연쇄가격","2016","문화 및 기타 서비스업",733580
"마포구","2020년 기준년 연쇄가격","2017","지역내총생산(시장가격)",19832828
"마포구","2020년 기준년 연쇄가격","2017","순생산물세",1588767
"마포구","2020년 기준년 연쇄가격","2017","총부가가치(기초가격)",18273907
"마포구","2020년 기준년 연쇄가격","2017","농업, 임업 및 어업",944
"마포구","2020년 기준년 연쇄가격","2017","광업",-
"마포구","2020년 기준년 연쇄가격","2017","제조업",407086
"마포구","2020년 기준년 연쇄가격","2017","전기, 가스, 증기 및 공기 조절 공급업",108751
"마포구","2020년 기준년 연쇄가격","2017","건설업",689630
"마포구","2020년 기준년 연쇄가격","2017","도매 및 소매업",2696088
"마포구","2020년 기준년 연쇄가격","2017","운수 및 창고업",1026517
"마포구","2020년 기준년 연쇄가격","2017","숙박 및 음식점업",638606
"마포구","2020년 기준년 연쇄가격","2017","정보통신업",5193137
"마포구","2020년 기준년 연쇄가격","2017","금융 및 보험업",579567
"마포구","2020년 기준년 연쇄가격","2017","부동산업",1589475
"마포구","2020년 기준년 연쇄가격","2017","사업서비스업",3104425
"마포구","2020년 기준년 연쇄가격","2017","공공 행정, 국방 및 사회보장 행정",241393
"마포구","2020년 기준년 연쇄가격","2017","교육 서비스업",741403
"마포구","2020년 기준년 연쇄가격","2017","보건업 및 사회복지서비스업",481167
"마포구","2020년 기준년 연쇄가격","2017","문화 및 기타 서비스업",726383
"마포구","2020년 기준년 연쇄가격","2018","지역내총생산(시장가격)",21053499
"마포구","2020년 기준년 연쇄가격","2018","순생산물세",1560594
"마포구","2020년 기준년 연쇄가격","2018","총부가가치(기초가격)",19514503
"마포구","2020년 기준년 연쇄가격","2018","농업, 임업 및 어업",918
"마포구","2020년 기준년 연쇄가격","2018","광업",-
"마포구","2020년 기준년 연쇄가격","2018","제조업",365762
"마포구","2020년 기준년 연쇄가격","2018","전기, 가스, 증기 및 공기 조절 공급업",102483
"마포구","2020년 기준년 연쇄가격","2018","건설업",674243
"마포구","2020년 기준년 연쇄가격","2018","도매 및 소매업",2799345
"마포구","2020년 기준년 연쇄가격","2018","운수 및 창고업",1138698
"마포구","2020년 기준년 연쇄가격","2018","숙박 및 음식점업",704912
"마포구","2020년 기준년 연쇄가격","2018","정보통신업",5593449
"마포구","2020년 기준년 연쇄가격","2018","금융 및 보험업",619378
"마포구","2020년 기준년 연쇄가격","2018","부동산업",1583107
"마포구","2020년 기준년 연쇄가격","2018","사업서비스업",3584250
"마포구","2020년 기준년 연쇄가격","2018","공공 행정, 국방 및 사회보장 행정",241494
"마포구","2020년 기준년 연쇄가격","2018","교육 서비스업",758587
"마포구","2020년 기준년 연쇄가격","2018","보건업 및 사회복지서비스업",516723
"마포구","2020년 기준년 연쇄가격","2018","문화 및 기타 서비스업",786522
"마포구","2020년 기준년 연쇄가격","2019","지역내총생산(시장가격)",21165840
"마포구","2020년 기준년 연쇄가격","2019","순생산물세",1589187
"마포구","2020년 기준년 연쇄가격","2019","총부가가치(기초가격)",19599239
"마포구","2020년 기준년 연쇄가격","2019","농업, 임업 및 어업",712
"마포구","2020년 기준년 연쇄가격","2019","광업",-
"마포구","2020년 기준년 연쇄가격","2019","제조업",355483
"마포구","2020년 기준년 연쇄가격","2019","전기, 가스, 증기 및 공기 조절 공급업",101308
"마포구","2020년 기준년 연쇄가격","2019","건설업",632741
"마포구","2020년 기준년 연쇄가격","2019","도매 및 소매업",2889053
"마포구","2020년 기준년 연쇄가격","2019","운수 및 창고업",1071297
"마포구","2020년 기준년 연쇄가격","2019","숙박 및 음식점업",743231
"마포구","2020년 기준년 연쇄가격","2019","정보통신업",5458637
"마포구","2020년 기준년 연쇄가격","2019","금융 및 보험업",598781
"마포구","2020년 기준년 연쇄가격","2019","부동산업",1688593
"마포구","2020년 기준년 연쇄가격","2019","사업서비스업",3622468
"마포구","2020년 기준년 연쇄가격","2019","공공 행정, 국방 및 사회보장 행정",240085
"마포구","2020년 기준년 연쇄가격","2019","교육 서비스업",757618
"마포구","2020년 기준년 연쇄가격","2019","보건업 및 사회복지서비스업",564987
"마포구","2020년 기준년 연쇄가격","2019","문화 및 기타 서비스업",819778
"마포구","2020년 기준년 연쇄가격","2020","지역내총생산(시장가격)",21065662
"마포구","2020년 기준년 연쇄가격","2020","순생산물세",1475139
"마포구","2020년 기준년 연쇄가격","2020","총부가가치(기초가격)",19535078
"마포구","2020년 기준년 연쇄가격","2020","농업, 임업 및 어업",885
"마포구","2020년 기준년 연쇄가격","2020","광업",125
"마포구","2020년 기준년 연쇄가격","2020","제조업",375294
"마포구","2020년 기준년 연쇄가격","2020","전기, 가스, 증기 및 공기 조절 공급업",101573
"마포구","2020년 기준년 연쇄가격","2020","건설업",574902
"마포구","2020년 기준년 연쇄가격","2020","도매 및 소매업",3023860
"마포구","2020년 기준년 연쇄가격","2020","운수 및 창고업",943544
"마포구","2020년 기준년 연쇄가격","2020","숙박 및 음식점업",598209
"마포구","2020년 기준년 연쇄가격","2020","정보통신업",5516429
"마포구","2020년 기준년 연쇄가격","2020","금융 및 보험업",601444
"마포구","2020년 기준년 연쇄가격","2020","부동산업",1792741
"마포구","2020년 기준년 연쇄가격","2020","사업서비스업",3629479
"마포구","2020년 기준년 연쇄가격","2020","공공 행정, 국방 및 사회보장 행정",239652
"마포구","2020년 기준년 연쇄가격","2020","교육 서비스업",800916
"마포구","2020년 기준년 연쇄가격","2020","보건업 및 사회복지서비스업",602269
"마포구","2020년 기준년 연쇄가격","2020","문화 및 기타 서비스업",733753
"마포구","2020년 기준년 연쇄가격","2021","지역내총생산(시장가격)",22002823
"마포구","2020년 기준년 연쇄가격","2021","순생산물세",1532538
"마포구","2020년 기준년 연쇄가격","2021","총부가가치(기초가격)",20470285
"마포구","2020년 기준년 연쇄가격","2021","농업, 임업 및 어업",1133
"마포구","2020년 기준년 연쇄가격","2021","광업",42
"마포구","2020년 기준년 연쇄가격","2021","제조업",370928
"마포구","2020년 기준년 연쇄가격","2021","전기, 가스, 증기 및 공기 조절 공급업",103003
"마포구","2020년 기준년 연쇄가격","2021","건설업",473108
"마포구","2020년 기준년 연쇄가격","2021","도매 및 소매업",3020669
"마포구","2020년 기준년 연쇄가격","2021","운수 및 창고업",1094874
"마포구","2020년 기준년 연쇄가격","2021","숙박 및 음식점업",606836
"마포구","2020년 기준년 연쇄가격","2021","정보통신업",6120611
"마포구","2020년 기준년 연쇄가격","2021","금융 및 보험업",694109
"마포구","2020년 기준년 연쇄가격","2021","부동산업",1793730
"마포구","2020년 기준년 연쇄가격","2021","사업서비스업",3709506
"마포구","2020년 기준년 연쇄가격","2021","공공 행정, 국방 및 사회보장 행정",246676
"마포구","2020년 기준년 연쇄가격","2021","교육 서비스업",855349
"마포구","2020년 기준년 연쇄가격","2021","보건업 및 사회복지서비스업",621515
"마포구","2020년 기준년 연쇄가격","2021","문화 및 기타 서비스업",758197
"마포구","2020년 기준년 연쇄가격","2022","지역내총생산(시장가격)",22112821
"마포구","2020년 기준년 연쇄가격","2022","순생산물세",1497361
"마포구","2020년 기준년 연쇄가격","2022","총부가가치(기초가격)",20616327
"마포구","2020년 기준년 연쇄가격","2022","농업, 임업 및 어업",1330
"마포구","2020년 기준년 연쇄가격","2022","광업",-
"마포구","2020년 기준년 연쇄가격","2022","제조업",393234
"마포구","2020년 기준년 연쇄가격","2022","전기, 가스, 증기 및 공기 조절 공급업",96723
"마포구","2020년 기준년 연쇄가격","2022","건설업",190924
"마포구","2020년 기준년 연쇄가격","2022","도매 및 소매업",3209142
"마포구","2020년 기준년 연쇄가격","2022","운수 및 창고업",1315675
"마포구","2020년 기준년 연쇄가격","2022","숙박 및 음식점업",691727
"마포구","2020년 기준년 연쇄가격","2022","정보통신업",6091952
"마포구","2020년 기준년 연쇄가격","2022","금융 및 보험업",612728
"마포구","2020년 기준년 연쇄가격","2022","부동산업",1738790
"마포구","2020년 기준년 연쇄가격","2022","사업서비스업",3676827
"마포구","2020년 기준년 연쇄가격","2022","공공 행정, 국방 및 사회보장 행정",244449
"마포구","2020년 기준년 연쇄가격","2022","교육 서비스업",885974
"마포구","2020년 기준년 연쇄가격","2022","보건업 및 사회복지서비스업",636924
"마포구","2020년 기준년 연쇄가격","2022","문화 및 기타 서비스업",824532
"양천구","2020년 기준년 연쇄가격","2015","지역내총생산(시장가격)",6879062
"양천구","2020년 기준년 연쇄가격","2015","순생산물세",518411
"양천구","2020년 기준년 연쇄가격","2015","총부가가치(기초가격)",6368520
"양천구","2020년 기준년 연쇄가격","2015","농업, 임업 및 어업",268
"양천구","2020년 기준년 연쇄가격","2015","광업",-
"양천구","2020년 기준년 연쇄가격","2015","제조업",254792
"양천구","2020년 기준년 연쇄가격","2015","전기, 가스, 증기 및 공기 조절 공급업",97587
"양천구","2020년 기준년 연쇄가격","2015","건설업",268818
"양천구","2020년 기준년 연쇄가격","2015","도매 및 소매업",735897
"양천구","2020년 기준년 연쇄가격","2015","운수 및 창고업",403294
"양천구","2020년 기준년 연쇄가격","2015","숙박 및 음식점업",240750
"양천구","2020년 기준년 연쇄가격","2015","정보통신업",599068
"양천구","2020년 기준년 연쇄가격","2015","금융 및 보험업",237264
"양천구","2020년 기준년 연쇄가격","2015","부동산업",1393240
"양천구","2020년 기준년 연쇄가격","2015","사업서비스업",308861
"양천구","2020년 기준년 연쇄가격","2015","공공 행정, 국방 및 사회보장 행정",310067
"양천구","2020년 기준년 연쇄가격","2015","교육 서비스업",703556
"양천구","2020년 기준년 연쇄가격","2015","보건업 및 사회복지서비스업",498789
"양천구","2020년 기준년 연쇄가격","2015","문화 및 기타 서비스업",299675
"양천구","2020년 기준년 연쇄가격","2016","지역내총생산(시장가격)",6947238
"양천구","2020년 기준년 연쇄가격","2016","순생산물세",525361
"양천구","2020년 기준년 연쇄가격","2016","총부가가치(기초가격)",6430046
"양천구","2020년 기준년 연쇄가격","2016","농업, 임업 및 어업",270
"양천구","2020년 기준년 연쇄가격","2016","광업",-
"양천구","2020년 기준년 연쇄가격","2016","제조업",277558
"양천구","2020년 기준년 연쇄가격","2016","전기, 가스, 증기 및 공기 조절 공급업",78619
"양천구","2020년 기준년 연쇄가격","2016","건설업",285008
"양천구","2020년 기준년 연쇄가격","2016","도매 및 소매업",738766
"양천구","2020년 기준년 연쇄가격","2016","운수 및 창고업",371837
"양천구","2020년 기준년 연쇄가격","2016","숙박 및 음식점업",240533
"양천구","2020년 기준년 연쇄가격","2016","정보통신업",644673
"양천구","2020년 기준년 연쇄가격","2016","금융 및 보험업",243234
"양천구","2020년 기준년 연쇄가격","2016","부동산업",1363515
"양천구","2020년 기준년 연쇄가격","2016","사업서비스업",365831
"양천구","2020년 기준년 연쇄가격","2016","공공 행정, 국방 및 사회보장 행정",280870
"양천구","2020년 기준년 연쇄가격","2016","교육 서비스업",700502
"양천구","2020년 기준년 연쇄가격","2016","보건업 및 사회복지서비스업",518215
"양천구","2020년 기준년 연쇄가격","2016","문화 및 기타 서비스업",307464
"양천구","2020년 기준년 연쇄가격","2017","지역내총생산(시장가격)",7254076
"양천구","2020년 기준년 연쇄가격","2017","순생산물세",542183
"양천구","2020년 기준년 연쇄가격","2017","총부가가치(기초가격)",6719612
"양천구","2020년 기준년 연쇄가격","2017","농업, 임업 및 어업",281
"양천구","2020년 기준년 연쇄가격","2017","광업",-
"양천구","2020년 기준년 연쇄가격","2017","제조업",287582
"양천구","2020년 기준년 연쇄가격","2017","전기, 가스, 증기 및 공기 조절 공급업",86118
"양천구","2020년 기준년 연쇄가격","2017","건설업",355525
"양천구","2020년 기준년 연쇄가격","2017","도매 및 소매업",750677
"양천구","2020년 기준년 연쇄가격","2017","운수 및 창고업",394761
"양천구","2020년 기준년 연쇄가격","2017","숙박 및 음식점업",245828
"양천구","2020년 기준년 연쇄가격","2017","정보통신업",714906
"양천구","2020년 기준년 연쇄가격","2017","금융 및 보험업",260270
"양천구","2020년 기준년 연쇄가격","2017","부동산업",1386822
"양천구","2020년 기준년 연쇄가격","2017","사업서비스업",395196
"양천구","2020년 기준년 연쇄가격","2017","공공 행정, 국방 및 사회보장 행정",303056
"양천구","2020년 기준년 연쇄가격","2017","교육 서비스업",683072
"양천구","2020년 기준년 연쇄가격","2017","보건업 및 사회복지서비스업",545269
"양천구","2020년 기준년 연쇄가격","2017","문화 및 기타 서비스업",298724
"양천구","2020년 기준년 연쇄가격","2018","지역내총생산(시장가격)",7567629
"양천구","2020년 기준년 연쇄가격","2018","순생산물세",539774
"양천구","2020년 기준년 연쇄가격","2018","총부가가치(기초가격)",7033662
"양천구","2020년 기준년 연쇄가격","2018","농업, 임업 및 어업",298
"양천구","2020년 기준년 연쇄가격","2018","광업",-
"양천구","2020년 기준년 연쇄가격","2018","제조업",306415
"양천구","2020년 기준년 연쇄가격","2018","전기, 가스, 증기 및 공기 조절 공급업",80270
"양천구","2020년 기준년 연쇄가격","2018","건설업",457761
"양천구","2020년 기준년 연쇄가격","2018","도매 및 소매업",758227
"양천구","2020년 기준년 연쇄가격","2018","운수 및 창고업",405989
"양천구","2020년 기준년 연쇄가격","2018","숙박 및 음식점업",260617
"양천구","2020년 기준년 연쇄가격","2018","정보통신업",710160
"양천구","2020년 기준년 연쇄가격","2018","금융 및 보험업",280527
"양천구","2020년 기준년 연쇄가격","2018","부동산업",1425130
"양천구","2020년 기준년 연쇄가격","2018","사업서비스업",443186
"양천구","2020년 기준년 연쇄가격","2018","공공 행정, 국방 및 사회보장 행정",309673
"양천구","2020년 기준년 연쇄가격","2018","교육 서비스업",694437
"양천구","2020년 기준년 연쇄가격","2018","보건업 및 사회복지서비스업",600647
"양천구","2020년 기준년 연쇄가격","2018","문화 및 기타 서비스업",296762
"양천구","2020년 기준년 연쇄가격","2019","지역내총생산(시장가격)",7563702
"양천구","2020년 기준년 연쇄가격","2019","순생산물세",584787
"양천구","2020년 기준년 연쇄가격","2019","총부가가치(기초가격)",6986906
"양천구","2020년 기준년 연쇄가격","2019","농업, 임업 및 어업",220
"양천구","2020년 기준년 연쇄가격","2019","광업",-
"양천구","2020년 기준년 연쇄가격","2019","제조업",296119
"양천구","2020년 기준년 연쇄가격","2019","전기, 가스, 증기 및 공기 조절 공급업",76641
"양천구","2020년 기준년 연쇄가격","2019","건설업",410959
"양천구","2020년 기준년 연쇄가격","2019","도매 및 소매업",709153
"양천구","2020년 기준년 연쇄가격","2019","운수 및 창고업",394388
"양천구","2020년 기준년 연쇄가격","2019","숙박 및 음식점업",279869
"양천구","2020년 기준년 연쇄가격","2019","정보통신업",654510
"양천구","2020년 기준년 연쇄가격","2019","금융 및 보험업",270992
"양천구","2020년 기준년 연쇄가격","2019","부동산업",1455822
"양천구","2020년 기준년 연쇄가격","2019","사업서비스업",436860
"양천구","2020년 기준년 연쇄가격","2019","공공 행정, 국방 및 사회보장 행정",319349
"양천구","2020년 기준년 연쇄가격","2019","교육 서비스업",700968
"양천구","2020년 기준년 연쇄가격","2019","보건업 및 사회복지서비스업",672647
"양천구","2020년 기준년 연쇄가격","2019","문화 및 기타 서비스업",307681
"양천구","2020년 기준년 연쇄가격","2020","지역내총생산(시장가격)",7511991
"양천구","2020년 기준년 연쇄가격","2020","순생산물세",544392
"양천구","2020년 기준년 연쇄가격","2020","총부가가치(기초가격)",6917968
"양천구","2020년 기준년 연쇄가격","2020","농업, 임업 및 어업",294
"양천구","2020년 기준년 연쇄가격","2020","광업",142
"양천구","2020년 기준년 연쇄가격","2020","제조업",235205
"양천구","2020년 기준년 연쇄가격","2020","전기, 가스, 증기 및 공기 조절 공급업",82355
"양천구","2020년 기준년 연쇄가격","2020","건설업",396410
"양천구","2020년 기준년 연쇄가격","2020","도매 및 소매업",862209
"양천구","2020년 기준년 연쇄가격","2020","운수 및 창고업",297625
"양천구","2020년 기준년 연쇄가격","2020","숙박 및 음식점업",235706
"양천구","2020년 기준년 연쇄가격","2020","정보통신업",750413
"양천구","2020년 기준년 연쇄가격","2020","금융 및 보험업",242089
"양천구","2020년 기준년 연쇄가격","2020","부동산업",1467013
"양천구","2020년 기준년 연쇄가격","2020","사업서비스업",475237
"양천구","2020년 기준년 연쇄가격","2020","공공 행정, 국방 및 사회보장 행정",321584
"양천구","2020년 기준년 연쇄가격","2020","교육 서비스업",638641
"양천구","2020년 기준년 연쇄가격","2020","보건업 및 사회복지서비스업",648497
"양천구","2020년 기준년 연쇄가격","2020","문화 및 기타 서비스업",264549
"양천구","2020년 기준년 연쇄가격","2021","지역내총생산(시장가격)",7706802
"양천구","2020년 기준년 연쇄가격","2021","순생산물세",563446
"양천구","2020년 기준년 연쇄가격","2021","총부가가치(기초가격)",7143356
"양천구","2020년 기준년 연쇄가격","2021","농업, 임업 및 어업",375
"양천구","2020년 기준년 연쇄가격","2021","광업",82
"양천구","2020년 기준년 연쇄가격","2021","제조업",233260
"양천구","2020년 기준년 연쇄가격","2021","전기, 가스, 증기 및 공기 조절 공급업",86239
"양천구","2020년 기준년 연쇄가격","2021","건설업",289792
"양천구","2020년 기준년 연쇄가격","2021","도매 및 소매업",846696
"양천구","2020년 기준년 연쇄가격","2021","운수 및 창고업",372741
"양천구","2020년 기준년 연쇄가격","2021","숙박 및 음식점업",245690
"양천구","2020년 기준년 연쇄가격","2021","정보통신업",783626
"양천구","2020년 기준년 연쇄가격","2021","금융 및 보험업",272171
"양천구","2020년 기준년 연쇄가격","2021","부동산업",1504375
"양천구","2020년 기준년 연쇄가격","2021","사업서비스업",503802
"양천구","2020년 기준년 연쇄가격","2021","공공 행정, 국방 및 사회보장 행정",332065
"양천구","2020년 기준년 연쇄가격","2021","교육 서비스업",713883
"양천구","2020년 기준년 연쇄가격","2021","보건업 및 사회복지서비스업",686671
"양천구","2020년 기준년 연쇄가격","2021","문화 및 기타 서비스업",271887
"양천구","2020년 기준년 연쇄가격","2022","지역내총생산(시장가격)",8116361
"양천구","2020년 기준년 연쇄가격","2022","순생산물세",549479
"양천구","2020년 기준년 연쇄가격","2022","총부가가치(기초가격)",7568583
"양천구","2020년 기준년 연쇄가격","2022","농업, 임업 및 어업",436
"양천구","2020년 기준년 연쇄가격","2022","광업",130
"양천구","2020년 기준년 연쇄가격","2022","제조업",212090
"양천구","2020년 기준년 연쇄가격","2022","전기, 가스, 증기 및 공기 조절 공급업",92568
"양천구","2020년 기준년 연쇄가격","2022","건설업",485001
"양천구","2020년 기준년 연쇄가격","2022","도매 및 소매업",909749
"양천구","2020년 기준년 연쇄가격","2022","운수 및 창고업",400410
"양천구","2020년 기준년 연쇄가격","2022","숙박 및 음식점업",260721
"양천구","2020년 기준년 연쇄가격","2022","정보통신업",837385
"양천구","2020년 기준년 연쇄가격","2022","금융 및 보험업",268272
"양천구","2020년 기준년 연쇄가격","2022","부동산업",1468776
"양천구","2020년 기준년 연쇄가격","2022","사업서비스업",492293
"양천구","2020년 기준년 연쇄가격","2022","공공 행정, 국방 및 사회보장 행정",331283
"양천구","2020년 기준년 연쇄가격","2022","교육 서비스업",790934
"양천구","2020년 기준년 연쇄가격","2022","보건업 및 사회복지서비스업",718809
"양천구","2020년 기준년 연쇄가격","2022","문화 및 기타 서비스업",297361
"강서구","2020년 기준년 연쇄가격","2015","지역내총생산(시장가격)",12563041
"강서구","2020년 기준년 연쇄가격","2015","순생산물세",962709
"강서구","2020년 기준년 연쇄가격","2015","총부가가치(기초가격)",11603554
"강서구","2020년 기준년 연쇄가격","2015","농업, 임업 및 어업",14514
"강서구","2020년 기준년 연쇄가격","2015","광업",-
"강서구","2020년 기준년 연쇄가격","2015","제조업",509233
"강서구","2020년 기준년 연쇄가격","2015","전기, 가스, 증기 및 공기 조절 공급업",104509
"강서구","2020년 기준년 연쇄가격","2015","건설업",1191646
"강서구","2020년 기준년 연쇄가격","2015","도매 및 소매업",1895144
"강서구","2020년 기준년 연쇄가격","2015","운수 및 창고업",1560077
"강서구","2020년 기준년 연쇄가격","2015","숙박 및 음식점업",378937
"강서구","2020년 기준년 연쇄가격","2015","정보통신업",783010
"강서구","2020년 기준년 연쇄가격","2015","금융 및 보험업",256169
"강서구","2020년 기준년 연쇄가격","2015","부동산업",1480234
"강서구","2020년 기준년 연쇄가격","2015","사업서비스업",1079602
"강서구","2020년 기준년 연쇄가격","2015","공공 행정, 국방 및 사회보장 행정",190223
"강서구","2020년 기준년 연쇄가격","2015","교육 서비스업",643759
"강서구","2020년 기준년 연쇄가격","2015","보건업 및 사회복지서비스업",868448
"강서구","2020년 기준년 연쇄가격","2015","문화 및 기타 서비스업",605184
"강서구","2020년 기준년 연쇄가격","2016","지역내총생산(시장가격)",13628593
"강서구","2020년 기준년 연쇄가격","2016","순생산물세",1123284
"강서구","2020년 기준년 연쇄가격","2016","총부가가치(기초가격)",12517976
"강서구","2020년 기준년 연쇄가격","2016","농업, 임업 및 어업",13005
"강서구","2020년 기준년 연쇄가격","2016","광업",-
"강서구","2020년 기준년 연쇄가격","2016","제조업",564690
"강서구","2020년 기준년 연쇄가격","2016","전기, 가스, 증기 및 공기 조절 공급업",91832
"강서구","2020년 기준년 연쇄가격","2016","건설업",1294498
"강서구","2020년 기준년 연쇄가격","2016","도매 및 소매업",2016687
"강서구","2020년 기준년 연쇄가격","2016","운수 및 창고업",1403544
"강서구","2020년 기준년 연쇄가격","2016","숙박 및 음식점업",417557
"강서구","2020년 기준년 연쇄가격","2016","정보통신업",973628
"강서구","2020년 기준년 연쇄가격","2016","금융 및 보험업",268096
"강서구","2020년 기준년 연쇄가격","2016","부동산업",1612704
"강서구","2020년 기준년 연쇄가격","2016","사업서비스업",1381442
"강서구","2020년 기준년 연쇄가격","2016","공공 행정, 국방 및 사회보장 행정",196684
"강서구","2020년 기준년 연쇄가격","2016","교육 서비스업",662425
"강서구","2020년 기준년 연쇄가격","2016","보건업 및 사회복지서비스업",970575
"강서구","2020년 기준년 연쇄가격","2016","문화 및 기타 서비스업",637836
"강서구","2020년 기준년 연쇄가격","2017","지역내총생산(시장가격)",17069982
"강서구","2020년 기준년 연쇄가격","2017","순생산물세",1600099
"강서구","2020년 기준년 연쇄가격","2017","총부가가치(기초가격)",15509437
"강서구","2020년 기준년 연쇄가격","2017","농업, 임업 및 어업",14875
"강서구","2020년 기준년 연쇄가격","2017","광업",-
"강서구","2020년 기준년 연쇄가격","2017","제조업",718915
"강서구","2020년 기준년 연쇄가격","2017","전기, 가스, 증기 및 공기 조절 공급업",107328
"강서구","2020년 기준년 연쇄가격","2017","건설업",1671247
"강서구","2020년 기준년 연쇄가격","2017","도매 및 소매업",2155704
"강서구","2020년 기준년 연쇄가격","2017","운수 및 창고업",1517731
"강서구","2020년 기준년 연쇄가격","2017","숙박 및 음식점업",445996
"강서구","2020년 기준년 연쇄가격","2017","정보통신업",1411584
"강서구","2020년 기준년 연쇄가격","2017","금융 및 보험업",273780
"강서구","2020년 기준년 연쇄가격","2017","부동산업",2868795
"강서구","2020년 기준년 연쇄가격","2017","사업서비스업",1849702
"강서구","2020년 기준년 연쇄가격","2017","공공 행정, 국방 및 사회보장 행정",225131
"강서구","2020년 기준년 연쇄가격","2017","교육 서비스업",678432
"강서구","2020년 기준년 연쇄가격","2017","보건업 및 사회복지서비스업",1028534
"강서구","2020년 기준년 연쇄가격","2017","문화 및 기타 서비스업",634504
"강서구","2020년 기준년 연쇄가격","2018","지역내총생산(시장가격)",17728803
"강서구","2020년 기준년 연쇄가격","2018","순생산물세",1541356
"강서구","2020년 기준년 연쇄가격","2018","총부가가치(기초가격)",16218004
"강서구","2020년 기준년 연쇄가격","2018","농업, 임업 및 어업",14504
"강서구","2020년 기준년 연쇄가격","2018","광업",64
"강서구","2020년 기준년 연쇄가격","2018","제조업",745213
"강서구","2020년 기준년 연쇄가격","2018","전기, 가스, 증기 및 공기 조절 공급업",102415
"강서구","2020년 기준년 연쇄가격","2018","건설업",1193285
"강서구","2020년 기준년 연쇄가격","2018","도매 및 소매업",2367400
"강서구","2020년 기준년 연쇄가격","2018","운수 및 창고업",1765338
"강서구","2020년 기준년 연쇄가격","2018","숙박 및 음식점업",485557
"강서구","2020년 기준년 연쇄가격","2018","정보통신업",1519028
"강서구","2020년 기준년 연쇄가격","2018","금융 및 보험업",295216
"강서구","2020년 기준년 연쇄가격","2018","부동산업",3048049
"강서구","2020년 기준년 연쇄가격","2018","사업서비스업",2025267
"강서구","2020년 기준년 연쇄가격","2018","공공 행정, 국방 및 사회보장 행정",222081
"강서구","2020년 기준년 연쇄가격","2018","교육 서비스업",700701
"강서구","2020년 기준년 연쇄가격","2018","보건업 및 사회복지서비스업",1138800
"강서구","2020년 기준년 연쇄가격","2018","문화 및 기타 서비스업",639224
"강서구","2020년 기준년 연쇄가격","2019","지역내총생산(시장가격)",17820171
"강서구","2020년 기준년 연쇄가격","2019","순생산물세",1542921
"강서구","2020년 기준년 연쇄가격","2019","총부가가치(기초가격)",16307656
"강서구","2020년 기준년 연쇄가격","2019","농업, 임업 및 어업",11371
"강서구","2020년 기준년 연쇄가격","2019","광업",63
"강서구","2020년 기준년 연쇄가격","2019","제조업",796909
"강서구","2020년 기준년 연쇄가격","2019","전기, 가스, 증기 및 공기 조절 공급업",102660
"강서구","2020년 기준년 연쇄가격","2019","건설업",971484
"강서구","2020년 기준년 연쇄가격","2019","도매 및 소매업",2238486
"강서구","2020년 기준년 연쇄가격","2019","운수 및 창고업",1713559
"강서구","2020년 기준년 연쇄가격","2019","숙박 및 음식점업",533508
"강서구","2020년 기준년 연쇄가격","2019","정보통신업",1702902
"강서구","2020년 기준년 연쇄가격","2019","금융 및 보험업",324282
"강서구","2020년 기준년 연쇄가격","2019","부동산업",2716171
"강서구","2020년 기준년 연쇄가격","2019","사업서비스업",2262806
"강서구","2020년 기준년 연쇄가격","2019","공공 행정, 국방 및 사회보장 행정",260348
"강서구","2020년 기준년 연쇄가격","2019","교육 서비스업",699133
"강서구","2020년 기준년 연쇄가격","2019","보건업 및 사회복지서비스업",1345387
"강서구","2020년 기준년 연쇄가격","2019","문화 및 기타 서비스업",667717
"강서구","2020년 기준년 연쇄가격","2020","지역내총생산(시장가격)",17345281
"강서구","2020년 기준년 연쇄가격","2020","순생산물세",1303433
"강서구","2020년 기준년 연쇄가격","2020","총부가가치(기초가격)",15638636
"강서구","2020년 기준년 연쇄가격","2020","농업, 임업 및 어업",15387
"강서구","2020년 기준년 연쇄가격","2020","광업",-
"강서구","2020년 기준년 연쇄가격","2020","제조업",672708
"강서구","2020년 기준년 연쇄가격","2020","전기, 가스, 증기 및 공기 조절 공급업",113263
"강서구","2020년 기준년 연쇄가격","2020","건설업",840712
"강서구","2020년 기준년 연쇄가격","2020","도매 및 소매업",2763268
"강서구","2020년 기준년 연쇄가격","2020","운수 및 창고업",1179032
"강서구","2020년 기준년 연쇄가격","2020","숙박 및 음식점업",432761
"강서구","2020년 기준년 연쇄가격","2020","정보통신업",1895857
"강서구","2020년 기준년 연쇄가격","2020","금융 및 보험업",279479
"강서구","2020년 기준년 연쇄가격","2020","부동산업",2233703
"강서구","2020년 기준년 연쇄가격","2020","사업서비스업",2355826
"강서구","2020년 기준년 연쇄가격","2020","공공 행정, 국방 및 사회보장 행정",253647
"강서구","2020년 기준년 연쇄가격","2020","교육 서비스업",667982
"강서구","2020년 기준년 연쇄가격","2020","보건업 및 사회복지서비스업",1337393
"강서구","2020년 기준년 연쇄가격","2020","문화 및 기타 서비스업",597620
"강서구","2020년 기준년 연쇄가격","2021","지역내총생산(시장가격)",17894547
"강서구","2020년 기준년 연쇄가격","2021","순생산물세",1283624
"강서구","2020년 기준년 연쇄가격","2021","총부가가치(기초가격)",16610923
"강서구","2020년 기준년 연쇄가격","2021","농업, 임업 및 어업",13603
"강서구","2020년 기준년 연쇄가격","2021","광업",-
"강서구","2020년 기준년 연쇄가격","2021","제조업",662766
"강서구","2020년 기준년 연쇄가격","2021","전기, 가스, 증기 및 공기 조절 공급업",116763
"강서구","2020년 기준년 연쇄가격","2021","건설업",807485
"강서구","2020년 기준년 연쇄가격","2021","도매 및 소매업",2766825
"강서구","2020년 기준년 연쇄가격","2021","운수 및 창고업",1416955
"강서구","2020년 기준년 연쇄가격","2021","숙박 및 음식점업",460112
"강서구","2020년 기준년 연쇄가격","2021","정보통신업",2226077
"강서구","2020년 기준년 연쇄가격","2021","금융 및 보험업",326221
"강서구","2020년 기준년 연쇄가격","2021","부동산업",2137919
"강서구","2020년 기준년 연쇄가격","2021","사업서비스업",2653104
"강서구","2020년 기준년 연쇄가격","2021","공공 행정, 국방 및 사회보장 행정",259829
"강서구","2020년 기준년 연쇄가격","2021","교육 서비스업",717683
"강서구","2020년 기준년 연쇄가격","2021","보건업 및 사회복지서비스업",1401020
"강서구","2020년 기준년 연쇄가격","2021","문화 및 기타 서비스업",644562
"강서구","2020년 기준년 연쇄가격","2022","지역내총생산(시장가격)",19928773
"강서구","2020년 기준년 연쇄가격","2022","순생산물세",1255019
"강서구","2020년 기준년 연쇄가격","2022","총부가가치(기초가격)",18678564
"강서구","2020년 기준년 연쇄가격","2022","농업, 임업 및 어업",15083
"강서구","2020년 기준년 연쇄가격","2022","광업",-
"강서구","2020년 기준년 연쇄가격","2022","제조업",684625
"강서구","2020년 기준년 연쇄가격","2022","전기, 가스, 증기 및 공기 조절 공급업",119352
"강서구","2020년 기준년 연쇄가격","2022","건설업",1657046
"강서구","2020년 기준년 연쇄가격","2022","도매 및 소매업",3037671
"강서구","2020년 기준년 연쇄가격","2022","운수 및 창고업",1873498
"강서구","2020년 기준년 연쇄가격","2022","숙박 및 음식점업",514417
"강서구","2020년 기준년 연쇄가격","2022","정보통신업",2144408
"강서구","2020년 기준년 연쇄가격","2022","금융 및 보험업",325240
"강서구","2020년 기준년 연쇄가격","2022","부동산업",1971977
"강서구","2020년 기준년 연쇄가격","2022","사업서비스업",3052321
"강서구","2020년 기준년 연쇄가격","2022","공공 행정, 국방 및 사회보장 행정",255655
"강서구","2020년 기준년 연쇄가격","2022","교육 서비스업",779897
"강서구","2020년 기준년 연쇄가격","2022","보건업 및 사회복지서비스업",1488966
"강서구","2020년 기준년 연쇄가격","2022","문화 및 기타 서비스업",688868
"구로구","2020년 기준년 연쇄가격","2015","지역내총생산(시장가격)",13897025
"구로구","2020년 기준년 연쇄가격","2015","순생산물세",1106493
"구로구","2020년 기준년 연쇄가격","2015","총부가가치(기초가격)",12805997
"구로구","2020년 기준년 연쇄가격","2015","농업, 임업 및 어업",2441
"구로구","2020년 기준년 연쇄가격","2015","광업",-
"구로구","2020년 기준년 연쇄가격","2015","제조업",1885524
"구로구","2020년 기준년 연쇄가격","2015","전기, 가스, 증기 및 공기 조절 공급업",97059
"구로구","2020년 기준년 연쇄가격","2015","건설업",218520
"구로구","2020년 기준년 연쇄가격","2015","도매 및 소매업",1722533
"구로구","2020년 기준년 연쇄가격","2015","운수 및 창고업",360616
"구로구","2020년 기준년 연쇄가격","2015","숙박 및 음식점업",276806
"구로구","2020년 기준년 연쇄가격","2015","정보통신업",2692371
"구로구","2020년 기준년 연쇄가격","2015","금융 및 보험업",368466
"구로구","2020년 기준년 연쇄가격","2015","부동산업",1048887
"구로구","2020년 기준년 연쇄가격","2015","사업서비스업",2333732
"구로구","2020년 기준년 연쇄가격","2015","공공 행정, 국방 및 사회보장 행정",246496
"구로구","2020년 기준년 연쇄가격","2015","교육 서비스업",556129
"구로구","2020년 기준년 연쇄가격","2015","보건업 및 사회복지서비스업",525797
"구로구","2020년 기준년 연쇄가격","2015","문화 및 기타 서비스업",395912
"구로구","2020년 기준년 연쇄가격","2016","지역내총생산(시장가격)",14667529
"구로구","2020년 기준년 연쇄가격","2016","순생산물세",1145843
"구로구","2020년 기준년 연쇄가격","2016","총부가가치(기초가격)",13535494
"구로구","2020년 기준년 연쇄가격","2016","농업, 임업 및 어업",2209
"구로구","2020년 기준년 연쇄가격","2016","광업",-
"구로구","2020년 기준년 연쇄가격","2016","제조업",1797928
"구로구","2020년 기준년 연쇄가격","2016","전기, 가스, 증기 및 공기 조절 공급업",83967
"구로구","2020년 기준년 연쇄가격","2016","건설업",240043
"구로구","2020년 기준년 연쇄가격","2016","도매 및 소매업",1857127
"구로구","2020년 기준년 연쇄가격","2016","운수 및 창고업",331341
"구로구","2020년 기준년 연쇄가격","2016","숙박 및 음식점업",292705
"구로구","2020년 기준년 연쇄가격","2016","정보통신업",2831294
"구로구","2020년 기준년 연쇄가격","2016","금융 및 보험업",438187
"구로구","2020년 기준년 연쇄가격","2016","부동산업",1057515
"구로구","2020년 기준년 연쇄가격","2016","사업서비스업",2760132
"구로구","2020년 기준년 연쇄가격","2016","공공 행정, 국방 및 사회보장 행정",246329
"구로구","2020년 기준년 연쇄가격","2016","교육 서비스업",564537
"구로구","2020년 기준년 연쇄가격","2016","보건업 및 사회복지서비스업",573077
"구로구","2020년 기준년 연쇄가격","2016","문화 및 기타 서비스업",413671
"구로구","2020년 기준년 연쇄가격","2017","지역내총생산(시장가격)",15128060
"구로구","2020년 기준년 연쇄가격","2017","순생산물세",1180551
"구로구","2020년 기준년 연쇄가격","2017","총부가가치(기초가격)",13961600
"구로구","2020년 기준년 연쇄가격","2017","농업, 임업 및 어업",1970
"구로구","2020년 기준년 연쇄가격","2017","광업",-
"구로구","2020년 기준년 연쇄가격","2017","제조업",1839160
"구로구","2020년 기준년 연쇄가격","2017","전기, 가스, 증기 및 공기 조절 공급업",92602
"구로구","2020년 기준년 연쇄가격","2017","건설업",337522
"구로구","2020년 기준년 연쇄가격","2017","도매 및 소매업",1932224
"구로구","2020년 기준년 연쇄가격","2017","운수 및 창고업",351596
"구로구","2020년 기준년 연쇄가격","2017","숙박 및 음식점업",296468
"구로구","2020년 기준년 연쇄가격","2017","정보통신업",3057699
"구로구","2020년 기준년 연쇄가격","2017","금융 및 보험업",482422
"구로구","2020년 기준년 연쇄가격","2017","부동산업",1052419
"구로구","2020년 기준년 연쇄가격","2017","사업서비스업",2670876
"구로구","2020년 기준년 연쇄가격","2017","공공 행정, 국방 및 사회보장 행정",250459
"구로구","2020년 기준년 연쇄가격","2017","교육 서비스업",550294
"구로구","2020년 기준년 연쇄가격","2017","보건업 및 사회복지서비스업",594443
"구로구","2020년 기준년 연쇄가격","2017","문화 및 기타 서비스업",402428
"구로구","2020년 기준년 연쇄가격","2018","지역내총생산(시장가격)",16049312
"구로구","2020년 기준년 연쇄가격","2018","순생산물세",1198067
"구로구","2020년 기준년 연쇄가격","2018","총부가가치(기초가격)",14861303
"구로구","2020년 기준년 연쇄가격","2018","농업, 임업 및 어업",1939
"구로구","2020년 기준년 연쇄가격","2018","광업",8
"구로구","2020년 기준년 연쇄가격","2018","제조업",1853440
"구로구","2020년 기준년 연쇄가격","2018","전기, 가스, 증기 및 공기 조절 공급업",82818
"구로구","2020년 기준년 연쇄가격","2018","건설업",506908
"구로구","2020년 기준년 연쇄가격","2018","도매 및 소매업",2005876
"구로구","2020년 기준년 연쇄가격","2018","운수 및 창고업",358578
"구로구","2020년 기준년 연쇄가격","2018","숙박 및 음식점업",311283
"구로구","2020년 기준년 연쇄가격","2018","정보통신업",3234634
"구로구","2020년 기준년 연쇄가격","2018","금융 및 보험업",531032
"구로구","2020년 기준년 연쇄가격","2018","부동산업",1125144
"구로구","2020년 기준년 연쇄가격","2018","사업서비스업",2948567
"구로구","2020년 기준년 연쇄가격","2018","공공 행정, 국방 및 사회보장 행정",251639
"구로구","2020년 기준년 연쇄가격","2018","교육 서비스업",569927
"구로구","2020년 기준년 연쇄가격","2018","보건업 및 사회복지서비스업",651675
"구로구","2020년 기준년 연쇄가격","2018","문화 및 기타 서비스업",407552
"구로구","2020년 기준년 연쇄가격","2019","지역내총생산(시장가격)",16735429
"구로구","2020년 기준년 연쇄가격","2019","순생산물세",1254309
"구로구","2020년 기준년 연쇄가격","2019","총부가가치(기초가격)",15491888
"구로구","2020년 기준년 연쇄가격","2019","농업, 임업 및 어업",1479
"구로구","2020년 기준년 연쇄가격","2019","광업",7
"구로구","2020년 기준년 연쇄가격","2019","제조업",1952557
"구로구","2020년 기준년 연쇄가격","2019","전기, 가스, 증기 및 공기 조절 공급업",82298
"구로구","2020년 기준년 연쇄가격","2019","건설업",512198
"구로구","2020년 기준년 연쇄가격","2019","도매 및 소매업",1998005
"구로구","2020년 기준년 연쇄가격","2019","운수 및 창고업",365991
"구로구","2020년 기준년 연쇄가격","2019","숙박 및 음식점업",334659
"구로구","2020년 기준년 연쇄가격","2019","정보통신업",3380278
"구로구","2020년 기준년 연쇄가격","2019","금융 및 보험업",547562
"구로구","2020년 기준년 연쇄가격","2019","부동산업",1062756
"구로구","2020년 기준년 연쇄가격","2019","사업서비스업",3179887
"구로구","2020년 기준년 연쇄가격","2019","공공 행정, 국방 및 사회보장 행정",265721
"구로구","2020년 기준년 연쇄가격","2019","교육 서비스업",620928
"구로구","2020년 기준년 연쇄가격","2019","보건업 및 사회복지서비스업",722502
"구로구","2020년 기준년 연쇄가격","2019","문화 및 기타 서비스업",451397
"구로구","2020년 기준년 연쇄가격","2020","지역내총생산(시장가격)",15425228
"구로구","2020년 기준년 연쇄가격","2020","순생산물세",1149578
"구로구","2020년 기준년 연쇄가격","2020","총부가가치(기초가격)",14296118
"구로구","2020년 기준년 연쇄가격","2020","농업, 임업 및 어업",1979
"구로구","2020년 기준년 연쇄가격","2020","광업",665
"구로구","2020년 기준년 연쇄가격","2020","제조업",1742743
"구로구","2020년 기준년 연쇄가격","2020","전기, 가스, 증기 및 공기 조절 공급업",85709
"구로구","2020년 기준년 연쇄가격","2020","건설업",514880
"구로구","2020년 기준년 연쇄가격","2020","도매 및 소매업",1964813
"구로구","2020년 기준년 연쇄가격","2020","운수 및 창고업",328239
"구로구","2020년 기준년 연쇄가격","2020","숙박 및 음식점업",270256
"구로구","2020년 기준년 연쇄가격","2020","정보통신업",2974699
"구로구","2020년 기준년 연쇄가격","2020","금융 및 보험업",478704
"구로구","2020년 기준년 연쇄가격","2020","부동산업",1248780
"구로구","2020년 기준년 연쇄가격","2020","사업서비스업",2676667
"구로구","2020년 기준년 연쇄가격","2020","공공 행정, 국방 및 사회보장 행정",263717
"구로구","2020년 기준년 연쇄가격","2020","교육 서비스업",592560
"구로구","2020년 기준년 연쇄가격","2020","보건업 및 사회복지서비스업",742723
"구로구","2020년 기준년 연쇄가격","2020","문화 및 기타 서비스업",408985
"구로구","2020년 기준년 연쇄가격","2021","지역내총생산(시장가격)",15584791
"구로구","2020년 기준년 연쇄가격","2021","순생산물세",1208890
"구로구","2020년 기준년 연쇄가격","2021","총부가가치(기초가격)",14375901
"구로구","2020년 기준년 연쇄가격","2021","농업, 임업 및 어업",2558
"구로구","2020년 기준년 연쇄가격","2021","광업",-
"구로구","2020년 기준년 연쇄가격","2021","제조업",1762819
"구로구","2020년 기준년 연쇄가격","2021","전기, 가스, 증기 및 공기 조절 공급업",87465
"구로구","2020년 기준년 연쇄가격","2021","건설업",477111
"구로구","2020년 기준년 연쇄가격","2021","도매 및 소매업",1947632
"구로구","2020년 기준년 연쇄가격","2021","운수 및 창고업",385715
"구로구","2020년 기준년 연쇄가격","2021","숙박 및 음식점업",275408
"구로구","2020년 기준년 연쇄가격","2021","정보통신업",2957812
"구로구","2020년 기준년 연쇄가격","2021","금융 및 보험업",596479
"구로구","2020년 기준년 연쇄가격","2021","부동산업",1211181
"구로구","2020년 기준년 연쇄가격","2021","사업서비스업",2581416
"구로구","2020년 기준년 연쇄가격","2021","공공 행정, 국방 및 사회보장 행정",272371
"구로구","2020년 기준년 연쇄가격","2021","교육 서비스업",632988
"구로구","2020년 기준년 연쇄가격","2021","보건업 및 사회복지서비스업",781546
"구로구","2020년 기준년 연쇄가격","2021","문화 및 기타 서비스업",403400
"구로구","2020년 기준년 연쇄가격","2022","지역내총생산(시장가격)",16602101
"구로구","2020년 기준년 연쇄가격","2022","순생산물세",1176663
"구로구","2020년 기준년 연쇄가격","2022","총부가가치(기초가격)",15427991
"구로구","2020년 기준년 연쇄가격","2022","농업, 임업 및 어업",2217
"구로구","2020년 기준년 연쇄가격","2022","광업",16
"구로구","2020년 기준년 연쇄가격","2022","제조업",1782162
"구로구","2020년 기준년 연쇄가격","2022","전기, 가스, 증기 및 공기 조절 공급업",86661
"구로구","2020년 기준년 연쇄가격","2022","건설업",827644
"구로구","2020년 기준년 연쇄가격","2022","도매 및 소매업",2213325
"구로구","2020년 기준년 연쇄가격","2022","운수 및 창고업",444390
"구로구","2020년 기준년 연쇄가격","2022","숙박 및 음식점업",313374
"구로구","2020년 기준년 연쇄가격","2022","정보통신업",3267087
"구로구","2020년 기준년 연쇄가격","2022","금융 및 보험업",514076
"구로구","2020년 기준년 연쇄가격","2022","부동산업",1180766
"구로구","2020년 기준년 연쇄가격","2022","사업서비스업",2559857
"구로구","2020년 기준년 연쇄가격","2022","공공 행정, 국방 및 사회보장 행정",272120
"구로구","2020년 기준년 연쇄가격","2022","교육 서비스업",666183
"구로구","2020년 기준년 연쇄가격","2022","보건업 및 사회복지서비스업",851120
"구로구","2020년 기준년 연쇄가격","2022","문화 및 기타 서비스업",430580
"금천구","2020년 기준년 연쇄가격","2015","지역내총생산(시장가격)",15944389
"금천구","2020년 기준년 연쇄가격","2015","순생산물세",1230594
"금천구","2020년 기준년 연쇄가격","2015","총부가가치(기초가격)",14730706
"금천구","2020년 기준년 연쇄가격","2015","농업, 임업 및 어업",168
"금천구","2020년 기준년 연쇄가격","2015","광업",40
"금천구","2020년 기준년 연쇄가격","2015","제조업",4084362
"금천구","2020년 기준년 연쇄가격","2015","전기, 가스, 증기 및 공기 조절 공급업",75270
"금천구","2020년 기준년 연쇄가격","2015","건설업",289311
"금천구","2020년 기준년 연쇄가격","2015","도매 및 소매업",2453206
"금천구","2020년 기준년 연쇄가격","2015","운수 및 창고업",468438
"금천구","2020년 기준년 연쇄가격","2015","숙박 및 음식점업",209109
"금천구","2020년 기준년 연쇄가격","2015","정보통신업",2737543
"금천구","2020년 기준년 연쇄가격","2015","금융 및 보험업",144083
"금천구","2020년 기준년 연쇄가격","2015","부동산업",784082
"금천구","2020년 기준년 연쇄가격","2015","사업서비스업",2340003
"금천구","2020년 기준년 연쇄가격","2015","공공 행정, 국방 및 사회보장 행정",138771
"금천구","2020년 기준년 연쇄가격","2015","교육 서비스업",326002
"금천구","2020년 기준년 연쇄가격","2015","보건업 및 사회복지서비스업",231386
"금천구","2020년 기준년 연쇄가격","2015","문화 및 기타 서비스업",336821
"금천구","2020년 기준년 연쇄가격","2016","지역내총생산(시장가격)",17795348
"금천구","2020년 기준년 연쇄가격","2016","순생산물세",1357906
"금천구","2020년 기준년 연쇄가격","2016","총부가가치(기초가격)",16454307
"금천구","2020년 기준년 연쇄가격","2016","농업, 임업 및 어업",183
"금천구","2020년 기준년 연쇄가격","2016","광업",30
"금천구","2020년 기준년 연쇄가격","2016","제조업",4320354
"금천구","2020년 기준년 연쇄가격","2016","전기, 가스, 증기 및 공기 조절 공급업",64635
"금천구","2020년 기준년 연쇄가격","2016","건설업",375206
"금천구","2020년 기준년 연쇄가격","2016","도매 및 소매업",2741316
"금천구","2020년 기준년 연쇄가격","2016","운수 및 창고업",431256
"금천구","2020년 기준년 연쇄가격","2016","숙박 및 음식점업",220289
"금천구","2020년 기준년 연쇄가격","2016","정보통신업",2995727
"금천구","2020년 기준년 연쇄가격","2016","금융 및 보험업",139542
"금천구","2020년 기준년 연쇄가격","2016","부동산업",896477
"금천구","2020년 기준년 연쇄가격","2016","사업서비스업",3136840
"금천구","2020년 기준년 연쇄가격","2016","공공 행정, 국방 및 사회보장 행정",139777
"금천구","2020년 기준년 연쇄가격","2016","교육 서비스업",331295
"금천구","2020년 기준년 연쇄가격","2016","보건업 및 사회복지서비스업",257014
"금천구","2020년 기준년 연쇄가격","2016","문화 및 기타 서비스업",346700
"금천구","2020년 기준년 연쇄가격","2017","지역내총생산(시장가격)",19254288
"금천구","2020년 기준년 연쇄가격","2017","순생산물세",1419749
"금천구","2020년 기준년 연쇄가격","2017","총부가가치(기초가격)",17846185
"금천구","2020년 기준년 연쇄가격","2017","농업, 임업 및 어업",201
"금천구","2020년 기준년 연쇄가격","2017","광업",26
"금천구","2020년 기준년 연쇄가격","2017","제조업",4744692
"금천구","2020년 기준년 연쇄가격","2017","전기, 가스, 증기 및 공기 조절 공급업",71422
"금천구","2020년 기준년 연쇄가격","2017","건설업",439862
"금천구","2020년 기준년 연쇄가격","2017","도매 및 소매업",2951344
"금천구","2020년 기준년 연쇄가격","2017","운수 및 창고업",484584
"금천구","2020년 기준년 연쇄가격","2017","숙박 및 음식점업",215139
"금천구","2020년 기준년 연쇄가격","2017","정보통신업",3390952
"금천구","2020년 기준년 연쇄가격","2017","금융 및 보험업",139489
"금천구","2020년 기준년 연쇄가격","2017","부동산업",769245
"금천구","2020년 기준년 연쇄가격","2017","사업서비스업",3463889
"금천구","2020년 기준년 연쇄가격","2017","공공 행정, 국방 및 사회보장 행정",153192
"금천구","2020년 기준년 연쇄가격","2017","교육 서비스업",341819
"금천구","2020년 기준년 연쇄가격","2017","보건업 및 사회복지서비스업",273006
"금천구","2020년 기준년 연쇄가격","2017","문화 및 기타 서비스업",333272
"금천구","2020년 기준년 연쇄가격","2018","지역내총생산(시장가격)",20009759
"금천구","2020년 기준년 연쇄가격","2018","순생산물세",1422715
"금천구","2020년 기준년 연쇄가격","2018","총부가가치(기초가격)",18593609
"금천구","2020년 기준년 연쇄가격","2018","농업, 임업 및 어업",210
"금천구","2020년 기준년 연쇄가격","2018","광업",-
"금천구","2020년 기준년 연쇄가격","2018","제조업",4933697
"금천구","2020년 기준년 연쇄가격","2018","전기, 가스, 증기 및 공기 조절 공급업",61141
"금천구","2020년 기준년 연쇄가격","2018","건설업",539324
"금천구","2020년 기준년 연쇄가격","2018","도매 및 소매업",3049735
"금천구","2020년 기준년 연쇄가격","2018","운수 및 창고업",496924
"금천구","2020년 기준년 연쇄가격","2018","숙박 및 음식점업",231637
"금천구","2020년 기준년 연쇄가격","2018","정보통신업",3740522
"금천구","2020년 기준년 연쇄가격","2018","금융 및 보험업",143550
"금천구","2020년 기준년 연쇄가격","2018","부동산업",1017604
"금천구","2020년 기준년 연쇄가격","2018","사업서비스업",3145485
"금천구","2020년 기준년 연쇄가격","2018","공공 행정, 국방 및 사회보장 행정",152583
"금천구","2020년 기준년 연쇄가격","2018","교육 서비스업",378570
"금천구","2020년 기준년 연쇄가격","2018","보건업 및 사회복지서비스업",291204
"금천구","2020년 기준년 연쇄가격","2018","문화 및 기타 서비스업",333507
"금천구","2020년 기준년 연쇄가격","2019","지역내총생산(시장가격)",20719942
"금천구","2020년 기준년 연쇄가격","2019","순생산물세",1630423
"금천구","2020년 기준년 연쇄가격","2019","총부가가치(기초가격)",19106870
"금천구","2020년 기준년 연쇄가격","2019","농업, 임업 및 어업",128
"금천구","2020년 기준년 연쇄가격","2019","광업",-
"금천구","2020년 기준년 연쇄가격","2019","제조업",4524887
"금천구","2020년 기준년 연쇄가격","2019","전기, 가스, 증기 및 공기 조절 공급업",60054
"금천구","2020년 기준년 연쇄가격","2019","건설업",527141
"금천구","2020년 기준년 연쇄가격","2019","도매 및 소매업",3187559
"금천구","2020년 기준년 연쇄가격","2019","운수 및 창고업",494594
"금천구","2020년 기준년 연쇄가격","2019","숙박 및 음식점업",246850
"금천구","2020년 기준년 연쇄가격","2019","정보통신업",4117632
"금천구","2020년 기준년 연쇄가격","2019","금융 및 보험업",157922
"금천구","2020년 기준년 연쇄가격","2019","부동산업",999002
"금천구","2020년 기준년 연쇄가격","2019","사업서비스업",3556666
"금천구","2020년 기준년 연쇄가격","2019","공공 행정, 국방 및 사회보장 행정",157825
"금천구","2020년 기준년 연쇄가격","2019","교육 서비스업",385074
"금천구","2020년 기준년 연쇄가격","2019","보건업 및 사회복지서비스업",336478
"금천구","2020년 기준년 연쇄가격","2019","문화 및 기타 서비스업",354444
"금천구","2020년 기준년 연쇄가격","2020","지역내총생산(시장가격)",18979687
"금천구","2020년 기준년 연쇄가격","2020","순생산물세",1448772
"금천구","2020년 기준년 연쇄가격","2020","총부가가치(기초가격)",17471251
"금천구","2020년 기준년 연쇄가격","2020","농업, 임업 및 어업",163
"금천구","2020년 기준년 연쇄가격","2020","광업",-
"금천구","2020년 기준년 연쇄가격","2020","제조업",4231425
"금천구","2020년 기준년 연쇄가격","2020","전기, 가스, 증기 및 공기 조절 공급업",66938
"금천구","2020년 기준년 연쇄가격","2020","건설업",561897
"금천구","2020년 기준년 연쇄가격","2020","도매 및 소매업",3052762
"금천구","2020년 기준년 연쇄가격","2020","운수 및 창고업",353070
"금천구","2020년 기준년 연쇄가격","2020","숙박 및 음식점업",201869
"금천구","2020년 기준년 연쇄가격","2020","정보통신업",3483985
"금천구","2020년 기준년 연쇄가격","2020","금융 및 보험업",137328
"금천구","2020년 기준년 연쇄가격","2020","부동산업",1099063
"금천구","2020년 기준년 연쇄가격","2020","사업서비스업",3080141
"금천구","2020년 기준년 연쇄가격","2020","공공 행정, 국방 및 사회보장 행정",158514
"금천구","2020년 기준년 연쇄가격","2020","교육 서비스업",375558
"금천구","2020년 기준년 연쇄가격","2020","보건업 및 사회복지서비스업",333671
"금천구","2020년 기준년 연쇄가격","2020","문화 및 기타 서비스업",334868
"금천구","2020년 기준년 연쇄가격","2021","지역내총생산(시장가격)",19172203
"금천구","2020년 기준년 연쇄가격","2021","순생산물세",1410427
"금천구","2020년 기준년 연쇄가격","2021","총부가가치(기초가격)",17761776
"금천구","2020년 기준년 연쇄가격","2021","농업, 임업 및 어업",220
"금천구","2020년 기준년 연쇄가격","2021","광업",-
"금천구","2020년 기준년 연쇄가격","2021","제조업",4222394
"금천구","2020년 기준년 연쇄가격","2021","전기, 가스, 증기 및 공기 조절 공급업",68422
"금천구","2020년 기준년 연쇄가격","2021","건설업",515401
"금천구","2020년 기준년 연쇄가격","2021","도매 및 소매업",3040370
"금천구","2020년 기준년 연쇄가격","2021","운수 및 창고업",418062
"금천구","2020년 기준년 연쇄가격","2021","숙박 및 음식점업",209167
"금천구","2020년 기준년 연쇄가격","2021","정보통신업",3475103
"금천구","2020년 기준년 연쇄가격","2021","금융 및 보험업",143695
"금천구","2020년 기준년 연쇄가격","2021","부동산업",1110266
"금천구","2020년 기준년 연쇄가격","2021","사업서비스업",3271610
"금천구","2020년 기준년 연쇄가격","2021","공공 행정, 국방 및 사회보장 행정",163730
"금천구","2020년 기준년 연쇄가격","2021","교육 서비스업",429030
"금천구","2020년 기준년 연쇄가격","2021","보건업 및 사회복지서비스업",352039
"금천구","2020년 기준년 연쇄가격","2021","문화 및 기타 서비스업",342266
"금천구","2020년 기준년 연쇄가격","2022","지역내총생산(시장가격)",20429190
"금천구","2020년 기준년 연쇄가격","2022","순생산물세",1374227
"금천구","2020년 기준년 연쇄가격","2022","총부가가치(기초가격)",19059409
"금천구","2020년 기준년 연쇄가격","2022","농업, 임업 및 어업",241
"금천구","2020년 기준년 연쇄가격","2022","광업",-
"금천구","2020년 기준년 연쇄가격","2022","제조업",4250715
"금천구","2020년 기준년 연쇄가격","2022","전기, 가스, 증기 및 공기 조절 공급업",66245
"금천구","2020년 기준년 연쇄가격","2022","건설업",810814
"금천구","2020년 기준년 연쇄가격","2022","도매 및 소매업",3097061
"금천구","2020년 기준년 연쇄가격","2022","운수 및 창고업",548648
"금천구","2020년 기준년 연쇄가격","2022","숙박 및 음식점업",221108
"금천구","2020년 기준년 연쇄가격","2022","정보통신업",3830962
"금천구","2020년 기준년 연쇄가격","2022","금융 및 보험업",171376
"금천구","2020년 기준년 연쇄가격","2022","부동산업",1143984
"금천구","2020년 기준년 연쇄가격","2022","사업서비스업",3576523
"금천구","2020년 기준년 연쇄가격","2022","공공 행정, 국방 및 사회보장 행정",167455
"금천구","2020년 기준년 연쇄가격","2022","교육 서비스업",449042
"금천구","2020년 기준년 연쇄가격","2022","보건업 및 사회복지서비스업",361658
"금천구","2020년 기준년 연쇄가격","2022","문화 및 기타 서비스업",339798
"영등포구","2020년 기준년 연쇄가격","2015","지역내총생산(시장가격)",33345737
"영등포구","2020년 기준년 연쇄가격","2015","순생산물세",3921695
"영등포구","2020년 기준년 연쇄가격","2015","총부가가치(기초가격)",29412898
"영등포구","2020년 기준년 연쇄가격","2015","농업, 임업 및 어업",4162
"영등포구","2020년 기준년 연쇄가격","2015","광업",174
"영등포구","2020년 기준년 연쇄가격","2015","제조업",1064071
"영등포구","2020년 기준년 연쇄가격","2015","전기, 가스, 증기 및 공기 조절 공급업",123862
"영등포구","2020년 기준년 연쇄가격","2015","건설업",536099
"영등포구","2020년 기준년 연쇄가격","2015","도매 및 소매업",4564195
"영등포구","2020년 기준년 연쇄가격","2015","운수 및 창고업",718098
"영등포구","2020년 기준년 연쇄가격","2015","숙박 및 음식점업",625649
"영등포구","2020년 기준년 연쇄가격","2015","정보통신업",2831713
"영등포구","2020년 기준년 연쇄가격","2015","금융 및 보험업",7585765
"영등포구","2020년 기준년 연쇄가격","2015","부동산업",1995343
"영등포구","2020년 기준년 연쇄가격","2015","사업서비스업",6480432
"영등포구","2020년 기준년 연쇄가격","2015","공공 행정, 국방 및 사회보장 행정",820347
"영등포구","2020년 기준년 연쇄가격","2015","교육 서비스업",514582
"영등포구","2020년 기준년 연쇄가격","2015","보건업 및 사회복지서비스업",762386
"영등포구","2020년 기준년 연쇄가격","2015","문화 및 기타 서비스업",806923
"영등포구","2020년 기준년 연쇄가격","2016","지역내총생산(시장가격)",32719907
"영등포구","2020년 기준년 연쇄가격","2016","순생산물세",3799628
"영등포구","2020년 기준년 연쇄가격","2016","총부가가치(기초가격)",28902805
"영등포구","2020년 기준년 연쇄가격","2016","농업, 임업 및 어업",3900
"영등포구","2020년 기준년 연쇄가격","2016","광업",110
"영등포구","2020년 기준년 연쇄가격","2016","제조업",1136295
"영등포구","2020년 기준년 연쇄가격","2016","전기, 가스, 증기 및 공기 조절 공급업",106595
"영등포구","2020년 기준년 연쇄가격","2016","건설업",605919
"영등포구","2020년 기준년 연쇄가격","2016","도매 및 소매업",4670761
"영등포구","2020년 기준년 연쇄가격","2016","운수 및 창고업",664153
"영등포구","2020년 기준년 연쇄가격","2016","숙박 및 음식점업",660784
"영등포구","2020년 기준년 연쇄가격","2016","정보통신업",2933594
"영등포구","2020년 기준년 연쇄가격","2016","금융 및 보험업",7885946
"영등포구","2020년 기준년 연쇄가격","2016","부동산업",2208555
"영등포구","2020년 기준년 연쇄가격","2016","사업서비스업",5054593
"영등포구","2020년 기준년 연쇄가격","2016","공공 행정, 국방 및 사회보장 행정",810080
"영등포구","2020년 기준년 연쇄가격","2016","교육 서비스업",513037
"영등포구","2020년 기준년 연쇄가격","2016","보건업 및 사회복지서비스업",825018
"영등포구","2020년 기준년 연쇄가격","2016","문화 및 기타 서비스업",819904
"영등포구","2020년 기준년 연쇄가격","2017","지역내총생산(시장가격)",33410332
"영등포구","2020년 기준년 연쇄가격","2017","순생산물세",3873614
"영등포구","2020년 기준년 연쇄가격","2017","총부가가치(기초가격)",29518036
"영등포구","2020년 기준년 연쇄가격","2017","농업, 임업 및 어업",3873
"영등포구","2020년 기준년 연쇄가격","2017","광업",85
"영등포구","2020년 기준년 연쇄가격","2017","제조업",1015189
"영등포구","2020년 기준년 연쇄가격","2017","전기, 가스, 증기 및 공기 조절 공급업",116530
"영등포구","2020년 기준년 연쇄가격","2017","건설업",869640
"영등포구","2020년 기준년 연쇄가격","2017","도매 및 소매업",4583006
"영등포구","2020년 기준년 연쇄가격","2017","운수 및 창고업",679769
"영등포구","2020년 기준년 연쇄가격","2017","숙박 및 음식점업",642440
"영등포구","2020년 기준년 연쇄가격","2017","정보통신업",2787090
"영등포구","2020년 기준년 연쇄가격","2017","금융 및 보험업",8434968
"영등포구","2020년 기준년 연쇄가격","2017","부동산업",2088115
"영등포구","2020년 기준년 연쇄가격","2017","사업서비스업",5369946
"영등포구","2020년 기준년 연쇄가격","2017","공공 행정, 국방 및 사회보장 행정",817483
"영등포구","2020년 기준년 연쇄가격","2017","교육 서비스업",492557
"영등포구","2020년 기준년 연쇄가격","2017","보건업 및 사회복지서비스업",870554
"영등포구","2020년 기준년 연쇄가격","2017","문화 및 기타 서비스업",771543
"영등포구","2020년 기준년 연쇄가격","2018","지역내총생산(시장가격)",36249652
"영등포구","2020년 기준년 연쇄가격","2018","순생산물세",4179710
"영등포구","2020년 기준년 연쇄가격","2018","총부가가치(기초가격)",32047152
"영등포구","2020년 기준년 연쇄가격","2018","농업, 임업 및 어업",3563
"영등포구","2020년 기준년 연쇄가격","2018","광업",1037
"영등포구","2020년 기준년 연쇄가격","2018","제조업",1029516
"영등포구","2020년 기준년 연쇄가격","2018","전기, 가스, 증기 및 공기 조절 공급업",101956
"영등포구","2020년 기준년 연쇄가격","2018","건설업",984913
"영등포구","2020년 기준년 연쇄가격","2018","도매 및 소매업",4666652
"영등포구","2020년 기준년 연쇄가격","2018","운수 및 창고업",719495
"영등포구","2020년 기준년 연쇄가격","2018","숙박 및 음식점업",678600
"영등포구","2020년 기준년 연쇄가격","2018","정보통신업",2918735
"영등포구","2020년 기준년 연쇄가격","2018","금융 및 보험업",9782961
"영등포구","2020년 기준년 연쇄가격","2018","부동산업",1961330
"영등포구","2020년 기준년 연쇄가격","2018","사업서비스업",6160542
"영등포구","2020년 기준년 연쇄가격","2018","공공 행정, 국방 및 사회보장 행정",824472
"영등포구","2020년 기준년 연쇄가격","2018","교육 서비스업",498928
"영등포구","2020년 기준년 연쇄가격","2018","보건업 및 사회복지서비스업",969106
"영등포구","2020년 기준년 연쇄가격","2018","문화 및 기타 서비스업",765593
"영등포구","2020년 기준년 연쇄가격","2019","지역내총생산(시장가격)",37986162
"영등포구","2020년 기준년 연쇄가격","2019","순생산물세",4221825
"영등포구","2020년 기준년 연쇄가격","2019","총부가가치(기초가격)",33727295
"영등포구","2020년 기준년 연쇄가격","2019","농업, 임업 및 어업",3056
"영등포구","2020년 기준년 연쇄가격","2019","광업",861
"영등포구","2020년 기준년 연쇄가격","2019","제조업",982134
"영등포구","2020년 기준년 연쇄가격","2019","전기, 가스, 증기 및 공기 조절 공급업",100161
"영등포구","2020년 기준년 연쇄가격","2019","건설업",1250580
"영등포구","2020년 기준년 연쇄가격","2019","도매 및 소매업",4736767
"영등포구","2020년 기준년 연쇄가격","2019","운수 및 창고업",689221
"영등포구","2020년 기준년 연쇄가격","2019","숙박 및 음식점업",735579
"영등포구","2020년 기준년 연쇄가격","2019","정보통신업",2889932
"영등포구","2020년 기준년 연쇄가격","2019","금융 및 보험업",10488674
"영등포구","2020년 기준년 연쇄가격","2019","부동산업",2124335
"영등포구","2020년 기준년 연쇄가격","2019","사업서비스업",6548517
"영등포구","2020년 기준년 연쇄가격","2019","공공 행정, 국방 및 사회보장 행정",850551
"영등포구","2020년 기준년 연쇄가격","2019","교육 서비스업",502202
"영등포구","2020년 기준년 연쇄가격","2019","보건업 및 사회복지서비스업",1049993
"영등포구","2020년 기준년 연쇄가격","2019","문화 및 기타 서비스업",797410
"영등포구","2020년 기준년 연쇄가격","2020","지역내총생산(시장가격)",41642133
"영등포구","2020년 기준년 연쇄가격","2020","순생산물세",5184169
"영등포구","2020년 기준년 연쇄가격","2020","총부가가치(기초가격)",36557912
"영등포구","2020년 기준년 연쇄가격","2020","농업, 임업 및 어업",2372
"영등포구","2020년 기준년 연쇄가격","2020","광업",542
"영등포구","2020년 기준년 연쇄가격","2020","제조업",899034
"영등포구","2020년 기준년 연쇄가격","2020","전기, 가스, 증기 및 공기 조절 공급업",110647
"영등포구","2020년 기준년 연쇄가격","2020","건설업",1237428
"영등포구","2020년 기준년 연쇄가격","2020","도매 및 소매업",4896978
"영등포구","2020년 기준년 연쇄가격","2020","운수 및 창고업",644198
"영등포구","2020년 기준년 연쇄가격","2020","숙박 및 음식점업",586691
"영등포구","2020년 기준년 연쇄가격","2020","정보통신업",3047105
"영등포구","2020년 기준년 연쇄가격","2020","금융 및 보험업",13304035
"영등포구","2020년 기준년 연쇄가격","2020","부동산업",2573214
"영등포구","2020년 기준년 연쇄가격","2020","사업서비스업",6058330
"영등포구","2020년 기준년 연쇄가격","2020","공공 행정, 국방 및 사회보장 행정",843342
"영등포구","2020년 기준년 연쇄가격","2020","교육 서비스업",535748
"영등포구","2020년 기준년 연쇄가격","2020","보건업 및 사회복지서비스업",1088412
"영등포구","2020년 기준년 연쇄가격","2020","문화 및 기타 서비스업",729837
"영등포구","2020년 기준년 연쇄가격","2021","지역내총생산(시장가격)",45370727
"영등포구","2020년 기준년 연쇄가격","2021","순생산물세",5947443
"영등포구","2020년 기준년 연쇄가격","2021","총부가가치(기초가격)",39423284
"영등포구","2020년 기준년 연쇄가격","2021","농업, 임업 및 어업",198
"영등포구","2020년 기준년 연쇄가격","2021","광업",430
"영등포구","2020년 기준년 연쇄가격","2021","제조업",1007018
"영등포구","2020년 기준년 연쇄가격","2021","전기, 가스, 증기 및 공기 조절 공급업",114604
"영등포구","2020년 기준년 연쇄가격","2021","건설업",737523
"영등포구","2020년 기준년 연쇄가격","2021","도매 및 소매업",4896618
"영등포구","2020년 기준년 연쇄가격","2021","운수 및 창고업",801063
"영등포구","2020년 기준년 연쇄가격","2021","숙박 및 음식점업",629790
"영등포구","2020년 기준년 연쇄가격","2021","정보통신업",3688015
"영등포구","2020년 기준년 연쇄가격","2021","금융 및 보험업",15178017
"영등포구","2020년 기준년 연쇄가격","2021","부동산업",2628867
"영등포구","2020년 기준년 연쇄가격","2021","사업서비스업",6445124
"영등포구","2020년 기준년 연쇄가격","2021","공공 행정, 국방 및 사회보장 행정",863187
"영등포구","2020년 기준년 연쇄가격","2021","교육 서비스업",545703
"영등포구","2020년 기준년 연쇄가격","2021","보건업 및 사회복지서비스업",1122513
"영등포구","2020년 기준년 연쇄가격","2021","문화 및 기타 서비스업",764614
"영등포구","2020년 기준년 연쇄가격","2022","지역내총생산(시장가격)",46819949
"영등포구","2020년 기준년 연쇄가격","2022","순생산물세",5732765
"영등포구","2020년 기준년 연쇄가격","2022","총부가가치(기초가격)",41091658
"영등포구","2020년 기준년 연쇄가격","2022","농업, 임업 및 어업",5903
"영등포구","2020년 기준년 연쇄가격","2022","광업",-
"영등포구","2020년 기준년 연쇄가격","2022","제조업",1078160
"영등포구","2020년 기준년 연쇄가격","2022","전기, 가스, 증기 및 공기 조절 공급업",112398
"영등포구","2020년 기준년 연쇄가격","2022","건설업",1704633
"영등포구","2020년 기준년 연쇄가격","2022","도매 및 소매업",5036346
"영등포구","2020년 기준년 연쇄가격","2022","운수 및 창고업",1118337
"영등포구","2020년 기준년 연쇄가격","2022","숙박 및 음식점업",707867
"영등포구","2020년 기준년 연쇄가격","2022","정보통신업",3415050
"영등포구","2020년 기준년 연쇄가격","2022","금융 및 보험업",15321342
"영등포구","2020년 기준년 연쇄가격","2022","부동산업",2384420
"영등포구","2020년 기준년 연쇄가격","2022","사업서비스업",6770168
"영등포구","2020년 기준년 연쇄가격","2022","공공 행정, 국방 및 사회보장 행정",863616
"영등포구","2020년 기준년 연쇄가격","2022","교육 서비스업",563694
"영등포구","2020년 기준년 연쇄가격","2022","보건업 및 사회복지서비스업",1171573
"영등포구","2020년 기준년 연쇄가격","2022","문화 및 기타 서비스업",825779
"동작구","2020년 기준년 연쇄가격","2015","지역내총생산(시장가격)",6216514
"동작구","2020년 기준년 연쇄가격","2015","순생산물세",471351
"동작구","2020년 기준년 연쇄가격","2015","총부가가치(기초가격)",5749454
"동작구","2020년 기준년 연쇄가격","2015","농업, 임업 및 어업",172
"동작구","2020년 기준년 연쇄가격","2015","광업",-
"동작구","2020년 기준년 연쇄가격","2015","제조업",73877
"동작구","2020년 기준년 연쇄가격","2015","전기, 가스, 증기 및 공기 조절 공급업",74994
"동작구","2020년 기준년 연쇄가격","2015","건설업",284396
"동작구","2020년 기준년 연쇄가격","2015","도매 및 소매업",632701
"동작구","2020년 기준년 연쇄가격","2015","운수 및 창고업",105431
"동작구","2020년 기준년 연쇄가격","2015","숙박 및 음식점업",250455
"동작구","2020년 기준년 연쇄가격","2015","정보통신업",420584
"동작구","2020년 기준년 연쇄가격","2015","금융 및 보험업",180854
"동작구","2020년 기준년 연쇄가격","2015","부동산업",1200337
"동작구","2020년 기준년 연쇄가격","2015","사업서비스업",627547
"동작구","2020년 기준년 연쇄가격","2015","공공 행정, 국방 및 사회보장 행정",290843
"동작구","2020년 기준년 연쇄가격","2015","교육 서비스업",781428
"동작구","2020년 기준년 연쇄가격","2015","보건업 및 사회복지서비스업",583390
"동작구","2020년 기준년 연쇄가격","2015","문화 및 기타 서비스업",230672
"동작구","2020년 기준년 연쇄가격","2016","지역내총생산(시장가격)",6577544
"동작구","2020년 기준년 연쇄가격","2016","순생산물세",520615
"동작구","2020년 기준년 연쇄가격","2016","총부가가치(기초가격)",6063868
"동작구","2020년 기준년 연쇄가격","2016","농업, 임업 및 어업",183
"동작구","2020년 기준년 연쇄가격","2016","광업",-
"동작구","2020년 기준년 연쇄가격","2016","제조업",67713
"동작구","2020년 기준년 연쇄가격","2016","전기, 가스, 증기 및 공기 조절 공급업",65626
"동작구","2020년 기준년 연쇄가격","2016","건설업",318231
"동작구","2020년 기준년 연쇄가격","2016","도매 및 소매업",637860
"동작구","2020년 기준년 연쇄가격","2016","운수 및 창고업",100400
"동작구","2020년 기준년 연쇄가격","2016","숙박 및 음식점업",268033
"동작구","2020년 기준년 연쇄가격","2016","정보통신업",418927
"동작구","2020년 기준년 연쇄가격","2016","금융 및 보험업",180545
"동작구","2020년 기준년 연쇄가격","2016","부동산업",1206877
"동작구","2020년 기준년 연쇄가격","2016","사업서비스업",823685
"동작구","2020년 기준년 연쇄가격","2016","공공 행정, 국방 및 사회보장 행정",296389
"동작구","2020년 기준년 연쇄가격","2016","교육 서비스업",809634
"동작구","2020년 기준년 연쇄가격","2016","보건업 및 사회복지서비스업",631739
"동작구","2020년 기준년 연쇄가격","2016","문화 및 기타 서비스업",237742
"동작구","2020년 기준년 연쇄가격","2017","지역내총생산(시장가격)",6866542
"동작구","2020년 기준년 연쇄가격","2017","순생산물세",530895
"동작구","2020년 기준년 연쇄가격","2017","총부가가치(기초가격)",6341455
"동작구","2020년 기준년 연쇄가격","2017","농업, 임업 및 어업",198
"동작구","2020년 기준년 연쇄가격","2017","광업",18
"동작구","2020년 기준년 연쇄가격","2017","제조업",71118
"동작구","2020년 기준년 연쇄가격","2017","전기, 가스, 증기 및 공기 조절 공급업",73118
"동작구","2020년 기준년 연쇄가격","2017","건설업",347314
"동작구","2020년 기준년 연쇄가격","2017","도매 및 소매업",644740
"동작구","2020년 기준년 연쇄가격","2017","운수 및 창고업",105146
"동작구","2020년 기준년 연쇄가격","2017","숙박 및 음식점업",272607
"동작구","2020년 기준년 연쇄가격","2017","정보통신업",451139
"동작구","2020년 기준년 연쇄가격","2017","금융 및 보험업",199743
"동작구","2020년 기준년 연쇄가격","2017","부동산업",1264984
"동작구","2020년 기준년 연쇄가격","2017","사업서비스업",890524
"동작구","2020년 기준년 연쇄가격","2017","공공 행정, 국방 및 사회보장 행정",292602
"동작구","2020년 기준년 연쇄가격","2017","교육 서비스업",827740
"동작구","2020년 기준년 연쇄가격","2017","보건업 및 사회복지서비스업",667527
"동작구","2020년 기준년 연쇄가격","2017","문화 및 기타 서비스업",233809
"동작구","2020년 기준년 연쇄가격","2018","지역내총생산(시장가격)",6904214
"동작구","2020년 기준년 연쇄가격","2018","순생산물세",516330
"동작구","2020년 기준년 연쇄가격","2018","총부가가치(기초가격)",6392315
"동작구","2020년 기준년 연쇄가격","2018","농업, 임업 및 어업",211
"동작구","2020년 기준년 연쇄가격","2018","광업",-
"동작구","2020년 기준년 연쇄가격","2018","제조업",96575
"동작구","2020년 기준년 연쇄가격","2018","전기, 가스, 증기 및 공기 조절 공급업",68516
"동작구","2020년 기준년 연쇄가격","2018","건설업",382527
"동작구","2020년 기준년 연쇄가격","2018","도매 및 소매업",650996
"동작구","2020년 기준년 연쇄가격","2018","운수 및 창고업",100232
"동작구","2020년 기준년 연쇄가격","2018","숙박 및 음식점업",283797
"동작구","2020년 기준년 연쇄가격","2018","정보통신업",434143
"동작구","2020년 기준년 연쇄가격","2018","금융 및 보험업",209234
"동작구","2020년 기준년 연쇄가격","2018","부동산업",1285975
"동작구","2020년 기준년 연쇄가격","2018","사업서비스업",767416
"동작구","2020년 기준년 연쇄가격","2018","공공 행정, 국방 및 사회보장 행정",292873
"동작구","2020년 기준년 연쇄가격","2018","교육 서비스업",851425
"동작구","2020년 기준년 연쇄가격","2018","보건업 및 사회복지서비스업",729567
"동작구","2020년 기준년 연쇄가격","2018","문화 및 기타 서비스업",233483
"동작구","2020년 기준년 연쇄가격","2019","지역내총생산(시장가격)",6825381
"동작구","2020년 기준년 연쇄가격","2019","순생산물세",531349
"동작구","2020년 기준년 연쇄가격","2019","총부가가치(기초가격)",6299432
"동작구","2020년 기준년 연쇄가격","2019","농업, 임업 및 어업",131
"동작구","2020년 기준년 연쇄가격","2019","광업",-
"동작구","2020년 기준년 연쇄가격","2019","제조업",69865
"동작구","2020년 기준년 연쇄가격","2019","전기, 가스, 증기 및 공기 조절 공급업",68366
"동작구","2020년 기준년 연쇄가격","2019","건설업",397377
"동작구","2020년 기준년 연쇄가격","2019","도매 및 소매업",627579
"동작구","2020년 기준년 연쇄가격","2019","운수 및 창고업",106085
"동작구","2020년 기준년 연쇄가격","2019","숙박 및 음식점업",305288
"동작구","2020년 기준년 연쇄가격","2019","정보통신업",422236
"동작구","2020년 기준년 연쇄가격","2019","금융 및 보험업",194804
"동작구","2020년 기준년 연쇄가격","2019","부동산업",1232049
"동작구","2020년 기준년 연쇄가격","2019","사업서비스업",721286
"동작구","2020년 기준년 연쇄가격","2019","공공 행정, 국방 및 사회보장 행정",307346
"동작구","2020년 기준년 연쇄가격","2019","교육 서비스업",805180
"동작구","2020년 기준년 연쇄가격","2019","보건업 및 사회복지서비스업",794871
"동작구","2020년 기준년 연쇄가격","2019","문화 및 기타 서비스업",245788
"동작구","2020년 기준년 연쇄가격","2020","지역내총생산(시장가격)",7158925
"동작구","2020년 기준년 연쇄가격","2020","순생산물세",543356
"동작구","2020년 기준년 연쇄가격","2020","총부가가치(기초가격)",6614846
"동작구","2020년 기준년 연쇄가격","2020","농업, 임업 및 어업",168
"동작구","2020년 기준년 연쇄가격","2020","광업",-
"동작구","2020년 기준년 연쇄가격","2020","제조업",76556
"동작구","2020년 기준년 연쇄가격","2020","전기, 가스, 증기 및 공기 조절 공급업",69644
"동작구","2020년 기준년 연쇄가격","2020","건설업",564882
"동작구","2020년 기준년 연쇄가격","2020","도매 및 소매업",698485
"동작구","2020년 기준년 연쇄가격","2020","운수 및 창고업",73218
"동작구","2020년 기준년 연쇄가격","2020","숙박 및 음식점업",236907
"동작구","2020년 기준년 연쇄가격","2020","정보통신업",564995
"동작구","2020년 기준년 연쇄가격","2020","금융 및 보험업",177027
"동작구","2020년 기준년 연쇄가격","2020","부동산업",1341707
"동작구","2020년 기준년 연쇄가격","2020","사업서비스업",782252
"동작구","2020년 기준년 연쇄가격","2020","공공 행정, 국방 및 사회보장 행정",294524
"동작구","2020년 기준년 연쇄가격","2020","교육 서비스업",749485
"동작구","2020년 기준년 연쇄가격","2020","보건업 및 사회복지서비스업",777336
"동작구","2020년 기준년 연쇄가격","2020","문화 및 기타 서비스업",207660
"동작구","2020년 기준년 연쇄가격","2021","지역내총생산(시장가격)",7065530
"동작구","2020년 기준년 연쇄가격","2021","순생산물세",507934
"동작구","2020년 기준년 연쇄가격","2021","총부가가치(기초가격)",6557596
"동작구","2020년 기준년 연쇄가격","2021","농업, 임업 및 어업",245
"동작구","2020년 기준년 연쇄가격","2021","광업",-
"동작구","2020년 기준년 연쇄가격","2021","제조업",54196
"동작구","2020년 기준년 연쇄가격","2021","전기, 가스, 증기 및 공기 조절 공급업",70439
"동작구","2020년 기준년 연쇄가격","2021","건설업",400076
"동작구","2020년 기준년 연쇄가격","2021","도매 및 소매업",700467
"동작구","2020년 기준년 연쇄가격","2021","운수 및 창고업",80173
"동작구","2020년 기준년 연쇄가격","2021","숙박 및 음식점업",233847
"동작구","2020년 기준년 연쇄가격","2021","정보통신업",564748
"동작구","2020년 기준년 연쇄가격","2021","금융 및 보험업",181633
"동작구","2020년 기준년 연쇄가격","2021","부동산업",1236639
"동작구","2020년 기준년 연쇄가격","2021","사업서비스업",859874
"동작구","2020년 기준년 연쇄가격","2021","공공 행정, 국방 및 사회보장 행정",312591
"동작구","2020년 기준년 연쇄가격","2021","교육 서비스업",790166
"동작구","2020년 기준년 연쇄가격","2021","보건업 및 사회복지서비스업",861918
"동작구","2020년 기준년 연쇄가격","2021","문화 및 기타 서비스업",210584
"동작구","2020년 기준년 연쇄가격","2022","지역내총생산(시장가격)",7335497
"동작구","2020년 기준년 연쇄가격","2022","순생산물세",495508
"동작구","2020년 기준년 연쇄가격","2022","총부가가치(기초가격)",6840842
"동작구","2020년 기준년 연쇄가격","2022","농업, 임업 및 어업",267
"동작구","2020년 기준년 연쇄가격","2022","광업",-
"동작구","2020년 기준년 연쇄가격","2022","제조업",59152
"동작구","2020년 기준년 연쇄가격","2022","전기, 가스, 증기 및 공기 조절 공급업",70229
"동작구","2020년 기준년 연쇄가격","2022","건설업",685435
"동작구","2020년 기준년 연쇄가격","2022","도매 및 소매업",642116
"동작구","2020년 기준년 연쇄가격","2022","운수 및 창고업",93493
"동작구","2020년 기준년 연쇄가격","2022","숙박 및 음식점업",262787
"동작구","2020년 기준년 연쇄가격","2022","정보통신업",636739
"동작구","2020년 기준년 연쇄가격","2022","금융 및 보험업",176065
"동작구","2020년 기준년 연쇄가격","2022","부동산업",1182677
"동작구","2020년 기준년 연쇄가격","2022","사업서비스업",828176
"동작구","2020년 기준년 연쇄가격","2022","공공 행정, 국방 및 사회보장 행정",256926
"동작구","2020년 기준년 연쇄가격","2022","교육 서비스업",840748
"동작구","2020년 기준년 연쇄가격","2022","보건업 및 사회복지서비스업",869240
"동작구","2020년 기준년 연쇄가격","2022","문화 및 기타 서비스업",227764
"관악구","2020년 기준년 연쇄가격","2015","지역내총생산(시장가격)",5610445
"관악구","2020년 기준년 연쇄가격","2015","순생산물세",444625
"관악구","2020년 기준년 연쇄가격","2015","총부가가치(기초가격)",5171013
"관악구","2020년 기준년 연쇄가격","2015","농업, 임업 및 어업",572
"관악구","2020년 기준년 연쇄가격","2015","광업",315
"관악구","2020년 기준년 연쇄가격","2015","제조업",223711
"관악구","2020년 기준년 연쇄가격","2015","전기, 가스, 증기 및 공기 조절 공급업",97670
"관악구","2020년 기준년 연쇄가격","2015","건설업",337944
"관악구","2020년 기준년 연쇄가격","2015","도매 및 소매업",544152
"관악구","2020년 기준년 연쇄가격","2015","운수 및 창고업",167963
"관악구","2020년 기준년 연쇄가격","2015","숙박 및 음식점업",350538
"관악구","2020년 기준년 연쇄가격","2015","정보통신업",298687
"관악구","2020년 기준년 연쇄가격","2015","금융 및 보험업",130348
"관악구","2020년 기준년 연쇄가격","2015","부동산업",996089
"관악구","2020년 기준년 연쇄가격","2015","사업서비스업",664728
"관악구","2020년 기준년 연쇄가격","2015","공공 행정, 국방 및 사회보장 행정",196288
"관악구","2020년 기준년 연쇄가격","2015","교육 서비스업",482525
"관악구","2020년 기준년 연쇄가격","2015","보건업 및 사회복지서비스업",388876
"관악구","2020년 기준년 연쇄가격","2015","문화 및 기타 서비스업",342262
"관악구","2020년 기준년 연쇄가격","2016","지역내총생산(시장가격)",6458195
"관악구","2020년 기준년 연쇄가격","2016","순생산물세",465787
"관악구","2020년 기준년 연쇄가격","2016","총부가가치(기초가격)",5992572
"관악구","2020년 기준년 연쇄가격","2016","농업, 임업 및 어업",682
"관악구","2020년 기준년 연쇄가격","2016","광업",496
"관악구","2020년 기준년 연쇄가격","2016","제조업",200519
"관악구","2020년 기준년 연쇄가격","2016","전기, 가스, 증기 및 공기 조절 공급업",85678
"관악구","2020년 기준년 연쇄가격","2016","건설업",310408
"관악구","2020년 기준년 연쇄가격","2016","도매 및 소매업",553969
"관악구","2020년 기준년 연쇄가격","2016","운수 및 창고업",161656
"관악구","2020년 기준년 연쇄가격","2016","숙박 및 음식점업",363430
"관악구","2020년 기준년 연쇄가격","2016","정보통신업",290672
"관악구","2020년 기준년 연쇄가격","2016","금융 및 보험업",144740
"관악구","2020년 기준년 연쇄가격","2016","부동산업",1008637
"관악구","2020년 기준년 연쇄가격","2016","사업서비스업",1546437
"관악구","2020년 기준년 연쇄가격","2016","공공 행정, 국방 및 사회보장 행정",199315
"관악구","2020년 기준년 연쇄가격","2016","교육 서비스업",466463
"관악구","2020년 기준년 연쇄가격","2016","보건업 및 사회복지서비스업",411450
"관악구","2020년 기준년 연쇄가격","2016","문화 및 기타 서비스업",337063
"관악구","2020년 기준년 연쇄가격","2017","지역내총생산(시장가격)",5602565
"관악구","2020년 기준년 연쇄가격","2017","순생산물세",464185
"관악구","2020년 기준년 연쇄가격","2017","총부가가치(기초가격)",5146158
"관악구","2020년 기준년 연쇄가격","2017","농업, 임업 및 어업",746
"관악구","2020년 기준년 연쇄가격","2017","광업",462
"관악구","2020년 기준년 연쇄가격","2017","제조업",201802
"관악구","2020년 기준년 연쇄가격","2017","전기, 가스, 증기 및 공기 조절 공급업",96867
"관악구","2020년 기준년 연쇄가격","2017","건설업",299698
"관악구","2020년 기준년 연쇄가격","2017","도매 및 소매업",561302
"관악구","2020년 기준년 연쇄가격","2017","운수 및 창고업",171423
"관악구","2020년 기준년 연쇄가격","2017","숙박 및 음식점업",369226
"관악구","2020년 기준년 연쇄가격","2017","정보통신업",336789
"관악구","2020년 기준년 연쇄가격","2017","금융 및 보험업",157922
"관악구","2020년 기준년 연쇄가격","2017","부동산업",982025
"관악구","2020년 기준년 연쇄가격","2017","사업서비스업",539188
"관악구","2020년 기준년 연쇄가격","2017","공공 행정, 국방 및 사회보장 행정",207358
"관악구","2020년 기준년 연쇄가격","2017","교육 서비스업",468774
"관악구","2020년 기준년 연쇄가격","2017","보건업 및 사회복지서비스업",430604
"관악구","2020년 기준년 연쇄가격","2017","문화 및 기타 서비스업",330211
"관악구","2020년 기준년 연쇄가격","2018","지역내총생산(시장가격)",5558099
"관악구","2020년 기준년 연쇄가격","2018","순생산물세",445213
"관악구","2020년 기준년 연쇄가격","2018","총부가가치(기초가격)",5119274
"관악구","2020년 기준년 연쇄가격","2018","농업, 임업 및 어업",890
"관악구","2020년 기준년 연쇄가격","2018","광업",-
"관악구","2020년 기준년 연쇄가격","2018","제조업",175796
"관악구","2020년 기준년 연쇄가격","2018","전기, 가스, 증기 및 공기 조절 공급업",89337
"관악구","2020년 기준년 연쇄가격","2018","건설업",352625
"관악구","2020년 기준년 연쇄가격","2018","도매 및 소매업",543943
"관악구","2020년 기준년 연쇄가격","2018","운수 및 창고업",168757
"관악구","2020년 기준년 연쇄가격","2018","숙박 및 음식점업",381314
"관악구","2020년 기준년 연쇄가격","2018","정보통신업",363165
"관악구","2020년 기준년 연쇄가격","2018","금융 및 보험업",153982
"관악구","2020년 기준년 연쇄가격","2018","부동산업",970897
"관악구","2020년 기준년 연쇄가격","2018","사업서비스업",431762
"관악구","2020년 기준년 연쇄가격","2018","공공 행정, 국방 및 사회보장 행정",207449
"관악구","2020년 기준년 연쇄가격","2018","교육 서비스업",481874
"관악구","2020년 기준년 연쇄가격","2018","보건업 및 사회복지서비스업",478379
"관악구","2020년 기준년 연쇄가격","2018","문화 및 기타 서비스업",323952
"관악구","2020년 기준년 연쇄가격","2019","지역내총생산(시장가격)",5714487
"관악구","2020년 기준년 연쇄가격","2019","순생산물세",463741
"관악구","2020년 기준년 연쇄가격","2019","총부가가치(기초가격)",5257613
"관악구","2020년 기준년 연쇄가격","2019","농업, 임업 및 어업",496
"관악구","2020년 기준년 연쇄가격","2019","광업",-
"관악구","2020년 기준년 연쇄가격","2019","제조업",171134
"관악구","2020년 기준년 연쇄가격","2019","전기, 가스, 증기 및 공기 조절 공급업",88665
"관악구","2020년 기준년 연쇄가격","2019","건설업",362590
"관악구","2020년 기준년 연쇄가격","2019","도매 및 소매업",562154
"관악구","2020년 기준년 연쇄가격","2019","운수 및 창고업",137457
"관악구","2020년 기준년 연쇄가격","2019","숙박 및 음식점업",413826
"관악구","2020년 기준년 연쇄가격","2019","정보통신업",382327
"관악구","2020년 기준년 연쇄가격","2019","금융 및 보험업",154476
"관악구","2020년 기준년 연쇄가격","2019","부동산업",975042
"관악구","2020년 기준년 연쇄가격","2019","사업서비스업",440905
"관악구","2020년 기준년 연쇄가격","2019","공공 행정, 국방 및 사회보장 행정",204368
"관악구","2020년 기준년 연쇄가격","2019","교육 서비스업",500376
"관악구","2020년 기준년 연쇄가격","2019","보건업 및 사회복지서비스업",525508
"관악구","2020년 기준년 연쇄가격","2019","문화 및 기타 서비스업",337993
"관악구","2020년 기준년 연쇄가격","2020","지역내총생산(시장가격)",5857885
"관악구","2020년 기준년 연쇄가격","2020","순생산물세",437716
"관악구","2020년 기준년 연쇄가격","2020","총부가가치(기초가격)",5427378
"관악구","2020년 기준년 연쇄가격","2020","농업, 임업 및 어업",612
"관악구","2020년 기준년 연쇄가격","2020","광업",-
"관악구","2020년 기준년 연쇄가격","2020","제조업",167471
"관악구","2020년 기준년 연쇄가격","2020","전기, 가스, 증기 및 공기 조절 공급업",91138
"관악구","2020년 기준년 연쇄가격","2020","건설업",352142
"관악구","2020년 기준년 연쇄가격","2020","도매 및 소매업",637587
"관악구","2020년 기준년 연쇄가격","2020","운수 및 창고업",113257
"관악구","2020년 기준년 연쇄가격","2020","숙박 및 음식점업",339247
"관악구","2020년 기준년 연쇄가격","2020","정보통신업",444611
"관악구","2020년 기준년 연쇄가격","2020","금융 및 보험업",122831
"관악구","2020년 기준년 연쇄가격","2020","부동산업",1002656
"관악구","2020년 기준년 연쇄가격","2020","사업서비스업",594440
"관악구","2020년 기준년 연쇄가격","2020","공공 행정, 국방 및 사회보장 행정",213070
"관악구","2020년 기준년 연쇄가격","2020","교육 서비스업",503324
"관악구","2020년 기준년 연쇄가격","2020","보건업 및 사회복지서비스업",537182
"관악구","2020년 기준년 연쇄가격","2020","문화 및 기타 서비스업",307810
"관악구","2020년 기준년 연쇄가격","2021","지역내총생산(시장가격)",6037420
"관악구","2020년 기준년 연쇄가격","2021","순생산물세",440869
"관악구","2020년 기준년 연쇄가격","2021","총부가가치(기초가격)",5596551
"관악구","2020년 기준년 연쇄가격","2021","농업, 임업 및 어업",984
"관악구","2020년 기준년 연쇄가격","2021","광업",14
"관악구","2020년 기준년 연쇄가격","2021","제조업",166603
"관악구","2020년 기준년 연쇄가격","2021","전기, 가스, 증기 및 공기 조절 공급업",92385
"관악구","2020년 기준년 연쇄가격","2021","건설업",358262
"관악구","2020년 기준년 연쇄가격","2021","도매 및 소매업",630350
"관악구","2020년 기준년 연쇄가격","2021","운수 및 창고업",131516
"관악구","2020년 기준년 연쇄가격","2021","숙박 및 음식점업",353571
"관악구","2020년 기준년 연쇄가격","2021","정보통신업",571343
"관악구","2020년 기준년 연쇄가격","2021","금융 및 보험업",128577
"관악구","2020년 기준년 연쇄가격","2021","부동산업",973125
"관악구","2020년 기준년 연쇄가격","2021","사업서비스업",554973
"관악구","2020년 기준년 연쇄가격","2021","공공 행정, 국방 및 사회보장 행정",226895
"관악구","2020년 기준년 연쇄가격","2021","교육 서비스업",535862
"관악구","2020년 기준년 연쇄가격","2021","보건업 및 사회복지서비스업",564062
"관악구","2020년 기준년 연쇄가격","2021","문화 및 기타 서비스업",308031
"관악구","2020년 기준년 연쇄가격","2022","지역내총생산(시장가격)",6383565
"관악구","2020년 기준년 연쇄가격","2022","순생산물세",431137
"관악구","2020년 기준년 연쇄가격","2022","총부가가치(기초가격)",5954129
"관악구","2020년 기준년 연쇄가격","2022","농업, 임업 및 어업",1050
"관악구","2020년 기준년 연쇄가격","2022","광업",12
"관악구","2020년 기준년 연쇄가격","2022","제조업",184054
"관악구","2020년 기준년 연쇄가격","2022","전기, 가스, 증기 및 공기 조절 공급업",92287
"관악구","2020년 기준년 연쇄가격","2022","건설업",670246
"관악구","2020년 기준년 연쇄가격","2022","도매 및 소매업",614650
"관악구","2020년 기준년 연쇄가격","2022","운수 및 창고업",145431
"관악구","2020년 기준년 연쇄가격","2022","숙박 및 음식점업",386583
"관악구","2020년 기준년 연쇄가격","2022","정보통신업",521239
"관악구","2020년 기준년 연쇄가격","2022","금융 및 보험업",150757
"관악구","2020년 기준년 연쇄가격","2022","부동산업",908404
"관악구","2020년 기준년 연쇄가격","2022","사업서비스업",558979
"관악구","2020년 기준년 연쇄가격","2022","공공 행정, 국방 및 사회보장 행정",224930
"관악구","2020년 기준년 연쇄가격","2022","교육 서비스업",572684
"관악구","2020년 기준년 연쇄가격","2022","보건업 및 사회복지서비스업",584120
"관악구","2020년 기준년 연쇄가격","2022","문화 및 기타 서비스업",325646
"서초구","2020년 기준년 연쇄가격","2015","지역내총생산(시장가격)",33004839
"서초구","2020년 기준년 연쇄가격","2015","순생산물세",2826814
"서초구","2020년 기준년 연쇄가격","2015","총부가가치(기초가격)",30200817
"서초구","2020년 기준년 연쇄가격","2015","농업, 임업 및 어업",224688
"서초구","2020년 기준년 연쇄가격","2015","광업",1052
"서초구","2020년 기준년 연쇄가격","2015","제조업",1049904
"서초구","2020년 기준년 연쇄가격","2015","전기, 가스, 증기 및 공기 조절 공급업",164286
"서초구","2020년 기준년 연쇄가격","2015","건설업",927855
"서초구","2020년 기준년 연쇄가격","2015","도매 및 소매업",5721059
"서초구","2020년 기준년 연쇄가격","2015","운수 및 창고업",581369
"서초구","2020년 기준년 연쇄가격","2015","숙박 및 음식점업",914005
"서초구","2020년 기준년 연쇄가격","2015","정보통신업",2755694
"서초구","2020년 기준년 연쇄가격","2015","금융 및 보험업",1408423
"서초구","2020년 기준년 연쇄가격","2015","부동산업",4106767
"서초구","2020년 기준년 연쇄가격","2015","사업서비스업",6613033
"서초구","2020년 기준년 연쇄가격","2015","공공 행정, 국방 및 사회보장 행정",1957226
"서초구","2020년 기준년 연쇄가격","2015","교육 서비스업",1355297
"서초구","2020년 기준년 연쇄가격","2015","보건업 및 사회복지서비스업",1298957
"서초구","2020년 기준년 연쇄가격","2015","문화 및 기타 서비스업",1080201
"서초구","2020년 기준년 연쇄가격","2016","지역내총생산(시장가격)",36111127
"서초구","2020년 기준년 연쇄가격","2016","순생산물세",3155867
"서초구","2020년 기준년 연쇄가격","2016","총부가가치(기초가격)",32987064
"서초구","2020년 기준년 연쇄가격","2016","농업, 임업 및 어업",205038
"서초구","2020년 기준년 연쇄가격","2016","광업",787
"서초구","2020년 기준년 연쇄가격","2016","제조업",947912
"서초구","2020년 기준년 연쇄가격","2016","전기, 가스, 증기 및 공기 조절 공급업",141125
"서초구","2020년 기준년 연쇄가격","2016","건설업",1022980
"서초구","2020년 기준년 연쇄가격","2016","도매 및 소매업",5870521
"서초구","2020년 기준년 연쇄가격","2016","운수 및 창고업",527808
"서초구","2020년 기준년 연쇄가격","2016","숙박 및 음식점업",934081
"서초구","2020년 기준년 연쇄가격","2016","정보통신업",2901077
"서초구","2020년 기준년 연쇄가격","2016","금융 및 보험업",1944629
"서초구","2020년 기준년 연쇄가격","2016","부동산업",4324222
"서초구","2020년 기준년 연쇄가격","2016","사업서비스업",8463962
"서초구","2020년 기준년 연쇄가격","2016","공공 행정, 국방 및 사회보장 행정",1890286
"서초구","2020년 기준년 연쇄가격","2016","교육 서비스업",1334421
"서초구","2020년 기준년 연쇄가격","2016","보건업 및 사회복지서비스업",1380095
"서초구","2020년 기준년 연쇄가격","2016","문화 및 기타 서비스업",1101928
"서초구","2020년 기준년 연쇄가격","2017","지역내총생산(시장가격)",35800614
"서초구","2020년 기준년 연쇄가격","2017","순생산물세",3193243
"서초구","2020년 기준년 연쇄가격","2017","총부가가치(기초가격)",32646207
"서초구","2020년 기준년 연쇄가격","2017","농업, 임업 및 어업",175576
"서초구","2020년 기준년 연쇄가격","2017","광업",376
"서초구","2020년 기준년 연쇄가격","2017","제조업",764499
"서초구","2020년 기준년 연쇄가격","2017","전기, 가스, 증기 및 공기 조절 공급업",151223
"서초구","2020년 기준년 연쇄가격","2017","건설업",836212
"서초구","2020년 기준년 연쇄가격","2017","도매 및 소매업",6017593
"서초구","2020년 기준년 연쇄가격","2017","운수 및 창고업",524173
"서초구","2020년 기준년 연쇄가격","2017","숙박 및 음식점업",903267
"서초구","2020년 기준년 연쇄가격","2017","정보통신업",2860062
"서초구","2020년 기준년 연쇄가격","2017","금융 및 보험업",2000623
"서초구","2020년 기준년 연쇄가격","2017","부동산업",4527730
"서초구","2020년 기준년 연쇄가격","2017","사업서비스업",7978320
"서초구","2020년 기준년 연쇄가격","2017","공공 행정, 국방 및 사회보장 행정",1988654
"서초구","2020년 기준년 연쇄가격","2017","교육 서비스업",1306854
"서초구","2020년 기준년 연쇄가격","2017","보건업 및 사회복지서비스업",1474514
"서초구","2020년 기준년 연쇄가격","2017","문화 및 기타 서비스업",1103016
"서초구","2020년 기준년 연쇄가격","2018","지역내총생산(시장가격)",37635448
"서초구","2020년 기준년 연쇄가격","2018","순생산물세",3285868
"서초구","2020년 기준년 연쇄가격","2018","총부가가치(기초가격)",34384591
"서초구","2020년 기준년 연쇄가격","2018","농업, 임업 및 어업",210098
"서초구","2020년 기준년 연쇄가격","2018","광업",637
"서초구","2020년 기준년 연쇄가격","2018","제조업",765575
"서초구","2020년 기준년 연쇄가격","2018","전기, 가스, 증기 및 공기 조절 공급업",127293
"서초구","2020년 기준년 연쇄가격","2018","건설업",970273
"서초구","2020년 기준년 연쇄가격","2018","도매 및 소매업",6139227
"서초구","2020년 기준년 연쇄가격","2018","운수 및 창고업",586622
"서초구","2020년 기준년 연쇄가격","2018","숙박 및 음식점업",955269
"서초구","2020년 기준년 연쇄가격","2018","정보통신업",2928180
"서초구","2020년 기준년 연쇄가격","2018","금융 및 보험업",2282628
"서초구","2020년 기준년 연쇄가격","2018","부동산업",4750562
"서초구","2020년 기준년 연쇄가격","2018","사업서비스업",8584519
"서초구","2020년 기준년 연쇄가격","2018","공공 행정, 국방 및 사회보장 행정",2031943
"서초구","2020년 기준년 연쇄가격","2018","교육 서비스업",1338174
"서초구","2020년 기준년 연쇄가격","2018","보건업 및 사회복지서비스업",1591520
"서초구","2020년 기준년 연쇄가격","2018","문화 및 기타 서비스업",1105177
"서초구","2020년 기준년 연쇄가격","2019","지역내총생산(시장가격)",38309872
"서초구","2020년 기준년 연쇄가격","2019","순생산물세",3273824
"서초구","2020년 기준년 연쇄가격","2019","총부가가치(기초가격)",35068048
"서초구","2020년 기준년 연쇄가격","2019","농업, 임업 및 어업",239971
"서초구","2020년 기준년 연쇄가격","2019","광업",799
"서초구","2020년 기준년 연쇄가격","2019","제조업",797705
"서초구","2020년 기준년 연쇄가격","2019","전기, 가스, 증기 및 공기 조절 공급업",122857
"서초구","2020년 기준년 연쇄가격","2019","건설업",924416
"서초구","2020년 기준년 연쇄가격","2019","도매 및 소매업",6143448
"서초구","2020년 기준년 연쇄가격","2019","운수 및 창고업",617100
"서초구","2020년 기준년 연쇄가격","2019","숙박 및 음식점업",997063
"서초구","2020년 기준년 연쇄가격","2019","정보통신업",3195996
"서초구","2020년 기준년 연쇄가격","2019","금융 및 보험업",2218732
"서초구","2020년 기준년 연쇄가격","2019","부동산업",4797210
"서초구","2020년 기준년 연쇄가격","2019","사업서비스업",8754349
"서초구","2020년 기준년 연쇄가격","2019","공공 행정, 국방 및 사회보장 행정",1940060
"서초구","2020년 기준년 연쇄가격","2019","교육 서비스업",1444310
"서초구","2020년 기준년 연쇄가격","2019","보건업 및 사회복지서비스업",1694759
"서초구","2020년 기준년 연쇄가격","2019","문화 및 기타 서비스업",1181572
"서초구","2020년 기준년 연쇄가격","2020","지역내총생산(시장가격)",37542003
"서초구","2020년 기준년 연쇄가격","2020","순생산물세",3120495
"서초구","2020년 기준년 연쇄가격","2020","총부가가치(기초가격)",34752654
"서초구","2020년 기준년 연쇄가격","2020","농업, 임업 및 어업",237049
"서초구","2020년 기준년 연쇄가격","2020","광업",3930
"서초구","2020년 기준년 연쇄가격","2020","제조업",786321
"서초구","2020년 기준년 연쇄가격","2020","전기, 가스, 증기 및 공기 조절 공급업",133569
"서초구","2020년 기준년 연쇄가격","2020","건설업",851576
"서초구","2020년 기준년 연쇄가격","2020","도매 및 소매업",6279532
"서초구","2020년 기준년 연쇄가격","2020","운수 및 창고업",789200
"서초구","2020년 기준년 연쇄가격","2020","숙박 및 음식점업",759201
"서초구","2020년 기준년 연쇄가격","2020","정보통신업",3247545
"서초구","2020년 기준년 연쇄가격","2020","금융 및 보험업",2441933
"서초구","2020년 기준년 연쇄가격","2020","부동산업",4971336
"서초구","2020년 기준년 연쇄가격","2020","사업서비스업",8081874
"서초구","2020년 기준년 연쇄가격","2020","공공 행정, 국방 및 사회보장 행정",1943972
"서초구","2020년 기준년 연쇄가격","2020","교육 서비스업",1438740
"서초구","2020년 기준년 연쇄가격","2020","보건업 및 사회복지서비스업",1797034
"서초구","2020년 기준년 연쇄가격","2020","문화 및 기타 서비스업",989843
"서초구","2020년 기준년 연쇄가격","2021","지역내총생산(시장가격)",39655987
"서초구","2020년 기준년 연쇄가격","2021","순생산물세",3302750
"서초구","2020년 기준년 연쇄가격","2021","총부가가치(기초가격)",36353236
"서초구","2020년 기준년 연쇄가격","2021","농업, 임업 및 어업",283925
"서초구","2020년 기준년 연쇄가격","2021","광업",667
"서초구","2020년 기준년 연쇄가격","2021","제조업",936507
"서초구","2020년 기준년 연쇄가격","2021","전기, 가스, 증기 및 공기 조절 공급업",134315
"서초구","2020년 기준년 연쇄가격","2021","건설업",1012794
"서초구","2020년 기준년 연쇄가격","2021","도매 및 소매업",6186078
"서초구","2020년 기준년 연쇄가격","2021","운수 및 창고업",875840
"서초구","2020년 기준년 연쇄가격","2021","숙박 및 음식점업",734579
"서초구","2020년 기준년 연쇄가격","2021","정보통신업",3648866
"서초구","2020년 기준년 연쇄가격","2021","금융 및 보험업",2597979
"서초구","2020년 기준년 연쇄가격","2021","부동산업",5229801
"서초구","2020년 기준년 연쇄가격","2021","사업서비스업",8037921
"서초구","2020년 기준년 연쇄가격","2021","공공 행정, 국방 및 사회보장 행정",2073964
"서초구","2020년 기준년 연쇄가격","2021","교육 서비스업",1622734
"서초구","2020년 기준년 연쇄가격","2021","보건업 및 사회복지서비스업",1952697
"서초구","2020년 기준년 연쇄가격","2021","문화 및 기타 서비스업",1024570
"서초구","2020년 기준년 연쇄가격","2022","지역내총생산(시장가격)",38797767
"서초구","2020년 기준년 연쇄가격","2022","순생산물세",3211224
"서초구","2020년 기준년 연쇄가격","2022","총부가가치(기초가격)",35587185
"서초구","2020년 기준년 연쇄가격","2022","농업, 임업 및 어업",211655
"서초구","2020년 기준년 연쇄가격","2022","광업",777
"서초구","2020년 기준년 연쇄가격","2022","제조업",926581
"서초구","2020년 기준년 연쇄가격","2022","전기, 가스, 증기 및 공기 조절 공급업",128241
"서초구","2020년 기준년 연쇄가격","2022","건설업",491922
"서초구","2020년 기준년 연쇄가격","2022","도매 및 소매업",5995106
"서초구","2020년 기준년 연쇄가격","2022","운수 및 창고업",971115
"서초구","2020년 기준년 연쇄가격","2022","숙박 및 음식점업",796636
"서초구","2020년 기준년 연쇄가격","2022","정보통신업",3617909
"서초구","2020년 기준년 연쇄가격","2022","금융 및 보험업",2091847
"서초구","2020년 기준년 연쇄가격","2022","부동산업",5097502
"서초구","2020년 기준년 연쇄가격","2022","사업서비스업",8229920
"서초구","2020년 기준년 연쇄가격","2022","공공 행정, 국방 및 사회보장 행정",2175655
"서초구","2020년 기준년 연쇄가격","2022","교육 서비스업",1641911
"서초구","2020년 기준년 연쇄가격","2022","보건업 및 사회복지서비스업",2057385
"서초구","2020년 기준년 연쇄가격","2022","문화 및 기타 서비스업",1159938
"강남구","2020년 기준년 연쇄가격","2015","지역내총생산(시장가격)",75488392
"강남구","2020년 기준년 연쇄가격","2015","순생산물세",6782149
"강남구","2020년 기준년 연쇄가격","2015","총부가가치(기초가격)",68767451
"강남구","2020년 기준년 연쇄가격","2015","농업, 임업 및 어업",29781
"강남구","2020년 기준년 연쇄가격","2015","광업",940
"강남구","2020년 기준년 연쇄가격","2015","제조업",3180677
"강남구","2020년 기준년 연쇄가격","2015","전기, 가스, 증기 및 공기 조절 공급업",227352
"강남구","2020년 기준년 연쇄가격","2015","건설업",1226745
"강남구","2020년 기준년 연쇄가격","2015","도매 및 소매업",17354221
"강남구","2020년 기준년 연쇄가격","2015","운수 및 창고업",876080
"강남구","2020년 기준년 연쇄가격","2015","숙박 및 음식점업",1619241
"강남구","2020년 기준년 연쇄가격","2015","정보통신업",7360964
"강남구","2020년 기준년 연쇄가격","2015","금융 및 보험업",2908146
"강남구","2020년 기준년 연쇄가격","2015","부동산업",9480007
"강남구","2020년 기준년 연쇄가격","2015","사업서비스업",17842648
"강남구","2020년 기준년 연쇄가격","2015","공공 행정, 국방 및 사회보장 행정",331987
"강남구","2020년 기준년 연쇄가격","2015","교육 서비스업",1811500
"강남구","2020년 기준년 연쇄가격","2015","보건업 및 사회복지서비스업",2991465
"강남구","2020년 기준년 연쇄가격","2015","문화 및 기타 서비스업",1592682
"강남구","2020년 기준년 연쇄가격","2016","지역내총생산(시장가격)",74271972
"강남구","2020년 기준년 연쇄가격","2016","순생산물세",7128682
"강남구","2020년 기준년 연쇄가격","2016","총부가가치(기초가격)",67255152
"강남구","2020년 기준년 연쇄가격","2016","농업, 임업 및 어업",21339
"강남구","2020년 기준년 연쇄가격","2016","광업",169
"강남구","2020년 기준년 연쇄가격","2016","제조업",2966848
"강남구","2020년 기준년 연쇄가격","2016","전기, 가스, 증기 및 공기 조절 공급업",189399
"강남구","2020년 기준년 연쇄가격","2016","건설업",1307209
"강남구","2020년 기준년 연쇄가격","2016","도매 및 소매업",17799536
"강남구","2020년 기준년 연쇄가격","2016","운수 및 창고업",780552
"강남구","2020년 기준년 연쇄가격","2016","숙박 및 음식점업",1577603
"강남구","2020년 기준년 연쇄가격","2016","정보통신업",7585760
"강남구","2020년 기준년 연쇄가격","2016","금융 및 보험업",2942555
"강남구","2020년 기준년 연쇄가격","2016","부동산업",9896103
"강남구","2020년 기준년 연쇄가격","2016","사업서비스업",15291220
"강남구","2020년 기준년 연쇄가격","2016","공공 행정, 국방 및 사회보장 행정",298048
"강남구","2020년 기준년 연쇄가격","2016","교육 서비스업",1824268
"강남구","2020년 기준년 연쇄가격","2016","보건업 및 사회복지서비스업",3150536
"강남구","2020년 기준년 연쇄가격","2016","문화 및 기타 서비스업",1591414
"강남구","2020년 기준년 연쇄가격","2017","지역내총생산(시장가격)",76459126
"강남구","2020년 기준년 연쇄가격","2017","순생산물세",7282548
"강남구","2020년 기준년 연쇄가격","2017","총부가가치(기초가격)",69285055
"강남구","2020년 기준년 연쇄가격","2017","농업, 임업 및 어업",17507
"강남구","2020년 기준년 연쇄가격","2017","광업",53
"강남구","2020년 기준년 연쇄가격","2017","제조업",3232588
"강남구","2020년 기준년 연쇄가격","2017","전기, 가스, 증기 및 공기 조절 공급업",204101
"강남구","2020년 기준년 연쇄가격","2017","건설업",1514248
"강남구","2020년 기준년 연쇄가격","2017","도매 및 소매업",17975369
"강남구","2020년 기준년 연쇄가격","2017","운수 및 창고업",824424
"강남구","2020년 기준년 연쇄가격","2017","숙박 및 음식점업",1607987
"강남구","2020년 기준년 연쇄가격","2017","정보통신업",7893279
"강남구","2020년 기준년 연쇄가격","2017","금융 및 보험업",3220465
"강남구","2020년 기준년 연쇄가격","2017","부동산업",10371540
"강남구","2020년 기준년 연쇄가격","2017","사업서비스업",15363564
"강남구","2020년 기준년 연쇄가격","2017","공공 행정, 국방 및 사회보장 행정",328024
"강남구","2020년 기준년 연쇄가격","2017","교육 서비스업",1734035
"강남구","2020년 기준년 연쇄가격","2017","보건업 및 사회복지서비스업",3361014
"강남구","2020년 기준년 연쇄가격","2017","문화 및 기타 서비스업",1627116
"강남구","2020년 기준년 연쇄가격","2018","지역내총생산(시장가격)",80335696
"강남구","2020년 기준년 연쇄가격","2018","순생산물세",7300936
"강남구","2020년 기준년 연쇄가격","2018","총부가가치(기초가격)",73118480
"강남구","2020년 기준년 연쇄가격","2018","농업, 임업 및 어업",20052
"강남구","2020년 기준년 연쇄가격","2018","광업",1458
"강남구","2020년 기준년 연쇄가격","2018","제조업",3097008
"강남구","2020년 기준년 연쇄가격","2018","전기, 가스, 증기 및 공기 조절 공급업",178103
"강남구","2020년 기준년 연쇄가격","2018","건설업",1472149
"강남구","2020년 기준년 연쇄가격","2018","도매 및 소매업",18455556
"강남구","2020년 기준년 연쇄가격","2018","운수 및 창고업",866867
"강남구","2020년 기준년 연쇄가격","2018","숙박 및 음식점업",1652225
"강남구","2020년 기준년 연쇄가격","2018","정보통신업",8089982
"강남구","2020년 기준년 연쇄가격","2018","금융 및 보험업",3401375
"강남구","2020년 기준년 연쇄가격","2018","부동산업",10503540
"강남구","2020년 기준년 연쇄가격","2018","사업서비스업",18045901
"강남구","2020년 기준년 연쇄가격","2018","공공 행정, 국방 및 사회보장 행정",309267
"강남구","2020년 기준년 연쇄가격","2018","교육 서비스업",1772446
"강남구","2020년 기준년 연쇄가격","2018","보건업 및 사회복지서비스업",3686924
"강남구","2020년 기준년 연쇄가격","2018","문화 및 기타 서비스업",1611593
"강남구","2020년 기준년 연쇄가격","2019","지역내총생산(시장가격)",85291734
"강남구","2020년 기준년 연쇄가격","2019","순생산물세",7692262
"강남구","2020년 기준년 연쇄가격","2019","총부가가치(기초가격)",77684902
"강남구","2020년 기준년 연쇄가격","2019","농업, 임업 및 어업",18622
"강남구","2020년 기준년 연쇄가격","2019","광업",172
"강남구","2020년 기준년 연쇄가격","2019","제조업",3394110
"강남구","2020년 기준년 연쇄가격","2019","전기, 가스, 증기 및 공기 조절 공급업",175467
"강남구","2020년 기준년 연쇄가격","2019","건설업",1475315
"강남구","2020년 기준년 연쇄가격","2019","도매 및 소매업",21493030
"강남구","2020년 기준년 연쇄가격","2019","운수 및 창고업",899343
"강남구","2020년 기준년 연쇄가격","2019","숙박 및 음식점업",1831769
"강남구","2020년 기준년 연쇄가격","2019","정보통신업",8109623
"강남구","2020년 기준년 연쇄가격","2019","금융 및 보험업",3223033
"강남구","2020년 기준년 연쇄가격","2019","부동산업",10688782
"강남구","2020년 기준년 연쇄가격","2019","사업서비스업",18513623
"강남구","2020년 기준년 연쇄가격","2019","공공 행정, 국방 및 사회보장 행정",299860
"강남구","2020년 기준년 연쇄가격","2019","교육 서비스업",1848066
"강남구","2020년 기준년 연쇄가격","2019","보건업 및 사회복지서비스업",3971616
"강남구","2020년 기준년 연쇄가격","2019","문화 및 기타 서비스업",1634771
"강남구","2020년 기준년 연쇄가격","2020","지역내총생산(시장가격)",83127831
"강남구","2020년 기준년 연쇄가격","2020","순생산물세",7188051
"강남구","2020년 기준년 연쇄가격","2020","총부가가치(기초가격)",76116327
"강남구","2020년 기준년 연쇄가격","2020","농업, 임업 및 어업",16605
"강남구","2020년 기준년 연쇄가격","2020","광업",9
"강남구","2020년 기준년 연쇄가격","2020","제조업",2844644
"강남구","2020년 기준년 연쇄가격","2020","전기, 가스, 증기 및 공기 조절 공급업",185858
"강남구","2020년 기준년 연쇄가격","2020","건설업",1683341
"강남구","2020년 기준년 연쇄가격","2020","도매 및 소매업",19675817
"강남구","2020년 기준년 연쇄가격","2020","운수 및 창고업",765810
"강남구","2020년 기준년 연쇄가격","2020","숙박 및 음식점업",1470609
"강남구","2020년 기준년 연쇄가격","2020","정보통신업",8687176
"강남구","2020년 기준년 연쇄가격","2020","금융 및 보험업",3533583
"강남구","2020년 기준년 연쇄가격","2020","부동산업",10828107
"강남구","2020년 기준년 연쇄가격","2020","사업서비스업",18526117
"강남구","2020년 기준년 연쇄가격","2020","공공 행정, 국방 및 사회보장 행정",323117
"강남구","2020년 기준년 연쇄가격","2020","교육 서비스업",1851412
"강남구","2020년 기준년 연쇄가격","2020","보건업 및 사회복지서비스업",4208183
"강남구","2020년 기준년 연쇄가격","2020","문화 및 기타 서비스업",1515940
"강남구","2020년 기준년 연쇄가격","2021","지역내총생산(시장가격)",85996092
"강남구","2020년 기준년 연쇄가격","2021","순생산물세",7312521
"강남구","2020년 기준년 연쇄가격","2021","총부가가치(기초가격)",78683571
"강남구","2020년 기준년 연쇄가격","2021","농업, 임업 및 어업",19201
"강남구","2020년 기준년 연쇄가격","2021","광업",530
"강남구","2020년 기준년 연쇄가격","2021","제조업",3394285
"강남구","2020년 기준년 연쇄가격","2021","전기, 가스, 증기 및 공기 조절 공급업",193326
"강남구","2020년 기준년 연쇄가격","2021","건설업",1865726
"강남구","2020년 기준년 연쇄가격","2021","도매 및 소매업",19367834
"강남구","2020년 기준년 연쇄가격","2021","운수 및 창고업",941116
"강남구","2020년 기준년 연쇄가격","2021","숙박 및 음식점업",1498739
"강남구","2020년 기준년 연쇄가격","2021","정보통신업",10372077
"강남구","2020년 기준년 연쇄가격","2021","금융 및 보험업",4044247
"강남구","2020년 기준년 연쇄가격","2021","부동산업",11092914
"강남구","2020년 기준년 연쇄가격","2021","사업서비스업",17412828
"강남구","2020년 기준년 연쇄가격","2021","공공 행정, 국방 및 사회보장 행정",342654
"강남구","2020년 기준년 연쇄가격","2021","교육 서비스업",2165325
"강남구","2020년 기준년 연쇄가격","2021","보건업 및 사회복지서비스업",4452300
"강남구","2020년 기준년 연쇄가격","2021","문화 및 기타 서비스업",1520469
"강남구","2020년 기준년 연쇄가격","2022","지역내총생산(시장가격)",86135184
"강남구","2020년 기준년 연쇄가격","2022","순생산물세",7095853
"강남구","2020년 기준년 연쇄가격","2022","총부가가치(기초가격)",79045189
"강남구","2020년 기준년 연쇄가격","2022","농업, 임업 및 어업",25786
"강남구","2020년 기준년 연쇄가격","2022","광업",2709
"강남구","2020년 기준년 연쇄가격","2022","제조업",3117411
"강남구","2020년 기준년 연쇄가격","2022","전기, 가스, 증기 및 공기 조절 공급업",192783
"강남구","2020년 기준년 연쇄가격","2022","건설업",757841
"강남구","2020년 기준년 연쇄가격","2022","도매 및 소매업",20824172
"강남구","2020년 기준년 연쇄가격","2022","운수 및 창고업",1381458
"강남구","2020년 기준년 연쇄가격","2022","숙박 및 음식점업",1739374
"강남구","2020년 기준년 연쇄가격","2022","정보통신업",9795768
"강남구","2020년 기준년 연쇄가격","2022","금융 및 보험업",3674937
"강남구","2020년 기준년 연쇄가격","2022","부동산업",10824653
"강남구","2020년 기준년 연쇄가격","2022","사업서비스업",17895171
"강남구","2020년 기준년 연쇄가격","2022","공공 행정, 국방 및 사회보장 행정",344119
"강남구","2020년 기준년 연쇄가격","2022","교육 서비스업",2190232
"강남구","2020년 기준년 연쇄가격","2022","보건업 및 사회복지서비스업",4631770
"강남구","2020년 기준년 연쇄가격","2022","문화 및 기타 서비스업",1668401
"송파구","2020년 기준년 연쇄가격","2015","지역내총생산(시장가격)",24725698
"송파구","2020년 기준년 연쇄가격","2015","순생산물세",2318016
"송파구","2020년 기준년 연쇄가격","2015","총부가가치(기초가격)",22448011
"송파구","2020년 기준년 연쇄가격","2015","농업, 임업 및 어업",50699
"송파구","2020년 기준년 연쇄가격","2015","광업",60
"송파구","2020년 기준년 연쇄가격","2015","제조업",872935
"송파구","2020년 기준년 연쇄가격","2015","전기, 가스, 증기 및 공기 조절 공급업",139285
"송파구","2020년 기준년 연쇄가격","2015","건설업",1650675
"송파구","2020년 기준년 연쇄가격","2015","도매 및 소매업",4174194
"송파구","2020년 기준년 연쇄가격","2015","운수 및 창고업",728975
"송파구","2020년 기준년 연쇄가격","2015","숙박 및 음식점업",608653
"송파구","2020년 기준년 연쇄가격","2015","정보통신업",2565995
"송파구","2020년 기준년 연쇄가격","2015","금융 및 보험업",606923
"송파구","2020년 기준년 연쇄가격","2015","부동산업",3405521
"송파구","2020년 기준년 연쇄가격","2015","사업서비스업",3015129
"송파구","2020년 기준년 연쇄가격","2015","공공 행정, 국방 및 사회보장 행정",389044
"송파구","2020년 기준년 연쇄가격","2015","교육 서비스업",786003
"송파구","2020년 기준년 연쇄가격","2015","보건업 및 사회복지서비스업",1371576
"송파구","2020년 기준년 연쇄가격","2015","문화 및 기타 서비스업",2103669
"송파구","2020년 기준년 연쇄가격","2016","지역내총생산(시장가격)",25630110
"송파구","2020년 기준년 연쇄가격","2016","순생산물세",2467370
"송파구","2020년 기준년 연쇄가격","2016","총부가가치(기초가격)",23212961
"송파구","2020년 기준년 연쇄가격","2016","농업, 임업 및 어업",40706
"송파구","2020년 기준년 연쇄가격","2016","광업",636
"송파구","2020년 기준년 연쇄가격","2016","제조업",898604
"송파구","2020년 기준년 연쇄가격","2016","전기, 가스, 증기 및 공기 조절 공급업",121503
"송파구","2020년 기준년 연쇄가격","2016","건설업",1799369
"송파구","2020년 기준년 연쇄가격","2016","도매 및 소매업",4317286
"송파구","2020년 기준년 연쇄가격","2016","운수 및 창고업",738917
"송파구","2020년 기준년 연쇄가격","2016","숙박 및 음식점업",648642
"송파구","2020년 기준년 연쇄가격","2016","정보통신업",2569772
"송파구","2020년 기준년 연쇄가격","2016","금융 및 보험업",571329
"송파구","2020년 기준년 연쇄가격","2016","부동산업",3404438
"송파구","2020년 기준년 연쇄가격","2016","사업서비스업",3332695
"송파구","2020년 기준년 연쇄가격","2016","공공 행정, 국방 및 사회보장 행정",386933
"송파구","2020년 기준년 연쇄가격","2016","교육 서비스업",801742
"송파구","2020년 기준년 연쇄가격","2016","보건업 및 사회복지서비스업",1455929
"송파구","2020년 기준년 연쇄가격","2016","문화 및 기타 서비스업",2188316
"송파구","2020년 기준년 연쇄가격","2017","지역내총생산(시장가격)",27961255
"송파구","2020년 기준년 연쇄가격","2017","순생산물세",2555416
"송파구","2020년 기준년 연쇄가격","2017","총부가가치(기초가격)",25443408
"송파구","2020년 기준년 연쇄가격","2017","농업, 임업 및 어업",41996
"송파구","2020년 기준년 연쇄가격","2017","광업",830
"송파구","2020년 기준년 연쇄가격","2017","제조업",1016435
"송파구","2020년 기준년 연쇄가격","2017","전기, 가스, 증기 및 공기 조절 공급업",135425
"송파구","2020년 기준년 연쇄가격","2017","건설업",1354219
"송파구","2020년 기준년 연쇄가격","2017","도매 및 소매업",4522772
"송파구","2020년 기준년 연쇄가격","2017","운수 및 창고업",868623
"송파구","2020년 기준년 연쇄가격","2017","숙박 및 음식점업",671864
"송파구","2020년 기준년 연쇄가격","2017","정보통신업",2936569
"송파구","2020년 기준년 연쇄가격","2017","금융 및 보험업",639105
"송파구","2020년 기준년 연쇄가격","2017","부동산업",3506176
"송파구","2020년 기준년 연쇄가격","2017","사업서비스업",4892067
"송파구","2020년 기준년 연쇄가격","2017","공공 행정, 국방 및 사회보장 행정",475319
"송파구","2020년 기준년 연쇄가격","2017","교육 서비스업",791122
"송파구","2020년 기준년 연쇄가격","2017","보건업 및 사회복지서비스업",1603100
"송파구","2020년 기준년 연쇄가격","2017","문화 및 기타 서비스업",2102130
"송파구","2020년 기준년 연쇄가격","2018","지역내총생산(시장가격)",28266485
"송파구","2020년 기준년 연쇄가격","2018","순생산물세",2559155
"송파구","2020년 기준년 연쇄가격","2018","총부가가치(기초가격)",25743133
"송파구","2020년 기준년 연쇄가격","2018","농업, 임업 및 어업",44553
"송파구","2020년 기준년 연쇄가격","2018","광업",3991
"송파구","2020년 기준년 연쇄가격","2018","제조업",998288
"송파구","2020년 기준년 연쇄가격","2018","전기, 가스, 증기 및 공기 조절 공급업",123032
"송파구","2020년 기준년 연쇄가격","2018","건설업",1160928
"송파구","2020년 기준년 연쇄가격","2018","도매 및 소매업",4759842
"송파구","2020년 기준년 연쇄가격","2018","운수 및 창고업",913142
"송파구","2020년 기준년 연쇄가격","2018","숙박 및 음식점업",732515
"송파구","2020년 기준년 연쇄가격","2018","정보통신업",3387855
"송파구","2020년 기준년 연쇄가격","2018","금융 및 보험업",692778
"송파구","2020년 기준년 연쇄가격","2018","부동산업",3576683
"송파구","2020년 기준년 연쇄가격","2018","사업서비스업",4097343
"송파구","2020년 기준년 연쇄가격","2018","공공 행정, 국방 및 사회보장 행정",481146
"송파구","2020년 기준년 연쇄가격","2018","교육 서비스업",802535
"송파구","2020년 기준년 연쇄가격","2018","보건업 및 사회복지서비스업",1779861
"송파구","2020년 기준년 연쇄가격","2018","문화 및 기타 서비스업",2212670
"송파구","2020년 기준년 연쇄가격","2019","지역내총생산(시장가격)",29008849
"송파구","2020년 기준년 연쇄가격","2019","순생산물세",2677231
"송파구","2020년 기준년 연쇄가격","2019","총부가가치(기초가격)",26371087
"송파구","2020년 기준년 연쇄가격","2019","농업, 임업 및 어업",44764
"송파구","2020년 기준년 연쇄가격","2019","광업",4109
"송파구","2020년 기준년 연쇄가격","2019","제조업",1043120
"송파구","2020년 기준년 연쇄가격","2019","전기, 가스, 증기 및 공기 조절 공급업",117567
"송파구","2020년 기준년 연쇄가격","2019","건설업",744619
"송파구","2020년 기준년 연쇄가격","2019","도매 및 소매업",5005992
"송파구","2020년 기준년 연쇄가격","2019","운수 및 창고업",639281
"송파구","2020년 기준년 연쇄가격","2019","숙박 및 음식점업",790394
"송파구","2020년 기준년 연쇄가격","2019","정보통신업",3757904
"송파구","2020년 기준년 연쇄가격","2019","금융 및 보험업",706175
"송파구","2020년 기준년 연쇄가격","2019","부동산업",3700775
"송파구","2020년 기준년 연쇄가격","2019","사업서비스업",4213709
"송파구","2020년 기준년 연쇄가격","2019","공공 행정, 국방 및 사회보장 행정",499293
"송파구","2020년 기준년 연쇄가격","2019","교육 서비스업",850185
"송파구","2020년 기준년 연쇄가격","2019","보건업 및 사회복지서비스업",2007056
"송파구","2020년 기준년 연쇄가격","2019","문화 및 기타 서비스업",2236525
"송파구","2020년 기준년 연쇄가격","2020","지역내총생산(시장가격)",30389269
"송파구","2020년 기준년 연쇄가격","2020","순생산물세",2570960
"송파구","2020년 기준년 연쇄가격","2020","총부가가치(기초가격)",27914718
"송파구","2020년 기준년 연쇄가격","2020","농업, 임업 및 어업",39095
"송파구","2020년 기준년 연쇄가격","2020","광업",93
"송파구","2020년 기준년 연쇄가격","2020","제조업",1221142
"송파구","2020년 기준년 연쇄가격","2020","전기, 가스, 증기 및 공기 조절 공급업",125259
"송파구","2020년 기준년 연쇄가격","2020","건설업",842456
"송파구","2020년 기준년 연쇄가격","2020","도매 및 소매업",5609265
"송파구","2020년 기준년 연쇄가격","2020","운수 및 창고업",608355
"송파구","2020년 기준년 연쇄가격","2020","숙박 및 음식점업",691148
"송파구","2020년 기준년 연쇄가격","2020","정보통신업",3940658
"송파구","2020년 기준년 연쇄가격","2020","금융 및 보험업",669623
"송파구","2020년 기준년 연쇄가격","2020","부동산업",4477782
"송파구","2020년 기준년 연쇄가격","2020","사업서비스업",4453540
"송파구","2020년 기준년 연쇄가격","2020","공공 행정, 국방 및 사회보장 행정",503327
"송파구","2020년 기준년 연쇄가격","2020","교육 서비스업",841610
"송파구","2020년 기준년 연쇄가격","2020","보건업 및 사회복지서비스업",2010991
"송파구","2020년 기준년 연쇄가격","2020","문화 및 기타 서비스업",1880375
"송파구","2020년 기준년 연쇄가격","2021","지역내총생산(시장가격)",31395849
"송파구","2020년 기준년 연쇄가격","2021","순생산물세",2651519
"송파구","2020년 기준년 연쇄가격","2021","총부가가치(기초가격)",28744330
"송파구","2020년 기준년 연쇄가격","2021","농업, 임업 및 어업",43291
"송파구","2020년 기준년 연쇄가격","2021","광업",1541
"송파구","2020년 기준년 연쇄가격","2021","제조업",1271658
"송파구","2020년 기준년 연쇄가격","2021","전기, 가스, 증기 및 공기 조절 공급업",128245
"송파구","2020년 기준년 연쇄가격","2021","건설업",849111
"송파구","2020년 기준년 연쇄가격","2021","도매 및 소매업",5566725
"송파구","2020년 기준년 연쇄가격","2021","운수 및 창고업",847994
"송파구","2020년 기준년 연쇄가격","2021","숙박 및 음식점업",679952
"송파구","2020년 기준년 연쇄가격","2021","정보통신업",4371284
"송파구","2020년 기준년 연쇄가격","2021","금융 및 보험업",739516
"송파구","2020년 기준년 연쇄가격","2021","부동산업",4347280
"송파구","2020년 기준년 연쇄가격","2021","사업서비스업",4467120
"송파구","2020년 기준년 연쇄가격","2021","공공 행정, 국방 및 사회보장 행정",507143
"송파구","2020년 기준년 연쇄가격","2021","교육 서비스업",869631
"송파구","2020년 기준년 연쇄가격","2021","보건업 및 사회복지서비스업",2143078
"송파구","2020년 기준년 연쇄가격","2021","문화 및 기타 서비스업",1910760
"송파구","2020년 기준년 연쇄가격","2022","지역내총생산(시장가격)",32025589
"송파구","2020년 기준년 연쇄가격","2022","순생산물세",2580174
"송파구","2020년 기준년 연쇄가격","2022","총부가가치(기초가격)",29447863
"송파구","2020년 기준년 연쇄가격","2022","농업, 임업 및 어업",47672
"송파구","2020년 기준년 연쇄가격","2022","광업",430
"송파구","2020년 기준년 연쇄가격","2022","제조업",924059
"송파구","2020년 기준년 연쇄가격","2022","전기, 가스, 증기 및 공기 조절 공급업",129284
"송파구","2020년 기준년 연쇄가격","2022","건설업",239845
"송파구","2020년 기준년 연쇄가격","2022","도매 및 소매업",6204997
"송파구","2020년 기준년 연쇄가격","2022","운수 및 창고업",945384
"송파구","2020년 기준년 연쇄가격","2022","숙박 및 음식점업",772233
"송파구","2020년 기준년 연쇄가격","2022","정보통신업",4445693
"송파구","2020년 기준년 연쇄가격","2022","금융 및 보험업",726974
"송파구","2020년 기준년 연쇄가격","2022","부동산업",4443856
"송파구","2020년 기준년 연쇄가격","2022","사업서비스업",4643552
"송파구","2020년 기준년 연쇄가격","2022","공공 행정, 국방 및 사회보장 행정",513591
"송파구","2020년 기준년 연쇄가격","2022","교육 서비스업",915858
"송파구","2020년 기준년 연쇄가격","2022","보건업 및 사회복지서비스업",2250218
"송파구","2020년 기준년 연쇄가격","2022","문화 및 기타 서비스업",2235252
"강동구","2020년 기준년 연쇄가격","2015","지역내총생산(시장가격)",8583690
"강동구","2020년 기준년 연쇄가격","2015","순생산물세",755331
"강동구","2020년 기준년 연쇄가격","2015","총부가가치(기초가격)",7842417
"강동구","2020년 기준년 연쇄가격","2015","농업, 임업 및 어업",5498
"강동구","2020년 기준년 연쇄가격","2015","광업",668
"강동구","2020년 기준년 연쇄가격","2015","제조업",534392
"강동구","2020년 기준년 연쇄가격","2015","전기, 가스, 증기 및 공기 조절 공급업",90547
"강동구","2020년 기준년 연쇄가격","2015","건설업",555521
"강동구","2020년 기준년 연쇄가격","2015","도매 및 소매업",1454721
"강동구","2020년 기준년 연쇄가격","2015","운수 및 창고업",310263
"강동구","2020년 기준년 연쇄가격","2015","숙박 및 음식점업",293362
"강동구","2020년 기준년 연쇄가격","2015","정보통신업",146109
"강동구","2020년 기준년 연쇄가격","2015","금융 및 보험업",263999
"강동구","2020년 기준년 연쇄가격","2015","부동산업",1411320
"강동구","2020년 기준년 연쇄가격","2015","사업서비스업",1033436
"강동구","2020년 기준년 연쇄가격","2015","공공 행정, 국방 및 사회보장 행정",169772
"강동구","2020년 기준년 연쇄가격","2015","교육 서비스업",478950
"강동구","2020년 기준년 연쇄가격","2015","보건업 및 사회복지서비스업",724978
"강동구","2020년 기준년 연쇄가격","2015","문화 및 기타 서비스업",296007
"강동구","2020년 기준년 연쇄가격","2016","지역내총생산(시장가격)",8887875
"강동구","2020년 기준년 연쇄가격","2016","순생산물세",814773
"강동구","2020년 기준년 연쇄가격","2016","총부가가치(기초가격)",8091133
"강동구","2020년 기준년 연쇄가격","2016","농업, 임업 및 어업",4935
"강동구","2020년 기준년 연쇄가격","2016","광업",-
"강동구","2020년 기준년 연쇄가격","2016","제조업",440237
"강동구","2020년 기준년 연쇄가격","2016","전기, 가스, 증기 및 공기 조절 공급업",77640
"강동구","2020년 기준년 연쇄가격","2016","건설업",621813
"강동구","2020년 기준년 연쇄가격","2016","도매 및 소매업",1480374
"강동구","2020년 기준년 연쇄가격","2016","운수 및 창고업",283255
"강동구","2020년 기준년 연쇄가격","2016","숙박 및 음식점업",312275
"강동구","2020년 기준년 연쇄가격","2016","정보통신업",148116
"강동구","2020년 기준년 연쇄가격","2016","금융 및 보험업",254018
"강동구","2020년 기준년 연쇄가격","2016","부동산업",1475277
"강동구","2020년 기준년 연쇄가격","2016","사업서비스업",1178918
"강동구","2020년 기준년 연쇄가격","2016","공공 행정, 국방 및 사회보장 행정",171651
"강동구","2020년 기준년 연쇄가격","2016","교육 서비스업",493629
"강동구","2020년 기준년 연쇄가격","2016","보건업 및 사회복지서비스업",781043
"강동구","2020년 기준년 연쇄가격","2016","문화 및 기타 서비스업",307633
"강동구","2020년 기준년 연쇄가격","2017","지역내총생산(시장가격)",9746669
"강동구","2020년 기준년 연쇄가격","2017","순생산물세",830508
"강동구","2020년 기준년 연쇄가격","2017","총부가가치(기초가격)",8928716
"강동구","2020년 기준년 연쇄가격","2017","농업, 임업 및 어업",5646
"강동구","2020년 기준년 연쇄가격","2017","광업",-
"강동구","2020년 기준년 연쇄가격","2017","제조업",501195
"강동구","2020년 기준년 연쇄가격","2017","전기, 가스, 증기 및 공기 조절 공급업",85917
"강동구","2020년 기준년 연쇄가격","2017","건설업",795681
"강동구","2020년 기준년 연쇄가격","2017","도매 및 소매업",1482507
"강동구","2020년 기준년 연쇄가격","2017","운수 및 창고업",297777
"강동구","2020년 기준년 연쇄가격","2017","숙박 및 음식점업",313214
"강동구","2020년 기준년 연쇄가격","2017","정보통신업",146896
"강동구","2020년 기준년 연쇄가격","2017","금융 및 보험업",247381
"강동구","2020년 기준년 연쇄가격","2017","부동산업",1472355
"강동구","2020년 기준년 연쇄가격","2017","사업서비스업",1772322
"강동구","2020년 기준년 연쇄가격","2017","공공 행정, 국방 및 사회보장 행정",178570
"강동구","2020년 기준년 연쇄가격","2017","교육 서비스업",491357
"강동구","2020년 기준년 연쇄가격","2017","보건업 및 사회복지서비스업",839329
"강동구","2020년 기준년 연쇄가격","2017","문화 및 기타 서비스업",293627
"강동구","2020년 기준년 연쇄가격","2018","지역내총생산(시장가격)",9848268
"강동구","2020년 기준년 연쇄가격","2018","순생산물세",847460
"강동구","2020년 기준년 연쇄가격","2018","총부가가치(기초가격)",9014124
"강동구","2020년 기준년 연쇄가격","2018","농업, 임업 및 어업",4806
"강동구","2020년 기준년 연쇄가격","2018","광업",-
"강동구","2020년 기준년 연쇄가격","2018","제조업",443259
"강동구","2020년 기준년 연쇄가격","2018","전기, 가스, 증기 및 공기 조절 공급업",78849
"강동구","2020년 기준년 연쇄가격","2018","건설업",1161069
"강동구","2020년 기준년 연쇄가격","2018","도매 및 소매업",1479643
"강동구","2020년 기준년 연쇄가격","2018","운수 및 창고업",305271
"강동구","2020년 기준년 연쇄가격","2018","숙박 및 음식점업",320013
"강동구","2020년 기준년 연쇄가격","2018","정보통신업",135774
"강동구","2020년 기준년 연쇄가격","2018","금융 및 보험업",251796
"강동구","2020년 기준년 연쇄가격","2018","부동산업",1493797
"강동구","2020년 기준년 연쇄가격","2018","사업서비스업",1457332
"강동구","2020년 기준년 연쇄가격","2018","공공 행정, 국방 및 사회보장 행정",177436
"강동구","2020년 기준년 연쇄가격","2018","교육 서비스업",483544
"강동구","2020년 기준년 연쇄가격","2018","보건업 및 사회복지서비스업",933956
"강동구","2020년 기준년 연쇄가격","2018","문화 및 기타 서비스업",281985
"강동구","2020년 기준년 연쇄가격","2019","지역내총생산(시장가격)",10238203
"강동구","2020년 기준년 연쇄가격","2019","순생산물세",942584
"강동구","2020년 기준년 연쇄가격","2019","총부가가치(기초가격)",9312341
"강동구","2020년 기준년 연쇄가격","2019","농업, 임업 및 어업",3727
"강동구","2020년 기준년 연쇄가격","2019","광업",-
"강동구","2020년 기준년 연쇄가격","2019","제조업",244519
"강동구","2020년 기준년 연쇄가격","2019","전기, 가스, 증기 및 공기 조절 공급업",79429
"강동구","2020년 기준년 연쇄가격","2019","건설업",1521657
"강동구","2020년 기준년 연쇄가격","2019","도매 및 소매업",1470034
"강동구","2020년 기준년 연쇄가격","2019","운수 및 창고업",286514
"강동구","2020년 기준년 연쇄가격","2019","숙박 및 음식점업",345723
"강동구","2020년 기준년 연쇄가격","2019","정보통신업",150466
"강동구","2020년 기준년 연쇄가격","2019","금융 및 보험업",218699
"강동구","2020년 기준년 연쇄가격","2019","부동산업",1608532
"강동구","2020년 기준년 연쇄가격","2019","사업서비스업",1422810
"강동구","2020년 기준년 연쇄가격","2019","공공 행정, 국방 및 사회보장 행정",191406
"강동구","2020년 기준년 연쇄가격","2019","교육 서비스업",478855
"강동구","2020년 기준년 연쇄가격","2019","보건업 및 사회복지서비스업",1017519
"강동구","2020년 기준년 연쇄가격","2019","문화 및 기타 서비스업",277412
"강동구","2020년 기준년 연쇄가격","2020","지역내총생산(시장가격)",10008835
"강동구","2020년 기준년 연쇄가격","2020","순생산물세",817470
"강동구","2020년 기준년 연쇄가격","2020","총부가가치(기초가격)",9156468
"강동구","2020년 기준년 연쇄가격","2020","농업, 임업 및 어업",4776
"강동구","2020년 기준년 연쇄가격","2020","광업",81
"강동구","2020년 기준년 연쇄가격","2020","제조업",414597
"강동구","2020년 기준년 연쇄가격","2020","전기, 가스, 증기 및 공기 조절 공급업",85759
"강동구","2020년 기준년 연쇄가격","2020","건설업",1045456
"강동구","2020년 기준년 연쇄가격","2020","도매 및 소매업",1658417
"강동구","2020년 기준년 연쇄가격","2020","운수 및 창고업",199278
"강동구","2020년 기준년 연쇄가격","2020","숙박 및 음식점업",284033
"강동구","2020년 기준년 연쇄가격","2020","정보통신업",283851
"강동구","2020년 기준년 연쇄가격","2020","금융 및 보험업",182536
"강동구","2020년 기준년 연쇄가격","2020","부동산업",1512389
"강동구","2020년 기준년 연쇄가격","2020","사업서비스업",1510380
"강동구","2020년 기준년 연쇄가격","2020","공공 행정, 국방 및 사회보장 행정",198202
"강동구","2020년 기준년 연쇄가격","2020","교육 서비스업",484492
"강동구","2020년 기준년 연쇄가격","2020","보건업 및 사회복지서비스업",1043714
"강동구","2020년 기준년 연쇄가격","2020","문화 및 기타 서비스업",248506
"강동구","2020년 기준년 연쇄가격","2021","지역내총생산(시장가격)",9826722
"강동구","2020년 기준년 연쇄가격","2021","순생산물세",798876
"강동구","2020년 기준년 연쇄가격","2021","총부가가치(기초가격)",9027846
"강동구","2020년 기준년 연쇄가격","2021","농업, 임업 및 어업",6127
"강동구","2020년 기준년 연쇄가격","2021","광업",242
"강동구","2020년 기준년 연쇄가격","2021","제조업",188489
"강동구","2020년 기준년 연쇄가격","2021","전기, 가스, 증기 및 공기 조절 공급업",93268
"강동구","2020년 기준년 연쇄가격","2021","건설업",953264
"강동구","2020년 기준년 연쇄가격","2021","도매 및 소매업",1659530
"강동구","2020년 기준년 연쇄가격","2021","운수 및 창고업",221589
"강동구","2020년 기준년 연쇄가격","2021","숙박 및 음식점업",316598
"강동구","2020년 기준년 연쇄가격","2021","정보통신업",243232
"강동구","2020년 기준년 연쇄가격","2021","금융 및 보험업",190255
"강동구","2020년 기준년 연쇄가격","2021","부동산업",1595046
"강동구","2020년 기준년 연쇄가격","2021","사업서비스업",1426248
"강동구","2020년 기준년 연쇄가격","2021","공공 행정, 국방 및 사회보장 행정",211514
"강동구","2020년 기준년 연쇄가격","2021","교육 서비스업",525854
"강동구","2020년 기준년 연쇄가격","2021","보건업 및 사회복지서비스업",1141346
"강동구","2020년 기준년 연쇄가격","2021","문화 및 기타 서비스업",255244
"강동구","2020년 기준년 연쇄가격","2022","지역내총생산(시장가격)",10004854
"강동구","2020년 기준년 연쇄가격","2022","순생산물세",776922
"강동구","2020년 기준년 연쇄가격","2022","총부가가치(기초가격)",9232114
"강동구","2020년 기준년 연쇄가격","2022","농업, 임업 및 어업",7213
"강동구","2020년 기준년 연쇄가격","2022","광업",82
"강동구","2020년 기준년 연쇄가격","2022","제조업",234135
"강동구","2020년 기준년 연쇄가격","2022","전기, 가스, 증기 및 공기 조절 공급업",91312
"강동구","2020년 기준년 연쇄가격","2022","건설업",460169
"강동구","2020년 기준년 연쇄가격","2022","도매 및 소매업",1866484
"강동구","2020년 기준년 연쇄가격","2022","운수 및 창고업",265357
"강동구","2020년 기준년 연쇄가격","2022","숙박 및 음식점업",319013
"강동구","2020년 기준년 연쇄가격","2022","정보통신업",325562
"강동구","2020년 기준년 연쇄가격","2022","금융 및 보험업",207947
"강동구","2020년 기준년 연쇄가격","2022","부동산업",1673020
"강동구","2020년 기준년 연쇄가격","2022","사업서비스업",1504595
"강동구","2020년 기준년 연쇄가격","2022","공공 행정, 국방 및 사회보장 행정",213269
"강동구","2020년 기준년 연쇄가격","2022","교육 서비스업",559302
"강동구","2020년 기준년 연쇄가격","2022","보건업 및 사회복지서비스업",1220779
"강동구","2020년 기준년 연쇄가격","2022","문화 및 기타 서비스업",283874
