날짜,시군구지역코드,발생건수(건)
2024-03-01,11110,161
2024-03-01,11140,175
2024-03-01,11170,255
2024-03-01,11200,427
2024-03-01,11215,415
2024-03-01,11230,450
2024-03-01,11260,539
2024-03-01,11290,770
2024-03-01,11305,442
2024-03-01,11320,417
2024-03-01,11350,834
2024-03-01,11380,842
2024-03-01,11410,429
2024-03-01,11440,549
2024-03-01,11470,788
2024-03-01,11500,1035
2024-03-01,11530,739
2024-03-01,11545,247
2024-03-01,11560,625
2024-03-01,11590,547
2024-03-01,11620,579
2024-03-01,11650,796
2024-03-01,11680,1129
2024-03-01,11710,1177
2024-03-01,11740,776
2024-03-02,11110,791
2024-03-02,11140,956
2024-03-02,11170,1422
2024-03-02,11200,2262
2024-03-02,11215,2682
2024-03-02,11230,2641
2024-03-02,11260,3314
2024-03-02,11290,3400
2024-03-02,11305,2199
2024-03-02,11320,2369
2024-03-02,11350,4348
2024-03-02,11380,3749
2024-03-02,11410,2472
2024-03-02,11440,3039
2024-03-02,11470,3661
2024-03-02,11500,4875
2024-03-02,11530,3737
2024-03-02,11545,1968
2024-03-02,11560,3341
2024-03-02,11590,3046
2024-03-02,11620,3530
2024-03-02,11650,3087
2024-03-02,11680,4229
2024-03-02,11710,5841
2024-03-02,11740,4302
2024-03-03,11110,100
2024-03-03,11140,126
2024-03-03,11170,182
2024-03-03,11200,297
2024-03-03,11215,337
2024-03-03,11230,550
2024-03-03,11260,513
2024-03-03,11290,540
2024-03-03,11305,395
2024-03-03,11320,357
2024-03-03,11350,731
2024-03-03,11380,570
2024-03-03,11410,323
2024-03-03,11440,508
2024-03-03,11470,691
2024-03-03,11500,802
2024-03-03,11530,518
2024-03-03,11545,222
2024-03-03,11560,518
2024-03-03,11590,401
2024-03-03,11620,406
2024-03-03,11650,649
2024-03-03,11680,1105
2024-03-03,11710,988
2024-03-03,11740,629
2024-03-04,11110,1411
2024-03-04,11140,1531
2024-03-04,11170,2163
2024-03-04,11200,3537
2024-03-04,11215,4075
2024-03-04,11230,4064
2024-03-04,11260,4883
2024-03-04,11290,5245
2024-03-04,11305,3285
2024-03-04,11320,3539
2024-03-04,11350,6260
2024-03-04,11380,5500
2024-03-04,11410,3617
2024-03-04,11440,4493
2024-03-04,11470,4995
2024-03-04,11500,6917
2024-03-04,11530,5290
2024-03-04,11545,2880
2024-03-04,11560,4953
2024-03-04,11590,4412
2024-03-04,11620,5678
2024-03-04,11650,4454
2024-03-04,11680,5976
2024-03-04,11710,8229
2024-03-04,11740,5963
2024-03-05,11110,1010
2024-03-05,11140,1014
2024-03-05,11170,1520
2024-03-05,11200,2233
2024-03-05,11215,2702
2024-03-05,11230,2750
2024-03-05,11260,3120
2024-03-05,11290,3527
2024-03-05,11305,2293
2024-03-05,11320,2413
2024-03-05,11350,4134
2024-03-05,11380,3768
2024-03-05,11410,2531
2024-03-05,11440,3128
2024-03-05,11470,3396
2024-03-05,11500,4737
2024-03-05,11530,3574
2024-03-05,11545,1896
2024-03-05,11560,3296
2024-03-05,11590,2890
2024-03-05,11620,3755
2024-03-05,11650,3130
2024-03-05,11680,4150
2024-03-05,11710,5579
2024-03-05,11740,3995
2024-03-06,11110,831
2024-03-06,11140,857
2024-03-06,11170,1262
2024-03-06,11200,1942
2024-03-06,11215,2603
2024-03-06,11230,2474
2024-03-06,11260,2860
2024-03-06,11290,3123
2024-03-06,11305,1968
2024-03-06,11320,2116
2024-03-06,11350,3783
2024-03-06,11380,3413
2024-03-06,11410,2067
2024-03-06,11440,2646
2024-03-06,11470,2966
2024-03-06,11500,4256
2024-03-06,11530,3146
2024-03-06,11545,1731
2024-03-06,11560,2933
2024-03-06,11590,2660
2024-03-06,11620,3371
2024-03-06,11650,2807
2024-03-06,11680,3939
2024-03-06,11710,4826
2024-03-06,11740,3536
2024-03-07,11110,883
2024-03-07,11140,910
2024-03-07,11170,1472
2024-03-07,11200,2275
2024-03-07,11215,2667
2024-03-07,11230,2646
2024-03-07,11260,3131
2024-03-07,11290,3412
2024-03-07,11305,2133
2024-03-07,11320,2383
2024-03-07,11350,3956
2024-03-07,11380,3713
2024-03-07,11410,2328
2024-03-07,11440,2936
2024-03-07,11470,3381
2024-03-07,11500,4611
2024-03-07,11530,3544
2024-03-07,11545,1924
2024-03-07,11560,3243
2024-03-07,11590,2681
2024-03-07,11620,3793
2024-03-07,11650,2956
2024-03-07,11680,4016
2024-03-07,11710,5387
2024-03-07,11740,4034
2024-03-08,11110,1070
2024-03-08,11140,1098
2024-03-08,11170,1733
2024-03-08,11200,2582
2024-03-08,11215,3022
2024-03-08,11230,3075
2024-03-08,11260,3631
2024-03-08,11290,3960
2024-03-08,11305,2575
2024-03-08,11320,2680
2024-03-08,11350,4883
2024-03-08,11380,4253
2024-03-08,11410,2971
2024-03-08,11440,3607
2024-03-08,11470,3979
2024-03-08,11500,5575
2024-03-08,11530,4130
2024-03-08,11545,2177
2024-03-08,11560,3801
2024-03-08,11590,3290
2024-03-08,11620,4206
2024-03-08,11650,3419
2024-03-08,11680,4871
2024-03-08,11710,6449
2024-03-08,11740,4725
2024-03-09,11110,851
2024-03-09,11140,924
2024-03-09,11170,1348
2024-03-09,11200,2286
2024-03-09,11215,2629
2024-03-09,11230,2604
2024-03-09,11260,3062
2024-03-09,11290,3385
2024-03-09,11305,2040
2024-03-09,11320,2263
2024-03-09,11350,4095
2024-03-09,11380,3513
2024-03-09,11410,2367
2024-03-09,11440,2852
2024-03-09,11470,3603
2024-03-09,11500,4648
2024-03-09,11530,3513
2024-03-09,11545,1839
2024-03-09,11560,3214
2024-03-09,11590,2831
2024-03-09,11620,3322
2024-03-09,11650,3060
2024-03-09,11680,4166
2024-03-09,11710,5813
2024-03-09,11740,3999
2024-03-10,11110,83
2024-03-10,11140,147
2024-03-10,11170,216
2024-03-10,11200,322
2024-03-10,11215,346
2024-03-10,11230,585
2024-03-10,11260,360
2024-03-10,11290,518
2024-03-10,11305,228
2024-03-10,11320,342
2024-03-10,11350,655
2024-03-10,11380,592
2024-03-10,11410,336
2024-03-10,11440,486
2024-03-10,11470,732
2024-03-10,11500,875
2024-03-10,11530,529
2024-03-10,11545,176
2024-03-10,11560,471
2024-03-10,11590,412
2024-03-10,11620,412
2024-03-10,11650,731
2024-03-10,11680,1111
2024-03-10,11710,1043
2024-03-10,11740,612
2024-03-11,11110,1459
2024-03-11,11140,1500
2024-03-11,11170,2273
2024-03-11,11200,3531
2024-03-11,11215,4252
2024-03-11,11230,4100
2024-03-11,11260,5044
2024-03-11,11290,5315
2024-03-11,11305,3410
2024-03-11,11320,3598
2024-03-11,11350,6622
2024-03-11,11380,5878
2024-03-11,11410,3808
2024-03-11,11440,4730
2024-03-11,11470,5182
2024-03-11,11500,7321
2024-03-11,11530,5524
2024-03-11,11545,3062
2024-03-11,11560,5084
2024-03-11,11590,4513
2024-03-11,11620,5815
2024-03-11,11650,4746
2024-03-11,11680,6353
2024-03-11,11710,8774
2024-03-11,11740,6172
2024-03-12,11110,1036
2024-03-12,11140,1029
2024-03-12,11170,1549
2024-03-12,11200,2366
2024-03-12,11215,2887
2024-03-12,11230,2903
2024-03-12,11260,3566
2024-03-12,11290,3779
2024-03-12,11305,2396
2024-03-12,11320,2617
2024-03-12,11350,4536
2024-03-12,11380,4150
2024-03-12,11410,2635
2024-03-12,11440,3296
2024-03-12,11470,3751
2024-03-12,11500,5099
2024-03-12,11530,3794
2024-03-12,11545,2013
2024-03-12,11560,3367
2024-03-12,11590,3125
2024-03-12,11620,3903
2024-03-12,11650,3378
2024-03-12,11680,4633
2024-03-12,11710,6051
2024-03-12,11740,4367
2024-03-13,11110,955
2024-03-13,11140,946
2024-03-13,11170,1468
2024-03-13,11200,2077
2024-03-13,11215,2647
2024-03-13,11230,2632
2024-03-13,11260,3123
2024-03-13,11290,3372
2024-03-13,11305,2105
2024-03-13,11320,2277
2024-03-13,11350,3981
2024-03-13,11380,3657
2024-03-13,11410,2310
2024-03-13,11440,2767
2024-03-13,11470,3430
2024-03-13,11500,4681
2024-03-13,11530,3472
2024-03-13,11545,1788
2024-03-13,11560,3033
2024-03-13,11590,2826
2024-03-13,11620,3524
2024-03-13,11650,3189
2024-03-13,11680,4331
2024-03-13,11710,5471
2024-03-13,11740,3778
2024-03-14,11110,1007
2024-03-14,11140,1035
2024-03-14,11170,1559
2024-03-14,11200,2604
2024-03-14,11215,3146
2024-03-14,11230,2987
2024-03-14,11260,3524
2024-03-14,11290,3827
2024-03-14,11305,2420
2024-03-14,11320,2526
2024-03-14,11350,4489
2024-03-14,11380,4115
2024-03-14,11410,2728
2024-03-14,11440,3383
2024-03-14,11470,4013
2024-03-14,11500,5325
2024-03-14,11530,4014
2024-03-14,11545,2248
2024-03-14,11560,3685
2024-03-14,11590,3184
2024-03-14,11620,4302
2024-03-14,11650,3617
2024-03-14,11680,4919
2024-03-14,11710,6299
2024-03-14,11740,4645
2024-03-15,11110,1179
2024-03-15,11140,1292
2024-03-15,11170,1904
2024-03-15,11200,2907
2024-03-15,11215,3585
2024-03-15,11230,3305
2024-03-15,11260,4238
2024-03-15,11290,4616
2024-03-15,11305,2867
2024-03-15,11320,2946
2024-03-15,11350,5479
2024-03-15,11380,4790
2024-03-15,11410,3272
2024-03-15,11440,3852
2024-03-15,11470,4573
2024-03-15,11500,6156
2024-03-15,11530,4604
2024-03-15,11545,2479
2024-03-15,11560,4238
2024-03-15,11590,3691
2024-03-15,11620,4573
2024-03-15,11650,4079
2024-03-15,11680,5723
2024-03-15,11710,7581
2024-03-15,11740,5368
2024-03-16,11110,942
2024-03-16,11140,991
2024-03-16,11170,1517
2024-03-16,11200,2481
2024-03-16,11215,2884
2024-03-16,11230,2799
2024-03-16,11260,3230
2024-03-16,11290,3751
2024-03-16,11305,1981
2024-03-16,11320,2372
2024-03-16,11350,4460
2024-03-16,11380,4004
2024-03-16,11410,2676
2024-03-16,11440,3245
2024-03-16,11470,3951
2024-03-16,11500,5168
2024-03-16,11530,3687
2024-03-16,11545,2010
2024-03-16,11560,3491
2024-03-16,11590,3151
2024-03-16,11620,3657
2024-03-16,11650,3647
2024-03-16,11680,4882
2024-03-16,11710,6457
2024-03-16,11740,4487
2024-03-17,11110,139
2024-03-17,11140,147
2024-03-17,11170,195
2024-03-17,11200,356
2024-03-17,11215,397
2024-03-17,11230,676
2024-03-17,11260,559
2024-03-17,11290,596
2024-03-17,11305,450
2024-03-17,11320,411
2024-03-17,11350,904
2024-03-17,11380,808
2024-03-17,11410,422
2024-03-17,11440,632
2024-03-17,11470,1055
2024-03-17,11500,1111
2024-03-17,11530,650
2024-03-17,11545,257
2024-03-17,11560,610
2024-03-17,11590,447
2024-03-17,11620,482
2024-03-17,11650,859
2024-03-17,11680,1422
2024-03-17,11710,1293
2024-03-17,11740,802
2024-03-18,11110,1656
2024-03-18,11140,1728
2024-03-18,11170,2606
2024-03-18,11200,4028
2024-03-18,11215,4988
2024-03-18,11230,4601
2024-03-18,11260,5629
2024-03-18,11290,6298
2024-03-18,11305,3836
2024-03-18,11320,3957
2024-03-18,11350,7493
2024-03-18,11380,6659
2024-03-18,11410,4450
2024-03-18,11440,5316
2024-03-18,11470,6426
2024-03-18,11500,8655
2024-03-18,11530,6459
2024-03-18,11545,3444
2024-03-18,11560,5903
2024-03-18,11590,5216
2024-03-18,11620,6386
2024-03-18,11650,5629
2024-03-18,11680,7600
2024-03-18,11710,10527
2024-03-18,11740,7240
2024-03-19,11110,1248
2024-03-19,11140,1218
2024-03-19,11170,1797
2024-03-19,11200,2890
2024-03-19,11215,3470
2024-03-19,11230,3445
2024-03-19,11260,3971
2024-03-19,11290,4516
2024-03-19,11305,2690
2024-03-19,11320,2958
2024-03-19,11350,5339
2024-03-19,11380,4814
2024-03-19,11410,3107
2024-03-19,11440,3929
2024-03-19,11470,4770
2024-03-19,11500,6144
2024-03-19,11530,4544
2024-03-19,11545,2388
2024-03-19,11560,4272
2024-03-19,11590,3681
2024-03-19,11620,4613
2024-03-19,11650,4145
2024-03-19,11680,5852
2024-03-19,11710,7325
2024-03-19,11740,5306
2024-03-20,11110,1007
2024-03-20,11140,1074
2024-03-20,11170,1636
2024-03-20,11200,2514
2024-03-20,11215,3217
2024-03-20,11230,3039
2024-03-20,11260,3631
2024-03-20,11290,4025
2024-03-20,11305,2450
2024-03-20,11320,2532
2024-03-20,11350,4691
2024-03-20,11380,4376
2024-03-20,11410,2650
2024-03-20,11440,3255
2024-03-20,11470,4136
2024-03-20,11500,5538
2024-03-20,11530,4116
2024-03-20,11545,2127
2024-03-20,11560,3538
2024-03-20,11590,3298
2024-03-20,11620,4006
2024-03-20,11650,3883
2024-03-20,11680,5105
2024-03-20,11710,6558
2024-03-20,11740,4571
2024-03-21,11110,1188
2024-03-21,11140,1222
2024-03-21,11170,1887
2024-03-21,11200,3012
2024-03-21,11215,3615
2024-03-21,11230,3457
2024-03-21,11260,4099
2024-03-21,11290,4475
2024-03-21,11305,2776
2024-03-21,11320,2887
2024-03-21,11350,5263
2024-03-21,11380,4877
2024-03-21,11410,3275
2024-03-21,11440,4031
2024-03-21,11470,4933
2024-03-21,11500,6218
2024-03-21,11530,4753
2024-03-21,11545,2455
2024-03-21,11560,4274
2024-03-21,11590,3660
2024-03-21,11620,4685
2024-03-21,11650,4241
2024-03-21,11680,5605
2024-03-21,11710,7575
2024-03-21,11740,5571
2024-03-22,11110,1295
2024-03-22,11140,1396
2024-03-22,11170,2117
2024-03-22,11200,3345
2024-03-22,11215,3989
2024-03-22,11230,3692
2024-03-22,11260,4414
2024-03-22,11290,5244
2024-03-22,11305,3041
2024-03-22,11320,3203
2024-03-22,11350,6075
2024-03-22,11380,5617
2024-03-22,11410,3730
2024-03-22,11440,4578
2024-03-22,11470,5395
2024-03-22,11500,7023
2024-03-22,11530,5155
2024-03-22,11545,2603
2024-03-22,11560,4752
2024-03-22,11590,4150
2024-03-22,11620,5052
2024-03-22,11650,4719
2024-03-22,11680,6634
2024-03-22,11710,8578
2024-03-22,11740,5924
2024-03-23,11110,1081
2024-03-23,11140,1053
2024-03-23,11170,1746
2024-03-23,11200,2804
2024-03-23,11215,3190
2024-03-23,11230,3091
2024-03-23,11260,3658
2024-03-23,11290,4120
2024-03-23,11305,2326
2024-03-23,11320,2663
2024-03-23,11350,4961
2024-03-23,11380,4328
2024-03-23,11410,3055
2024-03-23,11440,3631
2024-03-23,11470,4714
2024-03-23,11500,6006
2024-03-23,11530,4293
2024-03-23,11545,2235
2024-03-23,11560,3876
2024-03-23,11590,3444
2024-03-23,11620,3716
2024-03-23,11650,4176
2024-03-23,11680,5462
2024-03-23,11710,7463
2024-03-23,11740,4998
2024-03-24,11110,123
2024-03-24,11140,145
2024-03-24,11170,231
2024-03-24,11200,370
2024-03-24,11215,393
2024-03-24,11230,672
2024-03-24,11260,409
2024-03-24,11290,534
2024-03-24,11305,296
2024-03-24,11320,336
2024-03-24,11350,694
2024-03-24,11380,752
2024-03-24,11410,431
2024-03-24,11440,588
2024-03-24,11470,837
2024-03-24,11500,1037
2024-03-24,11530,599
2024-03-24,11545,206
2024-03-24,11560,563
2024-03-24,11590,464
2024-03-24,11620,422
2024-03-24,11650,846
2024-03-24,11680,1437
2024-03-24,11710,1344
2024-03-24,11740,752
2024-03-25,11110,1567
2024-03-25,11140,1688
2024-03-25,11170,2760
2024-03-25,11200,4158
2024-03-25,11215,4803
2024-03-25,11230,4517
2024-03-25,11260,5463
2024-03-25,11290,6240
2024-03-25,11305,3835
2024-03-25,11320,4178
2024-03-25,11350,7486
2024-03-25,11380,6736
2024-03-25,11410,4380
2024-03-25,11440,5510
2024-03-25,11470,6446
2024-03-25,11500,8507
2024-03-25,11530,6482
2024-03-25,11545,3168
2024-03-25,11560,5720
2024-03-25,11590,5113
2024-03-25,11620,6286
2024-03-25,11650,5649
2024-03-25,11680,7679
2024-03-25,11710,10474
2024-03-25,11740,7295
2024-03-26,11110,1180
2024-03-26,11140,1238
2024-03-26,11170,1933
2024-03-26,11200,2997
2024-03-26,11215,3494
2024-03-26,11230,3494
2024-03-26,11260,4164
2024-03-26,11290,4646
2024-03-26,11305,2863
2024-03-26,11320,2921
2024-03-26,11350,5384
2024-03-26,11380,5037
2024-03-26,11410,3191
2024-03-26,11440,3905
2024-03-26,11470,4813
2024-03-26,11500,6248
2024-03-26,11530,4627
2024-03-26,11545,2339
2024-03-26,11560,4182
2024-03-26,11590,3733
2024-03-26,11620,4720
2024-03-26,11650,4224
2024-03-26,11680,5790
2024-03-26,11710,7612
2024-03-26,11740,5535
2024-03-27,11110,1017
2024-03-27,11140,1012
2024-03-27,11170,1612
2024-03-27,11200,2548
2024-03-27,11215,3124
2024-03-27,11230,2986
2024-03-27,11260,3452
2024-03-27,11290,3876
2024-03-27,11305,2384
2024-03-27,11320,2586
2024-03-27,11350,4573
2024-03-27,11380,4218
2024-03-27,11410,2654
2024-03-27,11440,3179
2024-03-27,11470,4108
2024-03-27,11500,5205
2024-03-27,11530,4027
2024-03-27,11545,1979
2024-03-27,11560,3552
2024-03-27,11590,3395
2024-03-27,11620,3972
2024-03-27,11650,3690
2024-03-27,11680,5161
2024-03-27,11710,6489
2024-03-27,11740,4452
2024-03-28,11110,1137
2024-03-28,11140,1132
2024-03-28,11170,1881
2024-03-28,11200,2908
2024-03-28,11215,3172
2024-03-28,11230,3250
2024-03-28,11260,3677
2024-03-28,11290,4208
2024-03-28,11305,2588
2024-03-28,11320,2689
2024-03-28,11350,4970
2024-03-28,11380,4623
2024-03-28,11410,2854
2024-03-28,11440,3857
2024-03-28,11470,4536
2024-03-28,11500,6001
2024-03-28,11530,4446
2024-03-28,11545,2262
2024-03-28,11560,4079
2024-03-28,11590,3499
2024-03-28,11620,4250
2024-03-28,11650,3843
2024-03-28,11680,5452
2024-03-28,11710,7087
2024-03-28,11740,5119
2024-03-29,11110,1224
2024-03-29,11140,1275
2024-03-29,11170,1996
2024-03-29,11200,3251
2024-03-29,11215,3576
2024-03-29,11230,3648
2024-03-29,11260,4261
2024-03-29,11290,5089
2024-03-29,11305,2934
2024-03-29,11320,3089
2024-03-29,11350,5756
2024-03-29,11380,5181
2024-03-29,11410,3408
2024-03-29,11440,4103
2024-03-29,11470,5068
2024-03-29,11500,6408
2024-03-29,11530,4996
2024-03-29,11545,2357
2024-03-29,11560,4468
2024-03-29,11590,4011
2024-03-29,11620,4730
2024-03-29,11650,4245
2024-03-29,11680,5956
2024-03-29,11710,8244
2024-03-29,11740,5587
2024-03-30,11110,960
2024-03-30,11140,1022
2024-03-30,11170,1632
2024-03-30,11200,2537
2024-03-30,11215,2818
2024-03-30,11230,3013
2024-03-30,11260,3438
2024-03-30,11290,3938
2024-03-30,11305,2246
2024-03-30,11320,2460
2024-03-30,11350,4747
2024-03-30,11380,4264
2024-03-30,11410,2845
2024-03-30,11440,3399
2024-03-30,11470,4376
2024-03-30,11500,5605
2024-03-30,11530,4021
2024-03-30,11545,2041
2024-03-30,11560,3705
2024-03-30,11590,3324
2024-03-30,11620,3625
2024-03-30,11650,3870
2024-03-30,11680,5093
2024-03-30,11710,6942
2024-03-30,11740,4802
2024-03-31,11110,113
2024-03-31,11140,130
2024-03-31,11170,250
2024-03-31,11200,362
2024-03-31,11215,367
2024-03-31,11230,651
2024-03-31,11260,521
2024-03-31,11290,505
2024-03-31,11305,349
2024-03-31,11320,393
2024-03-31,11350,893
2024-03-31,11380,759
2024-03-31,11410,434
2024-03-31,11440,578
2024-03-31,11470,967
2024-03-31,11500,1010
2024-03-31,11530,632
2024-03-31,11545,229
2024-03-31,11560,539
2024-03-31,11590,425
2024-03-31,11620,406
2024-03-31,11650,874
2024-03-31,11680,1460
2024-03-31,11710,1307
2024-03-31,11740,795
2024-04-01,11110,1707
2024-04-01,11140,1758
2024-04-01,11170,2650
2024-04-01,11200,4251
2024-04-01,11215,5016
2024-04-01,11230,4833
2024-04-01,11260,5674
2024-04-01,11290,6365
2024-04-01,11305,3838
2024-04-01,11320,4195
2024-04-01,11350,7682
2024-04-01,11380,6825
2024-04-01,11410,4467
2024-04-01,11440,5491
2024-04-01,11470,6506
2024-04-01,11500,8508
2024-04-01,11530,6669
2024-04-01,11545,3319
2024-04-01,11560,5926
2024-04-01,11590,5463
2024-04-01,11620,6752
2024-04-01,11650,5853
2024-04-01,11680,7883
2024-04-01,11710,10842
2024-04-01,11740,7502
2024-04-02,11110,1186
2024-04-02,11140,1233
2024-04-02,11170,1891
2024-04-02,11200,3095
2024-04-02,11215,3405
2024-04-02,11230,3542
2024-04-02,11260,4147
2024-04-02,11290,4810
2024-04-02,11305,2728
2024-04-02,11320,3008
2024-04-02,11350,5285
2024-04-02,11380,5110
2024-04-02,11410,3268
2024-04-02,11440,4104
2024-04-02,11470,4652
2024-04-02,11500,6093
2024-04-02,11530,4656
2024-04-02,11545,2425
2024-04-02,11560,4028
2024-04-02,11590,3911
2024-04-02,11620,4870
2024-04-02,11650,4179
2024-04-02,11680,5730
2024-04-02,11710,7512
2024-04-02,11740,5511
2024-04-03,11110,1177
2024-04-03,11140,1107
2024-04-03,11170,1621
2024-04-03,11200,2601
2024-04-03,11215,3095
2024-04-03,11230,3178
2024-04-03,11260,3584
2024-04-03,11290,4088
2024-04-03,11305,2359
2024-04-03,11320,2640
2024-04-03,11350,4784
2024-04-03,11380,4426
2024-04-03,11410,2639
2024-04-03,11440,3313
2024-04-03,11470,3973
2024-04-03,11500,5497
2024-04-03,11530,4085
2024-04-03,11545,2029
2024-04-03,11560,3728
2024-04-03,11590,3491
2024-04-03,11620,4048
2024-04-03,11650,3784
2024-04-03,11680,5168
2024-04-03,11710,6582
2024-04-03,11740,4704
2024-04-04,11110,1151
2024-04-04,11140,1180
2024-04-04,11170,1733
2024-04-04,11200,2875
2024-04-04,11215,3301
2024-04-04,11230,3268
2024-04-04,11260,3819
2024-04-04,11290,4314
2024-04-04,11305,2462
2024-04-04,11320,2739
2024-04-04,11350,4884
2024-04-04,11380,4545
2024-04-04,11410,2967
2024-04-04,11440,3717
2024-04-04,11470,4408
2024-04-04,11500,5589
2024-04-04,11530,4425
2024-04-04,11545,2289
2024-04-04,11560,3913
2024-04-04,11590,3420
2024-04-04,11620,4520
2024-04-04,11650,3899
2024-04-04,11680,5271
2024-04-04,11710,7100
2024-04-04,11740,5152
2024-04-05,11110,1314
2024-04-05,11140,1291
2024-04-05,11170,2003
2024-04-05,11200,3130
2024-04-05,11215,3727
2024-04-05,11230,3836
2024-04-05,11260,4249
2024-04-05,11290,4928
2024-04-05,11305,2883
2024-04-05,11320,3056
2024-04-05,11350,5828
2024-04-05,11380,5204
2024-04-05,11410,3559
2024-04-05,11440,4260
2024-04-05,11470,4881
2024-04-05,11500,6478
2024-04-05,11530,5019
2024-04-05,11545,2502
2024-04-05,11560,4549
2024-04-05,11590,4049
2024-04-05,11620,4925
2024-04-05,11650,4419
2024-04-05,11680,6116
2024-04-05,11710,8165
2024-04-05,11740,6007
2024-04-06,11110,948
2024-04-06,11140,1057
2024-04-06,11170,1584
2024-04-06,11200,2543
2024-04-06,11215,2927
2024-04-06,11230,2919
2024-04-06,11260,3330
2024-04-06,11290,3901
2024-04-06,11305,2153
2024-04-06,11320,2310
2024-04-06,11350,4491
2024-04-06,11380,4163
2024-04-06,11410,2768
2024-04-06,11440,3351
2024-04-06,11470,3985
2024-04-06,11500,5206
2024-04-06,11530,3889
2024-04-06,11545,2085
2024-04-06,11560,3724
2024-04-06,11590,3221
2024-04-06,11620,3617
2024-04-06,11650,3645
2024-04-06,11680,5137
2024-04-06,11710,6781
2024-04-06,11740,4742
2024-04-07,11110,119
2024-04-07,11140,130
2024-04-07,11170,213
2024-04-07,11200,363
2024-04-07,11215,366
2024-04-07,11230,654
2024-04-07,11260,494
2024-04-07,11290,532
2024-04-07,11305,378
2024-04-07,11320,367
2024-04-07,11350,874
2024-04-07,11380,704
2024-04-07,11410,423
2024-04-07,11440,547
2024-04-07,11470,845
2024-04-07,11500,1001
2024-04-07,11530,645
2024-04-07,11545,226
2024-04-07,11560,592
2024-04-07,11590,444
2024-04-07,11620,400
2024-04-07,11650,844
2024-04-07,11680,1349
2024-04-07,11710,1207
2024-04-07,11740,735
2024-04-08,11110,1703
2024-04-08,11140,1668
2024-04-08,11170,2596
2024-04-08,11200,4073
2024-04-08,11215,5037
2024-04-08,11230,4775
2024-04-08,11260,5628
2024-04-08,11290,6503
2024-04-08,11305,3713
2024-04-08,11320,3993
2024-04-08,11350,7634
2024-04-08,11380,6912
2024-04-08,11410,4589
2024-04-08,11440,5506
2024-04-08,11470,6287
2024-04-08,11500,8468
2024-04-08,11530,6523
2024-04-08,11545,3305
2024-04-08,11560,5941
2024-04-08,11590,5440
2024-04-08,11620,6687
2024-04-08,11650,5743
2024-04-08,11680,7815
2024-04-08,11710,10452
2024-04-08,11740,7525
2024-04-09,11110,1304
2024-04-09,11140,1287
2024-04-09,11170,1970
2024-04-09,11200,3136
2024-04-09,11215,3786
2024-04-09,11230,3840
2024-04-09,11260,4206
2024-04-09,11290,4727
2024-04-09,11305,2770
2024-04-09,11320,3050
2024-04-09,11350,5545
2024-04-09,11380,5031
2024-04-09,11410,3475
2024-04-09,11440,4168
2024-04-09,11470,4828
2024-04-09,11500,6368
2024-04-09,11530,4801
2024-04-09,11545,2444
2024-04-09,11560,4503
2024-04-09,11590,3950
2024-04-09,11620,4965
2024-04-09,11650,4335
2024-04-09,11680,5900
2024-04-09,11710,7834
2024-04-09,11740,5774
2024-04-10,11110,345
2024-04-10,11140,302
2024-04-10,11170,484
2024-04-10,11200,878
2024-04-10,11215,939
2024-04-10,11230,998
2024-04-10,11260,1141
2024-04-10,11290,1479
2024-04-10,11305,775
2024-04-10,11320,995
2024-04-10,11350,1629
2024-04-10,11380,1631
2024-04-10,11410,891
2024-04-10,11440,1014
2024-04-10,11470,1682
2024-04-10,11500,2006
2024-04-10,11530,1389
2024-04-10,11545,736
2024-04-10,11560,1369
2024-04-10,11590,1387
2024-04-10,11620,1164
2024-04-10,11650,1767
2024-04-10,11680,2380
2024-04-10,11710,2582
2024-04-10,11740,1545
2024-04-11,11110,1453
2024-04-11,11140,1374
2024-04-11,11170,2213
2024-04-11,11200,3540
2024-04-11,11215,4306
2024-04-11,11230,4059
2024-04-11,11260,4663
2024-04-11,11290,5191
2024-04-11,11305,2988
2024-04-11,11320,3349
2024-04-11,11350,5981
2024-04-11,11380,5564
2024-04-11,11410,3557
2024-04-11,11440,4587
2024-04-11,11470,5398
2024-04-11,11500,6919
2024-04-11,11530,5314
2024-04-11,11545,2816
2024-04-11,11560,4907
2024-04-11,11590,4260
2024-04-11,11620,5467
2024-04-11,11650,4593
2024-04-11,11680,6407
2024-04-11,11710,8637
2024-04-11,11740,6404
2024-04-12,11110,1273
2024-04-12,11140,1338
2024-04-12,11170,2004
2024-04-12,11200,3135
2024-04-12,11215,3733
2024-04-12,11230,3607
2024-04-12,11260,4147
2024-04-12,11290,4985
2024-04-12,11305,2819
2024-04-12,11320,2996
2024-04-12,11350,5723
2024-04-12,11380,5000
2024-04-12,11410,3386
2024-04-12,11440,4250
2024-04-12,11470,4889
2024-04-12,11500,6508
2024-04-12,11530,4856
2024-04-12,11545,2503
2024-04-12,11560,4501
2024-04-12,11590,3901
2024-04-12,11620,4986
2024-04-12,11650,4314
2024-04-12,11680,6185
2024-04-12,11710,7985
2024-04-12,11740,5779
2024-04-13,11110,902
2024-04-13,11140,951
2024-04-13,11170,1469
2024-04-13,11200,2369
2024-04-13,11215,2762
2024-04-13,11230,2689
2024-04-13,11260,3069
2024-04-13,11290,3703
2024-04-13,11305,1938
2024-04-13,11320,2310
2024-04-13,11350,4372
2024-04-13,11380,3754
2024-04-13,11410,2594
2024-04-13,11440,3023
2024-04-13,11470,3956
2024-04-13,11500,4757
2024-04-13,11530,3564
2024-04-13,11545,1875
2024-04-13,11560,3389
2024-04-13,11590,3142
2024-04-13,11620,3404
2024-04-13,11650,3625
2024-04-13,11680,4799
2024-04-13,11710,6351
2024-04-13,11740,4476
2024-04-14,11110,120
2024-04-14,11140,134
2024-04-14,11170,220
2024-04-14,11200,309
2024-04-14,11215,282
2024-04-14,11230,589
2024-04-14,11260,440
2024-04-14,11290,442
2024-04-14,11305,271
2024-04-14,11320,353
2024-04-14,11350,671
2024-04-14,11380,614
2024-04-14,11410,359
2024-04-14,11440,555
2024-04-14,11470,752
2024-04-14,11500,907
2024-04-14,11530,561
2024-04-14,11545,178
2024-04-14,11560,499
2024-04-14,11590,424
2024-04-14,11620,465
2024-04-14,11650,856
2024-04-14,11680,1395
2024-04-14,11710,1234
2024-04-14,11740,780
2024-04-15,11110,1573
2024-04-15,11140,1562
2024-04-15,11170,2488
2024-04-15,11200,3931
2024-04-15,11215,4738
2024-04-15,11230,4645
2024-04-15,11260,5323
2024-04-15,11290,5940
2024-04-15,11305,3591
2024-04-15,11320,3919
2024-04-15,11350,7263
2024-04-15,11380,6300
2024-04-15,11410,4024
2024-04-15,11440,5013
2024-04-15,11470,6131
2024-04-15,11500,7774
2024-04-15,11530,6074
2024-04-15,11545,3177
2024-04-15,11560,5586
2024-04-15,11590,5056
2024-04-15,11620,6174
2024-04-15,11650,5589
2024-04-15,11680,7713
2024-04-15,11710,10285
2024-04-15,11740,7125
2024-04-16,11110,1203
2024-04-16,11140,1165
2024-04-16,11170,1847
2024-04-16,11200,2819
2024-04-16,11215,3228
2024-04-16,11230,3306
2024-04-16,11260,3731
2024-04-16,11290,4346
2024-04-16,11305,2591
2024-04-16,11320,2907
2024-04-16,11350,5191
2024-04-16,11380,4638
2024-04-16,11410,3085
2024-04-16,11440,3663
2024-04-16,11470,4502
2024-04-16,11500,5515
2024-04-16,11530,4277
2024-04-16,11545,2330
2024-04-16,11560,3839
2024-04-16,11590,3585
2024-04-16,11620,4431
2024-04-16,11650,3957
2024-04-16,11680,5668
2024-04-16,11710,7063
2024-04-16,11740,5241
2024-04-17,11110,972
2024-04-17,11140,979
2024-04-17,11170,1453
2024-04-17,11200,2192
2024-04-17,11215,2834
2024-04-17,11230,2814
2024-04-17,11260,3188
2024-04-17,11290,3539
2024-04-17,11305,2156
2024-04-17,11320,2426
2024-04-17,11350,4312
2024-04-17,11380,3922
2024-04-17,11410,2455
2024-04-17,11440,2964
2024-04-17,11470,3675
2024-04-17,11500,4786
2024-04-17,11530,3659
2024-04-17,11545,1863
2024-04-17,11560,3226
2024-04-17,11590,3075
2024-04-17,11620,3718
2024-04-17,11650,3435
2024-04-17,11680,4735
2024-04-17,11710,5937
2024-04-17,11740,4246
2024-04-18,11110,1182
2024-04-18,11140,1094
2024-04-18,11170,1690
2024-04-18,11200,2706
2024-04-18,11215,3158
2024-04-18,11230,2984
2024-04-18,11260,3528
2024-04-18,11290,4008
2024-04-18,11305,2376
2024-04-18,11320,2659
2024-04-18,11350,4552
2024-04-18,11380,4465
2024-04-18,11410,2675
2024-04-18,11440,3525
2024-04-18,11470,4233
2024-04-18,11500,5556
2024-04-18,11530,4316
2024-04-18,11545,2247
2024-04-18,11560,3670
2024-04-18,11590,3329
2024-04-18,11620,4198
2024-04-18,11650,3719
2024-04-18,11680,5315
2024-04-18,11710,6614
2024-04-18,11740,4845
2024-04-19,11110,1350
2024-04-19,11140,1266
2024-04-19,11170,1888
2024-04-19,11200,3081
2024-04-19,11215,3680
2024-04-19,11230,3676
2024-04-19,11260,4093
2024-04-19,11290,4904
2024-04-19,11305,2992
2024-04-19,11320,3139
2024-04-19,11350,5609
2024-04-19,11380,5155
2024-04-19,11410,3568
2024-04-19,11440,4226
2024-04-19,11470,5038
2024-04-19,11500,6235
2024-04-19,11530,4836
2024-04-19,11545,2511
2024-04-19,11560,4594
2024-04-19,11590,4089
2024-04-19,11620,4811
2024-04-19,11650,4484
2024-04-19,11680,6240
2024-04-19,11710,8025
2024-04-19,11740,5875
2024-04-20,11110,1026
2024-04-20,11140,1007
2024-04-20,11170,1519
2024-04-20,11200,2657
2024-04-20,11215,2947
2024-04-20,11230,2858
2024-04-20,11260,3349
2024-04-20,11290,3887
2024-04-20,11305,2203
2024-04-20,11320,2508
2024-04-20,11350,4704
2024-04-20,11380,4225
2024-04-20,11410,2640
2024-04-20,11440,3265
2024-04-20,11470,4240
2024-04-20,11500,5228
2024-04-20,11530,3902
2024-04-20,11545,2098
2024-04-20,11560,3610
2024-04-20,11590,3226
2024-04-20,11620,3759
2024-04-20,11650,3900
2024-04-20,11680,5136
2024-04-20,11710,6837
2024-04-20,11740,4794
2024-04-21,11110,104
2024-04-21,11140,148
2024-04-21,11170,186
2024-04-21,11200,338
2024-04-21,11215,355
2024-04-21,11230,579
2024-04-21,11260,461
2024-04-21,11290,481
2024-04-21,11305,393
2024-04-21,11320,335
2024-04-21,11350,871
2024-04-21,11380,695
2024-04-21,11410,347
2024-04-21,11440,556
2024-04-21,11470,757
2024-04-21,11500,888
2024-04-21,11530,602
2024-04-21,11545,208
2024-04-21,11560,551
2024-04-21,11590,420
2024-04-21,11620,444
2024-04-21,11650,843
2024-04-21,11680,1349
2024-04-21,11710,1145
2024-04-21,11740,805
2024-04-22,11110,1593
2024-04-22,11140,1573
2024-04-22,11170,2385
2024-04-22,11200,3905
2024-04-22,11215,4669
2024-04-22,11230,4385
2024-04-22,11260,5208
2024-04-22,11290,5797
2024-04-22,11305,3653
2024-04-22,11320,3841
2024-04-22,11350,6932
2024-04-22,11380,6294
2024-04-22,11410,4109
2024-04-22,11440,4985
2024-04-22,11470,6114
2024-04-22,11500,7863
2024-04-22,11530,6000
2024-04-22,11545,3277
2024-04-22,11560,5580
2024-04-22,11590,4827
2024-04-22,11620,6080
2024-04-22,11650,5419
2024-04-22,11680,7472
2024-04-22,11710,10062
2024-04-22,11740,7148
2024-04-23,11110,1180
2024-04-23,11140,1209
2024-04-23,11170,1693
2024-04-23,11200,2738
2024-04-23,11215,3246
2024-04-23,11230,3230
2024-04-23,11260,3646
2024-04-23,11290,4278
2024-04-23,11305,2535
2024-04-23,11320,2774
2024-04-23,11350,4915
2024-04-23,11380,4524
2024-04-23,11410,3080
2024-04-23,11440,3726
2024-04-23,11470,4481
2024-04-23,11500,5601
2024-04-23,11530,4217
2024-04-23,11545,2251
2024-04-23,11560,3829
2024-04-23,11590,3531
2024-04-23,11620,4273
2024-04-23,11650,4066
2024-04-23,11680,5650
2024-04-23,11710,6842
2024-04-23,11740,5048
2024-04-24,11110,1031
2024-04-24,11140,1093
2024-04-24,11170,1515
2024-04-24,11200,2329
2024-04-24,11215,3040
2024-04-24,11230,2879
2024-04-24,11260,3227
2024-04-24,11290,3894
2024-04-24,11305,2221
2024-04-24,11320,2517
2024-04-24,11350,4430
2024-04-24,11380,4040
2024-04-24,11410,2560
2024-04-24,11440,3039
2024-04-24,11470,4040
2024-04-24,11500,5090
2024-04-24,11530,3736
2024-04-24,11545,2030
2024-04-24,11560,3619
2024-04-24,11590,3170
2024-04-24,11620,3778
2024-04-24,11650,3532
2024-04-24,11680,4868
2024-04-24,11710,6251
2024-04-24,11740,4476
2024-04-25,11110,1105
2024-04-25,11140,1059
2024-04-25,11170,1549
2024-04-25,11200,2732
2024-04-25,11215,3135
2024-04-25,11230,3053
2024-04-25,11260,3567
2024-04-25,11290,4064
2024-04-25,11305,2491
2024-04-25,11320,2659
2024-04-25,11350,4683
2024-04-25,11380,4252
2024-04-25,11410,2835
2024-04-25,11440,3451
2024-04-25,11470,4124
2024-04-25,11500,5464
2024-04-25,11530,4056
2024-04-25,11545,2206
2024-04-25,11560,3851
2024-04-25,11590,3275
2024-04-25,11620,4209
2024-04-25,11650,3678
2024-04-25,11680,5191
2024-04-25,11710,6548
2024-04-25,11740,4903
2024-04-26,11110,1149
2024-04-26,11140,1282
2024-04-26,11170,1785
2024-04-26,11200,2867
2024-04-26,11215,3525
2024-04-26,11230,3320
2024-04-26,11260,3818
2024-04-26,11290,4587
2024-04-26,11305,2699
2024-04-26,11320,2853
2024-04-26,11350,5308
2024-04-26,11380,4765
2024-04-26,11410,3139
2024-04-26,11440,3910
2024-04-26,11470,4745
2024-04-26,11500,5833
2024-04-26,11530,4530
2024-04-26,11545,2408
2024-04-26,11560,4168
2024-04-26,11590,3592
2024-04-26,11620,4464
2024-04-26,11650,3992
2024-04-26,11680,5627
2024-04-26,11710,7470
2024-04-26,11740,5511
2024-04-27,11110,823
2024-04-27,11140,908
2024-04-27,11170,1407
2024-04-27,11200,2404
2024-04-27,11215,2662
2024-04-27,11230,2606
2024-04-27,11260,3043
2024-04-27,11290,3551
2024-04-27,11305,2005
2024-04-27,11320,2092
2024-04-27,11350,4231
2024-04-27,11380,3810
2024-04-27,11410,2483
2024-04-27,11440,2875
2024-04-27,11470,3768
2024-04-27,11500,4818
2024-04-27,11530,3520
2024-04-27,11545,1920
2024-04-27,11560,3305
2024-04-27,11590,2935
2024-04-27,11620,3339
2024-04-27,11650,3404
2024-04-27,11680,4634
2024-04-27,11710,6196
2024-04-27,11740,4414
2024-04-28,11110,120
2024-04-28,11140,130
2024-04-28,11170,192
2024-04-28,11200,334
2024-04-28,11215,317
2024-04-28,11230,534
2024-04-28,11260,383
2024-04-28,11290,487
2024-04-28,11305,273
2024-04-28,11320,338
2024-04-28,11350,648
2024-04-28,11380,565
2024-04-28,11410,401
2024-04-28,11440,469
2024-04-28,11470,790
2024-04-28,11500,869
2024-04-28,11530,532
2024-04-28,11545,176
2024-04-28,11560,506
2024-04-28,11590,433
2024-04-28,11620,420
2024-04-28,11650,831
2024-04-28,11680,1200
2024-04-28,11710,1125
2024-04-28,11740,712
2024-04-29,11110,1548
2024-04-29,11140,1568
2024-04-29,11170,2371
2024-04-29,11200,3771
2024-04-29,11215,4671
2024-04-29,11230,4425
2024-04-29,11260,5268
2024-04-29,11290,5970
2024-04-29,11305,3517
2024-04-29,11320,3835
2024-04-29,11350,6905
2024-04-29,11380,6010
2024-04-29,11410,4120
2024-04-29,11440,4969
2024-04-29,11470,5963
2024-04-29,11500,7681
2024-04-29,11530,5861
2024-04-29,11545,3117
2024-04-29,11560,5471
2024-04-29,11590,4872
2024-04-29,11620,5848
2024-04-29,11650,5215
2024-04-29,11680,7141
2024-04-29,11710,9568
2024-04-29,11740,7139
2024-04-30,11110,1040
2024-04-30,11140,1129
2024-04-30,11170,1736
2024-04-30,11200,2803
2024-04-30,11215,3304
2024-04-30,11230,3164
2024-04-30,11260,3587
2024-04-30,11290,4240
2024-04-30,11305,2575
2024-04-30,11320,2690
2024-04-30,11350,4681
2024-04-30,11380,4504
2024-04-30,11410,3036
2024-04-30,11440,3529
2024-04-30,11470,4278
2024-04-30,11500,5402
2024-04-30,11530,4130
2024-04-30,11545,2196
2024-04-30,11560,3841
2024-04-30,11590,3459
2024-04-30,11620,4074
2024-04-30,11650,3741
2024-04-30,11680,5418
2024-04-30,11710,6763
2024-04-30,11740,5017
2024-05-01,11110,779
2024-05-01,11140,808
2024-05-01,11170,1161
2024-05-01,11200,2187
2024-05-01,11215,2647
2024-05-01,11230,2406
2024-05-01,11260,2604
2024-05-01,11290,3186
2024-05-01,11305,1818
2024-05-01,11320,2340
2024-05-01,11350,3851
2024-05-01,11380,3377
2024-05-01,11410,2157
2024-05-01,11440,2574
2024-05-01,11470,3124
2024-05-01,11500,4257
2024-05-01,11530,3358
2024-05-01,11545,1770
2024-05-01,11560,2895
2024-05-01,11590,2684
2024-05-01,11620,2985
2024-05-01,11650,3158
2024-05-01,11680,4072
2024-05-01,11710,5372
2024-05-01,11740,3931
2024-05-02,11110,1151
2024-05-02,11140,1119
2024-05-02,11170,1881
2024-05-02,11200,2857
2024-05-02,11215,3592
2024-05-02,11230,3366
2024-05-02,11260,3903
2024-05-02,11290,4423
2024-05-02,11305,2684
2024-05-02,11320,2811
2024-05-02,11350,4936
2024-05-02,11380,4569
2024-05-02,11410,3035
2024-05-02,11440,3754
2024-05-02,11470,4711
2024-05-02,11500,5938
2024-05-02,11530,4540
2024-05-02,11545,2453
2024-05-02,11560,4170
2024-05-02,11590,3589
2024-05-02,11620,4653
2024-05-02,11650,4060
2024-05-02,11680,5631
2024-05-02,11710,7069
2024-05-02,11740,5354
2024-05-03,11110,1278
2024-05-03,11140,1255
2024-05-03,11170,1910
2024-05-03,11200,2993
2024-05-03,11215,3709
2024-05-03,11230,3518
2024-05-03,11260,4140
2024-05-03,11290,4771
2024-05-03,11305,2900
2024-05-03,11320,3034
2024-05-03,11350,5802
2024-05-03,11380,4926
2024-05-03,11410,3362
2024-05-03,11440,4038
2024-05-03,11470,5035
2024-05-03,11500,6432
2024-05-03,11530,4925
2024-05-03,11545,2461
2024-05-03,11560,4439
2024-05-03,11590,3807
2024-05-03,11620,4584
2024-05-03,11650,4192
2024-05-03,11680,5969
2024-05-03,11710,7900
2024-05-03,11740,5947
2024-05-04,11110,843
2024-05-04,11140,895
2024-05-04,11170,1426
2024-05-04,11200,2387
2024-05-04,11215,2695
2024-05-04,11230,2601
2024-05-04,11260,3102
2024-05-04,11290,3516
2024-05-04,11305,1985
2024-05-04,11320,2197
2024-05-04,11350,4265
2024-05-04,11380,3686
2024-05-04,11410,2486
2024-05-04,11440,2811
2024-05-04,11470,3686
2024-05-04,11500,4874
2024-05-04,11530,3463
2024-05-04,11545,1865
2024-05-04,11560,3336
2024-05-04,11590,2852
2024-05-04,11620,3309
2024-05-04,11650,3508
2024-05-04,11680,4581
2024-05-04,11710,6105
2024-05-04,11740,4351
2024-05-05,11110,120
2024-05-05,11140,114
2024-05-05,11170,174
2024-05-05,11200,266
2024-05-05,11215,278
2024-05-05,11230,404
2024-05-05,11260,414
2024-05-05,11290,382
2024-05-05,11305,280
2024-05-05,11320,208
2024-05-05,11350,660
2024-05-05,11380,600
2024-05-05,11410,337
2024-05-05,11440,467
2024-05-05,11470,639
2024-05-05,11500,673
2024-05-05,11530,471
2024-05-05,11545,194
2024-05-05,11560,438
2024-05-05,11590,371
2024-05-05,11620,345
2024-05-05,11650,641
2024-05-05,11680,1004
2024-05-05,11710,904
2024-05-05,11740,587
2024-05-06,11110,229
2024-05-06,11140,318
2024-05-06,11170,480
2024-05-06,11200,846
2024-05-06,11215,1073
2024-05-06,11230,1061
2024-05-06,11260,1319
2024-05-06,11290,1450
2024-05-06,11305,916
2024-05-06,11320,995
2024-05-06,11350,1840
2024-05-06,11380,1560
2024-05-06,11410,905
2024-05-06,11440,1046
2024-05-06,11470,1596
2024-05-06,11500,2062
2024-05-06,11530,1448
2024-05-06,11545,667
2024-05-06,11560,1359
2024-05-06,11590,1207
2024-05-06,11620,1449
2024-05-06,11650,1662
2024-05-06,11680,2204
2024-05-06,11710,2595
2024-05-06,11740,2577
2024-05-07,11110,1434
2024-05-07,11140,1402
2024-05-07,11170,2363
2024-05-07,11200,3655
2024-05-07,11215,4296
2024-05-07,11230,4158
2024-05-07,11260,5104
2024-05-07,11290,5521
2024-05-07,11305,3378
2024-05-07,11320,3654
2024-05-07,11350,6531
2024-05-07,11380,5739
2024-05-07,11410,4038
2024-05-07,11440,4730
2024-05-07,11470,5618
2024-05-07,11500,7578
2024-05-07,11530,5678
2024-05-07,11545,3035
2024-05-07,11560,5347
2024-05-07,11590,4543
2024-05-07,11620,5603
2024-05-07,11650,4858
2024-05-07,11680,6780
2024-05-07,11710,8844
2024-05-07,11740,6502
2024-05-08,11110,948
2024-05-08,11140,977
2024-05-08,11170,1423
2024-05-08,11200,2306
2024-05-08,11215,2627
2024-05-08,11230,2712
2024-05-08,11260,3193
2024-05-08,11290,3559
2024-05-08,11305,2065
2024-05-08,11320,2265
2024-05-08,11350,4251
2024-05-08,11380,3714
2024-05-08,11410,2380
2024-05-08,11440,2949
2024-05-08,11470,3582
2024-05-08,11500,4766
2024-05-08,11530,3676
2024-05-08,11545,1850
2024-05-08,11560,3247
2024-05-08,11590,2937
2024-05-08,11620,3682
2024-05-08,11650,3309
2024-05-08,11680,4459
2024-05-08,11710,5432
2024-05-08,11740,4052
2024-05-09,11110,1028
2024-05-09,11140,1012
2024-05-09,11170,1495
2024-05-09,11200,2475
2024-05-09,11215,2876
2024-05-09,11230,2883
2024-05-09,11260,3313
2024-05-09,11290,3592
2024-05-09,11305,2369
2024-05-09,11320,2434
2024-05-09,11350,4255
2024-05-09,11380,3759
2024-05-09,11410,2534
2024-05-09,11440,3264
2024-05-09,11470,4009
2024-05-09,11500,5158
2024-05-09,11530,3787
2024-05-09,11545,2021
2024-05-09,11560,3410
2024-05-09,11590,2990
2024-05-09,11620,3896
2024-05-09,11650,3453
2024-05-09,11680,4795
2024-05-09,11710,6020
2024-05-09,11740,4743
2024-05-10,11110,1162
2024-05-10,11140,1220
2024-05-10,11170,1791
2024-05-10,11200,2887
2024-05-10,11215,3517
2024-05-10,11230,3398
2024-05-10,11260,3909
2024-05-10,11290,4401
2024-05-10,11305,2733
2024-05-10,11320,2838
2024-05-10,11350,5364
2024-05-10,11380,4551
2024-05-10,11410,3168
2024-05-10,11440,3746
2024-05-10,11470,4552
2024-05-10,11500,6059
2024-05-10,11530,4582
2024-05-10,11545,2346
2024-05-10,11560,4409
2024-05-10,11590,3648
2024-05-10,11620,4640
2024-05-10,11650,4013
2024-05-10,11680,5432
2024-05-10,11710,7284
2024-05-10,11740,5494
2024-05-11,11110,817
2024-05-11,11140,984
2024-05-11,11170,1412
2024-05-11,11200,2494
2024-05-11,11215,2665
2024-05-11,11230,2600
2024-05-11,11260,3116
2024-05-11,11290,3584
2024-05-11,11305,2053
2024-05-11,11320,2246
2024-05-11,11350,4286
2024-05-11,11380,3659
2024-05-11,11410,2559
2024-05-11,11440,2987
2024-05-11,11470,4074
2024-05-11,11500,4955
2024-05-11,11530,3646
2024-05-11,11545,1957
2024-05-11,11560,3451
2024-05-11,11590,2965
2024-05-11,11620,3472
2024-05-11,11650,3465
2024-05-11,11680,4727
2024-05-11,11710,6085
2024-05-11,11740,4573
2024-05-12,11110,106
2024-05-12,11140,123
2024-05-12,11170,165
2024-05-12,11200,339
2024-05-12,11215,299
2024-05-12,11230,511
2024-05-12,11260,383
2024-05-12,11290,446
2024-05-12,11305,274
2024-05-12,11320,319
2024-05-12,11350,672
2024-05-12,11380,599
2024-05-12,11410,360
2024-05-12,11440,500
2024-05-12,11470,805
2024-05-12,11500,818
2024-05-12,11530,538
2024-05-12,11545,172
2024-05-12,11560,498
2024-05-12,11590,400
2024-05-12,11620,426
2024-05-12,11650,738
2024-05-12,11680,1259
2024-05-12,11710,1146
2024-05-12,11740,718
2024-05-13,11110,1472
2024-05-13,11140,1520
2024-05-13,11170,2406
2024-05-13,11200,3650
2024-05-13,11215,4227
2024-05-13,11230,4087
2024-05-13,11260,4913
2024-05-13,11290,5480
2024-05-13,11305,3332
2024-05-13,11320,3648
2024-05-13,11350,6534
2024-05-13,11380,5802
2024-05-13,11410,3794
2024-05-13,11440,4613
2024-05-13,11470,5801
2024-05-13,11500,7676
2024-05-13,11530,5732
2024-05-13,11545,3080
2024-05-13,11560,5245
2024-05-13,11590,4507
2024-05-13,11620,5831
2024-05-13,11650,4973
2024-05-13,11680,6891
2024-05-13,11710,8926
2024-05-13,11740,6901
2024-05-14,11110,1113
2024-05-14,11140,1130
2024-05-14,11170,1719
2024-05-14,11200,2729
2024-05-14,11215,3116
2024-05-14,11230,3266
2024-05-14,11260,3658
2024-05-14,11290,4326
2024-05-14,11305,2625
2024-05-14,11320,2747
2024-05-14,11350,4973
2024-05-14,11380,4425
2024-05-14,11410,3091
2024-05-14,11440,3430
2024-05-14,11470,4421
2024-05-14,11500,5688
2024-05-14,11530,4207
2024-05-14,11545,2352
2024-05-14,11560,4093
2024-05-14,11590,3461
2024-05-14,11620,4458
2024-05-14,11650,3880
2024-05-14,11680,5342
2024-05-14,11710,6619
2024-05-14,11740,5050
2024-05-15,11110,170
2024-05-15,11140,187
2024-05-15,11170,262
2024-05-15,11200,494
2024-05-15,11215,422
2024-05-15,11230,538
2024-05-15,11260,532
2024-05-15,11290,779
2024-05-15,11305,412
2024-05-15,11320,465
2024-05-15,11350,1013
2024-05-15,11380,893
2024-05-15,11410,570
2024-05-15,11440,607
2024-05-15,11470,1091
2024-05-15,11500,1342
2024-05-15,11530,759
2024-05-15,11545,366
2024-05-15,11560,751
2024-05-15,11590,640
2024-05-15,11620,672
2024-05-15,11650,1016
2024-05-15,11680,1377
2024-05-15,11710,1528
2024-05-15,11740,953
2024-05-16,11110,1357
2024-05-16,11140,1326
2024-05-16,11170,2085
2024-05-16,11200,3329
2024-05-16,11215,3913
2024-05-16,11230,3757
2024-05-16,11260,4574
2024-05-16,11290,4968
2024-05-16,11305,3002
2024-05-16,11320,3401
2024-05-16,11350,5649
2024-05-16,11380,5150
2024-05-16,11410,3377
2024-05-16,11440,4059
2024-05-16,11470,5158
2024-05-16,11500,6707
2024-05-16,11530,5121
2024-05-16,11545,2817
2024-05-16,11560,4712
2024-05-16,11590,4108
2024-05-16,11620,5123
2024-05-16,11650,4441
2024-05-16,11680,6290
2024-05-16,11710,8055
2024-05-16,11740,6072
2024-05-17,11110,1168
2024-05-17,11140,1223
2024-05-17,11170,1854
2024-05-17,11200,2920
2024-05-17,11215,3366
2024-05-17,11230,3361
2024-05-17,11260,3860
2024-05-17,11290,4618
2024-05-17,11305,2762
2024-05-17,11320,2943
2024-05-17,11350,5355
2024-05-17,11380,4649
2024-05-17,11410,3184
2024-05-17,11440,3828
2024-05-17,11470,4667
2024-05-17,11500,6075
2024-05-17,11530,4542
2024-05-17,11545,2275
2024-05-17,11560,4086
2024-05-17,11590,3648
2024-05-17,11620,4558
2024-05-17,11650,4028
2024-05-17,11680,5671
2024-05-17,11710,7327
2024-05-17,11740,5554
2024-05-18,11110,746
2024-05-18,11140,845
2024-05-18,11170,1361
2024-05-18,11200,2244
2024-05-18,11215,2329
2024-05-18,11230,2374
2024-05-18,11260,2728
2024-05-18,11290,3323
2024-05-18,11305,1871
2024-05-18,11320,1966
2024-05-18,11350,3867
2024-05-18,11380,3451
2024-05-18,11410,2346
2024-05-18,11440,2715
2024-05-18,11470,3366
2024-05-18,11500,4438
2024-05-18,11530,3263
2024-05-18,11545,1834
2024-05-18,11560,3085
2024-05-18,11590,2647
2024-05-18,11620,2958
2024-05-18,11650,3043
2024-05-18,11680,4181
2024-05-18,11710,5497
2024-05-18,11740,3963
2024-05-19,11110,99
2024-05-19,11140,124
2024-05-19,11170,151
2024-05-19,11200,290
2024-05-19,11215,256
2024-05-19,11230,467
2024-05-19,11260,403
2024-05-19,11290,509
2024-05-19,11305,312
2024-05-19,11320,299
2024-05-19,11350,769
2024-05-19,11380,639
2024-05-19,11410,341
2024-05-19,11440,450
2024-05-19,11470,772
2024-05-19,11500,811
2024-05-19,11530,558
2024-05-19,11545,168
2024-05-19,11560,540
2024-05-19,11590,397
2024-05-19,11620,388
2024-05-19,11650,731
2024-05-19,11680,1170
2024-05-19,11710,956
2024-05-19,11740,664
2024-05-20,11110,1396
2024-05-20,11140,1379
2024-05-20,11170,2217
2024-05-20,11200,3458
2024-05-20,11215,4193
2024-05-20,11230,3904
2024-05-20,11260,4683
2024-05-20,11290,5433
2024-05-20,11305,3229
2024-05-20,11320,3540
2024-05-20,11350,6299
2024-05-20,11380,5690
2024-05-20,11410,3601
2024-05-20,11440,4400
2024-05-20,11470,5603
2024-05-20,11500,7317
2024-05-20,11530,5565
2024-05-20,11545,2838
2024-05-20,11560,5152
2024-05-20,11590,4444
2024-05-20,11620,5484
2024-05-20,11650,4698
2024-05-20,11680,6449
2024-05-20,11710,8706
2024-05-20,11740,6425
2024-05-21,11110,986
2024-05-21,11140,1035
2024-05-21,11170,1468
2024-05-21,11200,2274
2024-05-21,11215,2521
2024-05-21,11230,2736
2024-05-21,11260,3108
2024-05-21,11290,3738
2024-05-21,11305,2204
2024-05-21,11320,2314
2024-05-21,11350,4130
2024-05-21,11380,3658
2024-05-21,11410,2578
2024-05-21,11440,2930
2024-05-21,11470,3782
2024-05-21,11500,4852
2024-05-21,11530,3583
2024-05-21,11545,1878
2024-05-21,11560,3314
2024-05-21,11590,3046
2024-05-21,11620,3669
2024-05-21,11650,3342
2024-05-21,11680,4725
2024-05-21,11710,5744
2024-05-21,11740,4468
2024-05-22,11110,852
2024-05-22,11140,828
2024-05-22,11170,1244
2024-05-22,11200,1886
2024-05-22,11215,2360
2024-05-22,11230,2487
2024-05-22,11260,2745
2024-05-22,11290,3143
2024-05-22,11305,1845
2024-05-22,11320,1960
2024-05-22,11350,3552
2024-05-22,11380,3261
2024-05-22,11410,2065
2024-05-22,11440,2437
2024-05-22,11470,3216
2024-05-22,11500,4325
2024-05-22,11530,3096
2024-05-22,11545,1604
2024-05-22,11560,2832
2024-05-22,11590,2562
2024-05-22,11620,3076
2024-05-22,11650,2960
2024-05-22,11680,3951
2024-05-22,11710,4940
2024-05-22,11740,3720
2024-05-23,11110,892
2024-05-23,11140,907
2024-05-23,11170,1345
2024-05-23,11200,2308
2024-05-23,11215,2608
2024-05-23,11230,2569
2024-05-23,11260,2960
2024-05-23,11290,3580
2024-05-23,11305,2173
2024-05-23,11320,2295
2024-05-23,11350,3957
2024-05-23,11380,3707
2024-05-23,11410,2369
2024-05-23,11440,2838
2024-05-23,11470,3650
2024-05-23,11500,4806
2024-05-23,11530,3497
2024-05-23,11545,1914
2024-05-23,11560,3330
2024-05-23,11590,2916
2024-05-23,11620,3606
2024-05-23,11650,3109
2024-05-23,11680,4422
2024-05-23,11710,5627
2024-05-23,11740,4290
2024-05-24,11110,1078
2024-05-24,11140,1057
2024-05-24,11170,1611
2024-05-24,11200,2518
2024-05-24,11215,2875
2024-05-24,11230,2911
2024-05-24,11260,3351
2024-05-24,11290,4073
2024-05-24,11305,2381
2024-05-24,11320,2551
2024-05-24,11350,4694
2024-05-24,11380,4209
2024-05-24,11410,2763
2024-05-24,11440,3245
2024-05-24,11470,4083
2024-05-24,11500,5430
2024-05-24,11530,4111
2024-05-24,11545,1956
2024-05-24,11560,3837
2024-05-24,11590,3299
2024-05-24,11620,3787
2024-05-24,11650,3588
2024-05-24,11680,4956
2024-05-24,11710,6470
2024-05-24,11740,4889
2024-05-25,11110,718
2024-05-25,11140,774
2024-05-25,11170,1197
2024-05-25,11200,1930
2024-05-25,11215,2175
2024-05-25,11230,2106
2024-05-25,11260,2522
2024-05-25,11290,3008
2024-05-25,11305,1640
2024-05-25,11320,1849
2024-05-25,11350,3404
2024-05-25,11380,2999
2024-05-25,11410,2142
2024-05-25,11440,2446
2024-05-25,11470,3079
2024-05-25,11500,4056
2024-05-25,11530,2962
2024-05-25,11545,1573
2024-05-25,11560,2754
2024-05-25,11590,2480
2024-05-25,11620,2741
2024-05-25,11650,2770
2024-05-25,11680,3761
2024-05-25,11710,5015
2024-05-25,11740,3572
2024-05-26,11110,105
2024-05-26,11140,114
2024-05-26,11170,174
2024-05-26,11200,259
2024-05-26,11215,286
2024-05-26,11230,467
2024-05-26,11260,349
2024-05-26,11290,437
2024-05-26,11305,241
2024-05-26,11320,281
2024-05-26,11350,600
2024-05-26,11380,583
2024-05-26,11410,334
2024-05-26,11440,458
2024-05-26,11470,610
2024-05-26,11500,786
2024-05-26,11530,452
2024-05-26,11545,142
2024-05-26,11560,448
2024-05-26,11590,313
2024-05-26,11620,338
2024-05-26,11650,691
2024-05-26,11680,1078
2024-05-26,11710,954
2024-05-26,11740,649
2024-05-27,11110,1419
2024-05-27,11140,1341
2024-05-27,11170,2099
2024-05-27,11200,3245
2024-05-27,11215,3936
2024-05-27,11230,3764
2024-05-27,11260,4304
2024-05-27,11290,5047
2024-05-27,11305,3237
2024-05-27,11320,3332
2024-05-27,11350,5960
2024-05-27,11380,5375
2024-05-27,11410,3649
2024-05-27,11440,4127
2024-05-27,11470,5253
2024-05-27,11500,7110
2024-05-27,11530,5178
2024-05-27,11545,2729
2024-05-27,11560,4747
2024-05-27,11590,4294
2024-05-27,11620,5152
2024-05-27,11650,4536
2024-05-27,11680,6219
2024-05-27,11710,8293
2024-05-27,11740,6143
2024-05-28,11110,985
2024-05-28,11140,973
2024-05-28,11170,1489
2024-05-28,11200,2265
2024-05-28,11215,2728
2024-05-28,11230,2840
2024-05-28,11260,3019
2024-05-28,11290,3731
2024-05-28,11305,2307
2024-05-28,11320,2449
2024-05-28,11350,4200
2024-05-28,11380,3884
2024-05-28,11410,2590
2024-05-28,11440,2945
2024-05-28,11470,3703
2024-05-28,11500,4908
2024-05-28,11530,3565
2024-05-28,11545,1807
2024-05-28,11560,3312
2024-05-28,11590,2972
2024-05-28,11620,3699
2024-05-28,11650,3386
2024-05-28,11680,4635
2024-05-28,11710,5791
2024-05-28,11740,4366
2024-05-29,11110,904
2024-05-29,11140,834
2024-05-29,11170,1252
2024-05-29,11200,1956
2024-05-29,11215,2443
2024-05-29,11230,2481
2024-05-29,11260,2682
2024-05-29,11290,3122
2024-05-29,11305,2001
2024-05-29,11320,2050
2024-05-29,11350,3847
2024-05-29,11380,3306
2024-05-29,11410,2124
2024-05-29,11440,2601
2024-05-29,11470,3379
2024-05-29,11500,4376
2024-05-29,11530,3086
2024-05-29,11545,1561
2024-05-29,11560,2973
2024-05-29,11590,2717
2024-05-29,11620,3129
2024-05-29,11650,2878
2024-05-29,11680,4158
2024-05-29,11710,5003
2024-05-29,11740,3735
2024-05-30,11110,1050
2024-05-30,11140,878
2024-05-30,11170,1510
2024-05-30,11200,2345
2024-05-30,11215,2733
2024-05-30,11230,2832
2024-05-30,11260,3007
2024-05-30,11290,3736
2024-05-30,11305,2243
2024-05-30,11320,2471
2024-05-30,11350,4135
2024-05-30,11380,3841
2024-05-30,11410,2553
2024-05-30,11440,3120
2024-05-30,11470,3956
2024-05-30,11500,5127
2024-05-30,11530,3675
2024-05-30,11545,1992
2024-05-30,11560,3486
2024-05-30,11590,2979
2024-05-30,11620,3743
2024-05-30,11650,3289
2024-05-30,11680,4700
2024-05-30,11710,5848
2024-05-30,11740,4292
2024-05-31,11110,1078
2024-05-31,11140,1104
2024-05-31,11170,1670
2024-05-31,11200,2539
2024-05-31,11215,2917
2024-05-31,11230,2976
2024-05-31,11260,3286
2024-05-31,11290,3956
2024-05-31,11305,2475
2024-05-31,11320,2643
2024-05-31,11350,4678
2024-05-31,11380,4038
2024-05-31,11410,2823
2024-05-31,11440,3339
2024-05-31,11470,4079
2024-05-31,11500,5489
2024-05-31,11530,3974
2024-05-31,11545,1963
2024-05-31,11560,3782
2024-05-31,11590,3244
2024-05-31,11620,3955
2024-05-31,11650,3615
2024-05-31,11680,4891
2024-05-31,11710,6434
2024-05-31,11740,4779
2024-06-01,11110,742
2024-06-01,11140,781
2024-06-01,11170,1255
2024-06-01,11200,2002
2024-06-01,11215,2172
2024-06-01,11230,2248
2024-06-01,11260,2514
2024-06-01,11290,3081
2024-06-01,11305,1826
2024-06-01,11320,1811
2024-06-01,11350,3510
2024-06-01,11380,3336
2024-06-01,11410,2190
2024-06-01,11440,2565
2024-06-01,11470,3294
2024-06-01,11500,4238
2024-06-01,11530,3110
2024-06-01,11545,1616
2024-06-01,11560,2821
2024-06-01,11590,2629
2024-06-01,11620,2815
2024-06-01,11650,2916
2024-06-01,11680,3880
2024-06-01,11710,5003
2024-06-01,11740,3636
2024-06-02,11110,100
2024-06-02,11140,108
2024-06-02,11170,169
2024-06-02,11200,263
2024-06-02,11215,327
2024-06-02,11230,519
2024-06-02,11260,397
2024-06-02,11290,464
2024-06-02,11305,304
2024-06-02,11320,330
2024-06-02,11350,689
2024-06-02,11380,555
2024-06-02,11410,329
2024-06-02,11440,456
2024-06-02,11470,805
2024-06-02,11500,835
2024-06-02,11530,505
2024-06-02,11545,186
2024-06-02,11560,479
2024-06-02,11590,407
2024-06-02,11620,394
2024-06-02,11650,712
2024-06-02,11680,1119
2024-06-02,11710,961
2024-06-02,11740,679
2024-06-03,11110,1407
2024-06-03,11140,1421
2024-06-03,11170,2193
2024-06-03,11200,3293
2024-06-03,11215,3854
2024-06-03,11230,3862
2024-06-03,11260,4334
2024-06-03,11290,5158
2024-06-03,11305,3218
2024-06-03,11320,3315
2024-06-03,11350,5982
2024-06-03,11380,5387
2024-06-03,11410,3616
2024-06-03,11440,4243
2024-06-03,11470,5369
2024-06-03,11500,7188
2024-06-03,11530,5246
2024-06-03,11545,2734
2024-06-03,11560,4813
2024-06-03,11590,4297
2024-06-03,11620,5324
2024-06-03,11650,4650
2024-06-03,11680,6151
2024-06-03,11710,8044
2024-06-03,11740,6101
2024-06-04,11110,974
2024-06-04,11140,929
2024-06-04,11170,1493
2024-06-04,11200,2259
2024-06-04,11215,2614
2024-06-04,11230,2655
2024-06-04,11260,2965
2024-06-04,11290,3655
2024-06-04,11305,2199
2024-06-04,11320,2225
2024-06-04,11350,4087
2024-06-04,11380,3858
2024-06-04,11410,2486
2024-06-04,11440,2914
2024-06-04,11470,3686
2024-06-04,11500,4867
2024-06-04,11530,3641
2024-06-04,11545,1868
2024-06-04,11560,3398
2024-06-04,11590,3013
2024-06-04,11620,3656
2024-06-04,11650,3219
2024-06-04,11680,4572
2024-06-04,11710,5545
2024-06-04,11740,4358
2024-06-05,11110,957
2024-06-05,11140,928
2024-06-05,11170,1440
2024-06-05,11200,2126
2024-06-05,11215,2650
2024-06-05,11230,2602
2024-06-05,11260,3021
2024-06-05,11290,3640
2024-06-05,11305,2139
2024-06-05,11320,2317
2024-06-05,11350,4061
2024-06-05,11380,3735
2024-06-05,11410,2461
2024-06-05,11440,2834
2024-06-05,11470,3739
2024-06-05,11500,4990
2024-06-05,11530,3570
2024-06-05,11545,1795
2024-06-05,11560,3212
2024-06-05,11590,3055
2024-06-05,11620,3464
2024-06-05,11650,3334
2024-06-05,11680,4566
2024-06-05,11710,5482
2024-06-05,11740,4275
2024-06-06,11110,142
2024-06-06,11140,158
2024-06-06,11170,197
2024-06-06,11200,446
2024-06-06,11215,385
2024-06-06,11230,394
2024-06-06,11260,430
2024-06-06,11290,762
2024-06-06,11305,347
2024-06-06,11320,388
2024-06-06,11350,787
2024-06-06,11380,841
2024-06-06,11410,412
2024-06-06,11440,536
2024-06-06,11470,892
2024-06-06,11500,1089
2024-06-06,11530,611
2024-06-06,11545,269
2024-06-06,11560,605
2024-06-06,11590,461
2024-06-06,11620,556
2024-06-06,11650,920
2024-06-06,11680,1252
2024-06-06,11710,1259
2024-06-06,11740,782
2024-06-07,11110,1430
2024-06-07,11140,1307
2024-06-07,11170,1891
2024-06-07,11200,3068
2024-06-07,11215,3572
2024-06-07,11230,3827
2024-06-07,11260,4000
2024-06-07,11290,5045
2024-06-07,11305,2949
2024-06-07,11320,3237
2024-06-07,11350,5641
2024-06-07,11380,5331
2024-06-07,11410,3494
2024-06-07,11440,3861
2024-06-07,11470,5131
2024-06-07,11500,6698
2024-06-07,11530,5117
2024-06-07,11545,2644
2024-06-07,11560,4580
2024-06-07,11590,4299
2024-06-07,11620,4987
2024-06-07,11650,4433
2024-06-07,11680,6064
2024-06-07,11710,7754
2024-06-07,11740,6079
2024-06-08,11110,656
2024-06-08,11140,623
2024-06-08,11170,1008
2024-06-08,11200,1663
2024-06-08,11215,1795
2024-06-08,11230,1865
2024-06-08,11260,2153
2024-06-08,11290,2572
2024-06-08,11305,1481
2024-06-08,11320,1545
2024-06-08,11350,2859
2024-06-08,11380,2726
2024-06-08,11410,1866
2024-06-08,11440,2019
2024-06-08,11470,2812
2024-06-08,11500,3410
2024-06-08,11530,2565
2024-06-08,11545,1335
2024-06-08,11560,2290
2024-06-08,11590,2163
2024-06-08,11620,2300
2024-06-08,11650,2482
2024-06-08,11680,3345
2024-06-08,11710,4234
2024-06-08,11740,3011
2024-06-09,11110,112
2024-06-09,11140,102
2024-06-09,11170,155
2024-06-09,11200,241
2024-06-09,11215,268
2024-06-09,11230,461
2024-06-09,11260,338
2024-06-09,11290,355
2024-06-09,11305,232
2024-06-09,11320,270
2024-06-09,11350,566
2024-06-09,11380,540
2024-06-09,11410,295
2024-06-09,11440,356
2024-06-09,11470,604
2024-06-09,11500,753
2024-06-09,11530,473
2024-06-09,11545,181
2024-06-09,11560,462
2024-06-09,11590,381
2024-06-09,11620,369
2024-06-09,11650,654
2024-06-09,11680,987
2024-06-09,11710,872
2024-06-09,11740,592
2024-06-10,11110,1279
2024-06-10,11140,1238
2024-06-10,11170,1900
2024-06-10,11200,2895
2024-06-10,11215,3471
2024-06-10,11230,3322
2024-06-10,11260,3959
2024-06-10,11290,4640
2024-06-10,11305,3004
2024-06-10,11320,3153
2024-06-10,11350,5320
2024-06-10,11380,5004
2024-06-10,11410,3118
2024-06-10,11440,3785
2024-06-10,11470,4948
2024-06-10,11500,6210
2024-06-10,11530,4656
2024-06-10,11545,2406
2024-06-10,11560,4316
2024-06-10,11590,4044
2024-06-10,11620,4709
2024-06-10,11650,4167
2024-06-10,11680,5545
2024-06-10,11710,7231
2024-06-10,11740,5392
2024-06-11,11110,879
2024-06-11,11140,798
2024-06-11,11170,1222
2024-06-11,11200,1964
2024-06-11,11215,2141
2024-06-11,11230,2382
2024-06-11,11260,2691
2024-06-11,11290,3218
2024-06-11,11305,1968
2024-06-11,11320,2047
2024-06-11,11350,3502
2024-06-11,11380,3175
2024-06-11,11410,2133
2024-06-11,11440,2523
2024-06-11,11470,3293
2024-06-11,11500,4075
2024-06-11,11530,2937
2024-06-11,11545,1575
2024-06-11,11560,2760
2024-06-11,11590,2572
2024-06-11,11620,3104
2024-06-11,11650,2883
2024-06-11,11680,3992
2024-06-11,11710,4784
2024-06-11,11740,3620
2024-06-12,11110,773
2024-06-12,11140,661
2024-06-12,11170,1070
2024-06-12,11200,1641
2024-06-12,11215,1954
2024-06-12,11230,2097
2024-06-12,11260,2252
2024-06-12,11290,2798
2024-06-12,11305,1755
2024-06-12,11320,1794
2024-06-12,11350,3130
2024-06-12,11380,2919
2024-06-12,11410,1840
2024-06-12,11440,2187
2024-06-12,11470,2931
2024-06-12,11500,3701
2024-06-12,11530,2694
2024-06-12,11545,1373
2024-06-12,11560,2532
2024-06-12,11590,2397
2024-06-12,11620,2777
2024-06-12,11650,2633
2024-06-12,11680,3514
2024-06-12,11710,4181
2024-06-12,11740,3143
2024-06-13,11110,814
2024-06-13,11140,803
2024-06-13,11170,1223
2024-06-13,11200,1920
2024-06-13,11215,2224
2024-06-13,11230,2194
2024-06-13,11260,2669
2024-06-13,11290,3060
2024-06-13,11305,1947
2024-06-13,11320,1987
2024-06-13,11350,3526
2024-06-13,11380,3154
2024-06-13,11410,2021
2024-06-13,11440,2514
2024-06-13,11470,3332
2024-06-13,11500,4100
2024-06-13,11530,2961
2024-06-13,11545,1594
2024-06-13,11560,2710
2024-06-13,11590,2545
2024-06-13,11620,2981
2024-06-13,11650,2908
2024-06-13,11680,3847
2024-06-13,11710,4848
2024-06-13,11740,3592
2024-06-14,11110,933
2024-06-14,11140,840
2024-06-14,11170,1344
2024-06-14,11200,2128
2024-06-14,11215,2536
2024-06-14,11230,2533
2024-06-14,11260,2777
2024-06-14,11290,3372
2024-06-14,11305,2153
2024-06-14,11320,2239
2024-06-14,11350,3935
2024-06-14,11380,3543
2024-06-14,11410,2348
2024-06-14,11440,2782
2024-06-14,11470,3447
2024-06-14,11500,4474
2024-06-14,11530,3316
2024-06-14,11545,1711
2024-06-14,11560,3180
2024-06-14,11590,2749
2024-06-14,11620,3355
2024-06-14,11650,2971
2024-06-14,11680,4293
2024-06-14,11710,5378
2024-06-14,11740,4098
2024-06-15,11110,649
2024-06-15,11140,652
2024-06-15,11170,1144
2024-06-15,11200,1687
2024-06-15,11215,1821
2024-06-15,11230,1825
2024-06-15,11260,2177
2024-06-15,11290,2565
2024-06-15,11305,1562
2024-06-15,11320,1519
2024-06-15,11350,2861
2024-06-15,11380,2733
2024-06-15,11410,1798
2024-06-15,11440,2046
2024-06-15,11470,2899
2024-06-15,11500,3398
2024-06-15,11530,2465
2024-06-15,11545,1435
2024-06-15,11560,2190
2024-06-15,11590,2123
2024-06-15,11620,2390
2024-06-15,11650,2528
2024-06-15,11680,3219
2024-06-15,11710,4191
2024-06-15,11740,3019
2024-06-16,11110,105
2024-06-16,11140,90
2024-06-16,11170,152
2024-06-16,11200,225
2024-06-16,11215,221
2024-06-16,11230,407
2024-06-16,11260,370
2024-06-16,11290,364
2024-06-16,11305,271
2024-06-16,11320,262
2024-06-16,11350,626
2024-06-16,11380,543
2024-06-16,11410,270
2024-06-16,11440,380
2024-06-16,11470,624
2024-06-16,11500,659
2024-06-16,11530,422
2024-06-16,11545,169
2024-06-16,11560,410
2024-06-16,11590,344
2024-06-16,11620,343
2024-06-16,11650,575
2024-06-16,11680,930
2024-06-16,11710,843
2024-06-16,11740,517
2024-06-17,11110,1220
2024-06-17,11140,1218
2024-06-17,11170,1866
2024-06-17,11200,2851
2024-06-17,11215,3257
2024-06-17,11230,3268
2024-06-17,11260,3866
2024-06-17,11290,4448
2024-06-17,11305,2784
2024-06-17,11320,2902
2024-06-17,11350,5053
2024-06-17,11380,4758
2024-06-17,11410,3094
2024-06-17,11440,3568
2024-06-17,11470,4808
2024-06-17,11500,5923
2024-06-17,11530,4482
2024-06-17,11545,2328
2024-06-17,11560,4186
2024-06-17,11590,3642
2024-06-17,11620,4489
2024-06-17,11650,4063
2024-06-17,11680,5614
2024-06-17,11710,7170
2024-06-17,11740,5316
2024-06-18,11110,699
2024-06-18,11140,727
2024-06-18,11170,1069
2024-06-18,11200,1679
2024-06-18,11215,1855
2024-06-18,11230,1967
2024-06-18,11260,2166
2024-06-18,11290,2648
2024-06-18,11305,1479
2024-06-18,11320,1855
2024-06-18,11350,2991
2024-06-18,11380,2778
2024-06-18,11410,1704
2024-06-18,11440,2218
2024-06-18,11470,2579
2024-06-18,11500,3583
2024-06-18,11530,2568
2024-06-18,11545,1291
2024-06-18,11560,2188
2024-06-18,11590,2058
2024-06-18,11620,2411
2024-06-18,11650,2447
2024-06-18,11680,3699
2024-06-18,11710,4258
2024-06-18,11740,2709
2024-06-19,11110,744
2024-06-19,11140,728
2024-06-19,11170,1097
2024-06-19,11200,1594
2024-06-19,11215,2035
2024-06-19,11230,2101
2024-06-19,11260,2542
2024-06-19,11290,2803
2024-06-19,11305,1812
2024-06-19,11320,1872
2024-06-19,11350,3268
2024-06-19,11380,3136
2024-06-19,11410,1956
2024-06-19,11440,2339
2024-06-19,11470,3077
2024-06-19,11500,3738
2024-06-19,11530,2699
2024-06-19,11545,1481
2024-06-19,11560,2610
2024-06-19,11590,2384
2024-06-19,11620,2873
2024-06-19,11650,2716
2024-06-19,11680,3708
2024-06-19,11710,4369
2024-06-19,11740,3661
2024-06-20,11110,815
2024-06-20,11140,736
2024-06-20,11170,1193
2024-06-20,11200,1868
2024-06-20,11215,2128
2024-06-20,11230,2086
2024-06-20,11260,2585
2024-06-20,11290,2963
2024-06-20,11305,1893
2024-06-20,11320,1865
2024-06-20,11350,3272
2024-06-20,11380,3231
2024-06-20,11410,2057
2024-06-20,11440,2615
2024-06-20,11470,3295
2024-06-20,11500,3979
2024-06-20,11530,2916
2024-06-20,11545,1536
2024-06-20,11560,2732
2024-06-20,11590,2414
2024-06-20,11620,3045
2024-06-20,11650,2839
2024-06-20,11680,3909
2024-06-20,11710,4786
2024-06-20,11740,3537
2024-06-21,11110,878
2024-06-21,11140,899
2024-06-21,11170,1352
2024-06-21,11200,2037
2024-06-21,11215,2395
2024-06-21,11230,2435
2024-06-21,11260,2708
2024-06-21,11290,3444
2024-06-21,11305,2118
2024-06-21,11320,2096
2024-06-21,11350,3883
2024-06-21,11380,3438
2024-06-21,11410,2323
2024-06-21,11440,2813
2024-06-21,11470,3574
2024-06-21,11500,4386
2024-06-21,11530,3319
2024-06-21,11545,1663
2024-06-21,11560,3213
2024-06-21,11590,2759
2024-06-21,11620,3164
2024-06-21,11650,3038
2024-06-21,11680,4312
2024-06-21,11710,5455
2024-06-21,11740,3998
2024-06-22,11110,617
2024-06-22,11140,621
2024-06-22,11170,987
2024-06-22,11200,1536
2024-06-22,11215,1741
2024-06-22,11230,1657
2024-06-22,11260,2068
2024-06-22,11290,2451
2024-06-22,11305,1447
2024-06-22,11320,1464
2024-06-22,11350,2753
2024-06-22,11380,2590
2024-06-22,11410,1663
2024-06-22,11440,1939
2024-06-22,11470,2660
2024-06-22,11500,3295
2024-06-22,11530,2328
2024-06-22,11545,1193
2024-06-22,11560,2248
2024-06-22,11590,2058
2024-06-22,11620,2239
2024-06-22,11650,2337
2024-06-22,11680,3188
2024-06-22,11710,3968
2024-06-22,11740,2970
2024-06-23,11110,110
2024-06-23,11140,93
2024-06-23,11170,136
2024-06-23,11200,266
2024-06-23,11215,236
2024-06-23,11230,379
2024-06-23,11260,281
2024-06-23,11290,358
2024-06-23,11305,214
2024-06-23,11320,251
2024-06-23,11350,523
2024-06-23,11380,493
2024-06-23,11410,285
2024-06-23,11440,362
2024-06-23,11470,650
2024-06-23,11500,745
2024-06-23,11530,434
2024-06-23,11545,148
2024-06-23,11560,395
2024-06-23,11590,302
2024-06-23,11620,334
2024-06-23,11650,588
2024-06-23,11680,910
2024-06-23,11710,854
2024-06-23,11740,537
2024-06-24,11110,1157
2024-06-24,11140,1125
2024-06-24,11170,1691
2024-06-24,11200,2625
2024-06-24,11215,3171
2024-06-24,11230,2987
2024-06-24,11260,3717
2024-06-24,11290,4245
2024-06-24,11305,2846
2024-06-24,11320,2857
2024-06-24,11350,4814
2024-06-24,11380,4509
2024-06-24,11410,2976
2024-06-24,11440,3641
2024-06-24,11470,4563
2024-06-24,11500,5669
2024-06-24,11530,4388
2024-06-24,11545,2196
2024-06-24,11560,3973
2024-06-24,11590,3570
2024-06-24,11620,4346
2024-06-24,11650,3766
2024-06-24,11680,5411
2024-06-24,11710,6872
2024-06-24,11740,5065
2024-06-25,11110,856
2024-06-25,11140,835
2024-06-25,11170,1190
2024-06-25,11200,1953
2024-06-25,11215,2150
2024-06-25,11230,2193
2024-06-25,11260,2524
2024-06-25,11290,2968
2024-06-25,11305,1824
2024-06-25,11320,2006
2024-06-25,11350,3391
2024-06-25,11380,3204
2024-06-25,11410,2066
2024-06-25,11440,2528
2024-06-25,11470,3246
2024-06-25,11500,3986
2024-06-25,11530,2975
2024-06-25,11545,1607
2024-06-25,11560,2780
2024-06-25,11590,2420
2024-06-25,11620,2974
2024-06-25,11650,2724
2024-06-25,11680,3996
2024-06-25,11710,4806
2024-06-25,11740,3751
2024-06-26,11110,752
2024-06-26,11140,717
2024-06-26,11170,1155
2024-06-26,11200,1584
2024-06-26,11215,1910
2024-06-26,11230,1972
2024-06-26,11260,2273
2024-06-26,11290,2783
2024-06-26,11305,1641
2024-06-26,11320,1749
2024-06-26,11350,3153
2024-06-26,11380,2913
2024-06-26,11410,1789
2024-06-26,11440,2078
2024-06-26,11470,2910
2024-06-26,11500,3629
2024-06-26,11530,2769
2024-06-26,11545,1313
2024-06-26,11560,2506
2024-06-26,11590,2283
2024-06-26,11620,2596
2024-06-26,11650,2656
2024-06-26,11680,3496
2024-06-26,11710,4333
2024-06-26,11740,3126
2024-06-27,11110,860
2024-06-27,11140,858
2024-06-27,11170,1198
2024-06-27,11200,2056
2024-06-27,11215,2117
2024-06-27,11230,2233
2024-06-27,11260,2625
2024-06-27,11290,2936
2024-06-27,11305,1941
2024-06-27,11320,1927
2024-06-27,11350,3447
2024-06-27,11380,3301
2024-06-27,11410,2112
2024-06-27,11440,2547
2024-06-27,11470,3375
2024-06-27,11500,4172
2024-06-27,11530,3085
2024-06-27,11545,1594
2024-06-27,11560,2793
2024-06-27,11590,2430
2024-06-27,11620,3041
2024-06-27,11650,2734
2024-06-27,11680,3957
2024-06-27,11710,4859
2024-06-27,11740,3777
2024-06-28,11110,958
2024-06-28,11140,941
2024-06-28,11170,1330
2024-06-28,11200,2135
2024-06-28,11215,2391
2024-06-28,11230,2382
2024-06-28,11260,2765
2024-06-28,11290,3342
2024-06-28,11305,2170
2024-06-28,11320,2212
2024-06-28,11350,3943
2024-06-28,11380,3449
2024-06-28,11410,2392
2024-06-28,11440,2741
2024-06-28,11470,3687
2024-06-28,11500,4369
2024-06-28,11530,3471
2024-06-28,11545,1709
2024-06-28,11560,3240
2024-06-28,11590,2828
2024-06-28,11620,3360
2024-06-28,11650,2988
2024-06-28,11680,4384
2024-06-28,11710,5386
2024-06-28,11740,4082
2024-06-29,11110,650
2024-06-29,11140,650
2024-06-29,11170,1009
2024-06-29,11200,1734
2024-06-29,11215,1909
2024-06-29,11230,1859
2024-06-29,11260,2192
2024-06-29,11290,2735
2024-06-29,11305,1499
2024-06-29,11320,1580
2024-06-29,11350,3072
2024-06-29,11380,2775
2024-06-29,11410,1904
2024-06-29,11440,2165
2024-06-29,11470,3038
2024-06-29,11500,3610
2024-06-29,11530,2670
2024-06-29,11545,1450
2024-06-29,11560,2553
2024-06-29,11590,2294
2024-06-29,11620,2532
2024-06-29,11650,2522
2024-06-29,11680,3406
2024-06-29,11710,4472
2024-06-29,11740,3257
2024-06-30,11110,96
2024-06-30,11140,84
2024-06-30,11170,172
2024-06-30,11200,278
2024-06-30,11215,281
2024-06-30,11230,471
2024-06-30,11260,418
2024-06-30,11290,382
2024-06-30,11305,314
2024-06-30,11320,301
2024-06-30,11350,648
2024-06-30,11380,557
2024-06-30,11410,293
2024-06-30,11440,436
2024-06-30,11470,683
2024-06-30,11500,735
2024-06-30,11530,498
2024-06-30,11545,194
2024-06-30,11560,456
2024-06-30,11590,316
2024-06-30,11620,319
2024-06-30,11650,707
2024-06-30,11680,982
2024-06-30,11710,901
2024-06-30,11740,657
2024-07-01,11110,1277
2024-07-01,11140,1211
2024-07-01,11170,1877
2024-07-01,11200,2832
2024-07-01,11215,3228
2024-07-01,11230,3034
2024-07-01,11260,3782
2024-07-01,11290,4417
2024-07-01,11305,2659
2024-07-01,11320,2829
2024-07-01,11350,4955
2024-07-01,11380,4625
2024-07-01,11410,3125
2024-07-01,11440,3837
2024-07-01,11470,4794
2024-07-01,11500,6080
2024-07-01,11530,4524
2024-07-01,11545,2327
2024-07-01,11560,4187
2024-07-01,11590,3665
2024-07-01,11620,4617
2024-07-01,11650,3897
2024-07-01,11680,5453
2024-07-01,11710,7031
2024-07-01,11740,5329
2024-07-02,11110,712
2024-07-02,11140,731
2024-07-02,11170,1095
2024-07-02,11200,1643
2024-07-02,11215,1814
2024-07-02,11230,1872
2024-07-02,11260,2175
2024-07-02,11290,2571
2024-07-02,11305,1510
2024-07-02,11320,1656
2024-07-02,11350,2921
2024-07-02,11380,2810
2024-07-02,11410,1846
2024-07-02,11440,2181
2024-07-02,11470,3006
2024-07-02,11500,3569
2024-07-02,11530,2627
2024-07-02,11545,1453
2024-07-02,11560,2513
2024-07-02,11590,2160
2024-07-02,11620,2648
2024-07-02,11650,2435
2024-07-02,11680,3490
2024-07-02,11710,4242
2024-07-02,11740,3227
2024-07-03,11110,786
2024-07-03,11140,745
2024-07-03,11170,1192
2024-07-03,11200,1679
2024-07-03,11215,2011
2024-07-03,11230,1978
2024-07-03,11260,2473
2024-07-03,11290,2873
2024-07-03,11305,1620
2024-07-03,11320,1870
2024-07-03,11350,3202
2024-07-03,11380,2964
2024-07-03,11410,1782
2024-07-03,11440,2301
2024-07-03,11470,3079
2024-07-03,11500,3782
2024-07-03,11530,2868
2024-07-03,11545,1442
2024-07-03,11560,2577
2024-07-03,11590,2414
2024-07-03,11620,2803
2024-07-03,11650,2498
2024-07-03,11680,3673
2024-07-03,11710,4562
2024-07-03,11740,3171
2024-07-04,11110,858
2024-07-04,11140,787
2024-07-04,11170,1279
2024-07-04,11200,1999
2024-07-04,11215,2218
2024-07-04,11230,2145
2024-07-04,11260,2569
2024-07-04,11290,2996
2024-07-04,11305,1803
2024-07-04,11320,2000
2024-07-04,11350,3303
2024-07-04,11380,3086
2024-07-04,11410,2122
2024-07-04,11440,2524
2024-07-04,11470,3260
2024-07-04,11500,4044
2024-07-04,11530,3141
2024-07-04,11545,1628
2024-07-04,11560,2902
2024-07-04,11590,2520
2024-07-04,11620,3026
2024-07-04,11650,2755
2024-07-04,11680,3993
2024-07-04,11710,4869
2024-07-04,11740,3776
2024-07-05,11110,958
2024-07-05,11140,910
2024-07-05,11170,1421
2024-07-05,11200,2181
2024-07-05,11215,2490
2024-07-05,11230,2457
2024-07-05,11260,2877
2024-07-05,11290,3339
2024-07-05,11305,2058
2024-07-05,11320,2056
2024-07-05,11350,3876
2024-07-05,11380,3585
2024-07-05,11410,2394
2024-07-05,11440,2881
2024-07-05,11470,3775
2024-07-05,11500,4509
2024-07-05,11530,3438
2024-07-05,11545,1860
2024-07-05,11560,3254
2024-07-05,11590,2813
2024-07-05,11620,3373
2024-07-05,11650,3062
2024-07-05,11680,4578
2024-07-05,11710,5611
2024-07-05,11740,4079
2024-07-06,11110,695
2024-07-06,11140,704
2024-07-06,11170,1192
2024-07-06,11200,1746
2024-07-06,11215,1951
2024-07-06,11230,1788
2024-07-06,11260,2255
2024-07-06,11290,2618
2024-07-06,11305,1520
2024-07-06,11320,1663
2024-07-06,11350,3158
2024-07-06,11380,2793
2024-07-06,11410,2017
2024-07-06,11440,2176
2024-07-06,11470,2976
2024-07-06,11500,3615
2024-07-06,11530,2767
2024-07-06,11545,1420
2024-07-06,11560,2675
2024-07-06,11590,2302
2024-07-06,11620,2489
2024-07-06,11650,2491
2024-07-06,11680,3515
2024-07-06,11710,4529
2024-07-06,11740,3377
2024-07-07,11110,113
2024-07-07,11140,105
2024-07-07,11170,183
2024-07-07,11200,290
2024-07-07,11215,323
2024-07-07,11230,440
2024-07-07,11260,392
2024-07-07,11290,390
2024-07-07,11305,297
2024-07-07,11320,295
2024-07-07,11350,640
2024-07-07,11380,611
2024-07-07,11410,357
2024-07-07,11440,351
2024-07-07,11470,756
2024-07-07,11500,736
2024-07-07,11530,495
2024-07-07,11545,226
2024-07-07,11560,413
2024-07-07,11590,361
2024-07-07,11620,345
2024-07-07,11650,678
2024-07-07,11680,1051
2024-07-07,11710,901
2024-07-07,11740,573
2024-07-08,11110,1228
2024-07-08,11140,1188
2024-07-08,11170,1838
2024-07-08,11200,2907
2024-07-08,11215,3285
2024-07-08,11230,3096
2024-07-08,11260,3690
2024-07-08,11290,4521
2024-07-08,11305,2760
2024-07-08,11320,2950
2024-07-08,11350,5194
2024-07-08,11380,4782
2024-07-08,11410,3075
2024-07-08,11440,3772
2024-07-08,11470,4668
2024-07-08,11500,5754
2024-07-08,11530,4482
2024-07-08,11545,2299
2024-07-08,11560,4219
2024-07-08,11590,3734
2024-07-08,11620,4368
2024-07-08,11650,3976
2024-07-08,11680,5649
2024-07-08,11710,7205
2024-07-08,11740,5399
2024-07-09,11110,893
2024-07-09,11140,810
2024-07-09,11170,1353
2024-07-09,11200,2070
2024-07-09,11215,2287
2024-07-09,11230,2291
2024-07-09,11260,2682
2024-07-09,11290,3258
2024-07-09,11305,2006
2024-07-09,11320,2014
2024-07-09,11350,3490
2024-07-09,11380,3435
2024-07-09,11410,2206
2024-07-09,11440,2614
2024-07-09,11470,3533
2024-07-09,11500,4285
2024-07-09,11530,3183
2024-07-09,11545,1706
2024-07-09,11560,3038
2024-07-09,11590,2653
2024-07-09,11620,3173
2024-07-09,11650,2935
2024-07-09,11680,4379
2024-07-09,11710,5163
2024-07-09,11740,3795
2024-07-10,11110,731
2024-07-10,11140,737
2024-07-10,11170,1211
2024-07-10,11200,1775
2024-07-10,11215,2190
2024-07-10,11230,2122
2024-07-10,11260,2382
2024-07-10,11290,2806
2024-07-10,11305,1690
2024-07-10,11320,1771
2024-07-10,11350,3416
2024-07-10,11380,3119
2024-07-10,11410,1872
2024-07-10,11440,2365
2024-07-10,11470,3204
2024-07-10,11500,3884
2024-07-10,11530,2837
2024-07-10,11545,1472
2024-07-10,11560,2663
2024-07-10,11590,2460
2024-07-10,11620,2754
2024-07-10,11650,2559
2024-07-10,11680,3823
2024-07-10,11710,4536
2024-07-10,11740,3203
2024-07-11,11110,951
2024-07-11,11140,845
2024-07-11,11170,1384
2024-07-11,11200,2184
2024-07-11,11215,2440
2024-07-11,11230,2347
2024-07-11,11260,2720
2024-07-11,11290,3208
2024-07-11,11305,1880
2024-07-11,11320,2049
2024-07-11,11350,3573
2024-07-11,11380,3398
2024-07-11,11410,2189
2024-07-11,11440,2829
2024-07-11,11470,3699
2024-07-11,11500,4546
2024-07-11,11530,3465
2024-07-11,11545,1695
2024-07-11,11560,3143
2024-07-11,11590,2633
2024-07-11,11620,3318
2024-07-11,11650,3085
2024-07-11,11680,4469
2024-07-11,11710,5347
2024-07-11,11740,4006
2024-07-12,11110,1029
2024-07-12,11140,972
2024-07-12,11170,1529
2024-07-12,11200,2399
2024-07-12,11215,2712
2024-07-12,11230,2667
2024-07-12,11260,3097
2024-07-12,11290,3813
2024-07-12,11305,2263
2024-07-12,11320,2258
2024-07-12,11350,4133
2024-07-12,11380,4016
2024-07-12,11410,2729
2024-07-12,11440,3049
2024-07-12,11470,3942
2024-07-12,11500,5034
2024-07-12,11530,3630
2024-07-12,11545,1891
2024-07-12,11560,3626
2024-07-12,11590,3118
2024-07-12,11620,3745
2024-07-12,11650,3414
2024-07-12,11680,4912
2024-07-12,11710,6210
2024-07-12,11740,4356
2024-07-13,11110,770
2024-07-13,11140,697
2024-07-13,11170,1199
2024-07-13,11200,1951
2024-07-13,11215,2171
2024-07-13,11230,1983
2024-07-13,11260,2365
2024-07-13,11290,2783
2024-07-13,11305,1584
2024-07-13,11320,1691
2024-07-13,11350,3213
2024-07-13,11380,3042
2024-07-13,11410,2003
2024-07-13,11440,2370
2024-07-13,11470,3241
2024-07-13,11500,3940
2024-07-13,11530,2983
2024-07-13,11545,1492
2024-07-13,11560,2726
2024-07-13,11590,2494
2024-07-13,11620,2590
2024-07-13,11650,2663
2024-07-13,11680,3783
2024-07-13,11710,4841
2024-07-13,11740,3507
2024-07-14,11110,112
2024-07-14,11140,120
2024-07-14,11170,189
2024-07-14,11200,285
2024-07-14,11215,320
2024-07-14,11230,470
2024-07-14,11260,382
2024-07-14,11290,361
2024-07-14,11305,199
2024-07-14,11320,270
2024-07-14,11350,602
2024-07-14,11380,573
2024-07-14,11410,311
2024-07-14,11440,442
2024-07-14,11470,654
2024-07-14,11500,815
2024-07-14,11530,557
2024-07-14,11545,175
2024-07-14,11560,518
2024-07-14,11590,433
2024-07-14,11620,344
2024-07-14,11650,679
2024-07-14,11680,1126
2024-07-14,11710,993
2024-07-14,11740,734
2024-07-15,11110,1335
2024-07-15,11140,1296
2024-07-15,11170,2085
2024-07-15,11200,3166
2024-07-15,11215,3722
2024-07-15,11230,3495
2024-07-15,11260,4298
2024-07-15,11290,4851
2024-07-15,11305,3028
2024-07-15,11320,3113
2024-07-15,11350,5606
2024-07-15,11380,5212
2024-07-15,11410,3300
2024-07-15,11440,4337
2024-07-15,11470,5180
2024-07-15,11500,6741
2024-07-15,11530,5015
2024-07-15,11545,2662
2024-07-15,11560,4747
2024-07-15,11590,4113
2024-07-15,11620,5043
2024-07-15,11650,4471
2024-07-15,11680,6236
2024-07-15,11710,8138
2024-07-15,11740,6034
2024-07-16,11110,946
2024-07-16,11140,814
2024-07-16,11170,1435
2024-07-16,11200,2199
2024-07-16,11215,2416
2024-07-16,11230,2492
2024-07-16,11260,2877
2024-07-16,11290,3428
2024-07-16,11305,2154
2024-07-16,11320,2131
2024-07-16,11350,3776
2024-07-16,11380,3663
2024-07-16,11410,2202
2024-07-16,11440,2888
2024-07-16,11470,3730
2024-07-16,11500,4672
2024-07-16,11530,3324
2024-07-16,11545,1797
2024-07-16,11560,3283
2024-07-16,11590,2854
2024-07-16,11620,3264
2024-07-16,11650,3198
2024-07-16,11680,4600
2024-07-16,11710,5392
2024-07-16,11740,4079
2024-07-17,11110,823
2024-07-17,11140,751
2024-07-17,11170,1175
2024-07-17,11200,1948
2024-07-17,11215,2188
2024-07-17,11230,2221
2024-07-17,11260,2477
2024-07-17,11290,2908
2024-07-17,11305,1735
2024-07-17,11320,1922
2024-07-17,11350,3463
2024-07-17,11380,3023
2024-07-17,11410,1801
2024-07-17,11440,2426
2024-07-17,11470,3074
2024-07-17,11500,3997
2024-07-17,11530,3036
2024-07-17,11545,1661
2024-07-17,11560,2703
2024-07-17,11590,2563
2024-07-17,11620,2937
2024-07-17,11650,2932
2024-07-17,11680,4028
2024-07-17,11710,4915
2024-07-17,11740,3494
2024-07-18,11110,854
2024-07-18,11140,772
2024-07-18,11170,1268
2024-07-18,11200,2126
2024-07-18,11215,2278
2024-07-18,11230,2313
2024-07-18,11260,2730
2024-07-18,11290,3126
2024-07-18,11305,1908
2024-07-18,11320,2174
2024-07-18,11350,3586
2024-07-18,11380,3513
2024-07-18,11410,2161
2024-07-18,11440,2947
2024-07-18,11470,3646
2024-07-18,11500,4527
2024-07-18,11530,3224
2024-07-18,11545,1845
2024-07-18,11560,3152
2024-07-18,11590,2749
2024-07-18,11620,3061
2024-07-18,11650,2953
2024-07-18,11680,4421
2024-07-18,11710,5198
2024-07-18,11740,4140
2024-07-19,11110,1112
2024-07-19,11140,927
2024-07-19,11170,1752
2024-07-19,11200,2620
2024-07-19,11215,2993
2024-07-19,11230,2937
2024-07-19,11260,3578
2024-07-19,11290,3944
2024-07-19,11305,2459
2024-07-19,11320,2479
2024-07-19,11350,4610
2024-07-19,11380,4381
2024-07-19,11410,2734
2024-07-19,11440,3438
2024-07-19,11470,4433
2024-07-19,11500,5563
2024-07-19,11530,4277
2024-07-19,11545,2185
2024-07-19,11560,4002
2024-07-19,11590,3491
2024-07-19,11620,4038
2024-07-19,11650,3633
2024-07-19,11680,5135
2024-07-19,11710,6556
2024-07-19,11740,4954
2024-07-20,11110,801
2024-07-20,11140,789
2024-07-20,11170,1214
2024-07-20,11200,2120
2024-07-20,11215,2256
2024-07-20,11230,2249
2024-07-20,11260,2675
2024-07-20,11290,3040
2024-07-20,11305,1810
2024-07-20,11320,1920
2024-07-20,11350,3716
2024-07-20,11380,3354
2024-07-20,11410,2153
2024-07-20,11440,2785
2024-07-20,11470,3627
2024-07-20,11500,4400
2024-07-20,11530,3254
2024-07-20,11545,1705
2024-07-20,11560,3040
2024-07-20,11590,2694
2024-07-20,11620,2936
2024-07-20,11650,2889
2024-07-20,11680,4116
2024-07-20,11710,5310
2024-07-20,11740,3754
2024-07-21,11110,126
2024-07-21,11140,111
2024-07-21,11170,200
2024-07-21,11200,361
2024-07-21,11215,312
2024-07-21,11230,544
2024-07-21,11260,462
2024-07-21,11290,481
2024-07-21,11305,389
2024-07-21,11320,368
2024-07-21,11350,832
2024-07-21,11380,724
2024-07-21,11410,368
2024-07-21,11440,515
2024-07-21,11470,885
2024-07-21,11500,952
2024-07-21,11530,575
2024-07-21,11545,247
2024-07-21,11560,569
2024-07-21,11590,403
2024-07-21,11620,410
2024-07-21,11650,717
2024-07-21,11680,1206
2024-07-21,11710,1092
2024-07-21,11740,778
2024-07-22,11110,1431
2024-07-22,11140,1314
2024-07-22,11170,2069
2024-07-22,11200,3267
2024-07-22,11215,3941
2024-07-22,11230,3721
2024-07-22,11260,4495
2024-07-22,11290,4946
2024-07-22,11305,3056
2024-07-22,11320,3282
2024-07-22,11350,5890
2024-07-22,11380,5481
2024-07-22,11410,3417
2024-07-22,11440,4231
2024-07-22,11470,5520
2024-07-22,11500,6973
2024-07-22,11530,5324
2024-07-22,11545,2667
2024-07-22,11560,4827
2024-07-22,11590,4353
2024-07-22,11620,5209
2024-07-22,11650,4710
2024-07-22,11680,6479
2024-07-22,11710,8484
2024-07-22,11740,6367
2024-07-23,11110,1035
2024-07-23,11140,933
2024-07-23,11170,1474
2024-07-23,11200,2429
2024-07-23,11215,2618
2024-07-23,11230,2728
2024-07-23,11260,3138
2024-07-23,11290,3619
2024-07-23,11305,2210
2024-07-23,11320,2347
2024-07-23,11350,4081
2024-07-23,11380,3898
2024-07-23,11410,2507
2024-07-23,11440,3039
2024-07-23,11470,4189
2024-07-23,11500,5059
2024-07-23,11530,3728
2024-07-23,11545,1989
2024-07-23,11560,3476
2024-07-23,11590,3005
2024-07-23,11620,3681
2024-07-23,11650,3473
2024-07-23,11680,4866
2024-07-23,11710,6011
2024-07-23,11740,4342
2024-07-24,11110,868
2024-07-24,11140,773
2024-07-24,11170,1328
2024-07-24,11200,1967
2024-07-24,11215,2450
2024-07-24,11230,2560
2024-07-24,11260,2877
2024-07-24,11290,3021
2024-07-24,11305,2012
2024-07-24,11320,2011
2024-07-24,11350,3971
2024-07-24,11380,3482
2024-07-24,11410,2230
2024-07-24,11440,2610
2024-07-24,11470,3664
2024-07-24,11500,4498
2024-07-24,11530,3409
2024-07-24,11545,1611
2024-07-24,11560,2955
2024-07-24,11590,2827
2024-07-24,11620,3326
2024-07-24,11650,3108
2024-07-24,11680,4363
2024-07-24,11710,5250
2024-07-24,11740,3734
2024-07-25,11110,989
2024-07-25,11140,925
2024-07-25,11170,1538
2024-07-25,11200,2424
2024-07-25,11215,2776
2024-07-25,11230,2700
2024-07-25,11260,3218
2024-07-25,11290,3496
2024-07-25,11305,2206
2024-07-25,11320,2335
2024-07-25,11350,4115
2024-07-25,11380,3845
2024-07-25,11410,2471
2024-07-25,11440,3251
2024-07-25,11470,4075
2024-07-25,11500,5078
2024-07-25,11530,3875
2024-07-25,11545,1949
2024-07-25,11560,3515
2024-07-25,11590,3125
2024-07-25,11620,3744
2024-07-25,11650,3360
2024-07-25,11680,4725
2024-07-25,11710,5847
2024-07-25,11740,4382
2024-07-26,11110,1077
2024-07-26,11140,1004
2024-07-26,11170,1588
2024-07-26,11200,2716
2024-07-26,11215,2975
2024-07-26,11230,3121
2024-07-26,11260,3518
2024-07-26,11290,3871
2024-07-26,11305,2350
2024-07-26,11320,2507
2024-07-26,11350,4752
2024-07-26,11380,4249
2024-07-26,11410,2900
2024-07-26,11440,3461
2024-07-26,11470,4463
2024-07-26,11500,5787
2024-07-26,11530,4073
2024-07-26,11545,2102
2024-07-26,11560,3940
2024-07-26,11590,3523
2024-07-26,11620,4077
2024-07-26,11650,3683
2024-07-26,11680,5171
2024-07-26,11710,6655
2024-07-26,11740,4696
2024-07-27,11110,843
2024-07-27,11140,754
2024-07-27,11170,1284
2024-07-27,11200,2192
2024-07-27,11215,2395
2024-07-27,11230,2363
2024-07-27,11260,2878
2024-07-27,11290,2991
2024-07-27,11305,1822
2024-07-27,11320,1952
2024-07-27,11350,3761
2024-07-27,11380,3441
2024-07-27,11410,2299
2024-07-27,11440,2674
2024-07-27,11470,3814
2024-07-27,11500,4490
2024-07-27,11530,3423
2024-07-27,11545,1728
2024-07-27,11560,3123
2024-07-27,11590,2790
2024-07-27,11620,3000
2024-07-27,11650,3021
2024-07-27,11680,4065
2024-07-27,11710,5262
2024-07-27,11740,3647
2024-07-28,11110,117
2024-07-28,11140,106
2024-07-28,11170,183
2024-07-28,11200,353
2024-07-28,11215,369
2024-07-28,11230,485
2024-07-28,11260,473
2024-07-28,11290,425
2024-07-28,11305,258
2024-07-28,11320,334
2024-07-28,11350,700
2024-07-28,11380,655
2024-07-28,11410,341
2024-07-28,11440,498
2024-07-28,11470,789
2024-07-28,11500,882
2024-07-28,11530,604
2024-07-28,11545,205
2024-07-28,11560,554
2024-07-28,11590,406
2024-07-28,11620,456
2024-07-28,11650,769
2024-07-28,11680,1124
2024-07-28,11710,1007
2024-07-28,11740,750
2024-07-29,11110,1559
2024-07-29,11140,1454
2024-07-29,11170,2147
2024-07-29,11200,3401
2024-07-29,11215,4081
2024-07-29,11230,3992
2024-07-29,11260,4878
2024-07-29,11290,5246
2024-07-29,11305,3471
2024-07-29,11320,3642
2024-07-29,11350,6765
2024-07-29,11380,5783
2024-07-29,11410,3739
2024-07-29,11440,4534
2024-07-29,11470,6131
2024-07-29,11500,7616
2024-07-29,11530,5806
2024-07-29,11545,2791
2024-07-29,11560,5318
2024-07-29,11590,4784
2024-07-29,11620,5837
2024-07-29,11650,4471
2024-07-29,11680,6378
2024-07-29,11710,8522
2024-07-29,11740,6366
2024-07-30,11110,1134
2024-07-30,11140,1040
2024-07-30,11170,1516
2024-07-30,11200,2380
2024-07-30,11215,2848
2024-07-30,11230,2897
2024-07-30,11260,3456
2024-07-30,11290,3682
2024-07-30,11305,2452
2024-07-30,11320,2563
2024-07-30,11350,4502
2024-07-30,11380,4208
2024-07-30,11410,2663
2024-07-30,11440,3292
2024-07-30,11470,4382
2024-07-30,11500,5300
2024-07-30,11530,4032
2024-07-30,11545,2008
2024-07-30,11560,3739
2024-07-30,11590,3337
2024-07-30,11620,4091
2024-07-30,11650,3449
2024-07-30,11680,4713
2024-07-30,11710,6166
2024-07-30,11740,4573
2024-07-31,11110,991
2024-07-31,11140,904
2024-07-31,11170,1385
2024-07-31,11200,2229
2024-07-31,11215,2749
2024-07-31,11230,2562
2024-07-31,11260,3138
2024-07-31,11290,3340
2024-07-31,11305,2162
2024-07-31,11320,2403
2024-07-31,11350,4331
2024-07-31,11380,3830
2024-07-31,11410,2513
2024-07-31,11440,3018
2024-07-31,11470,3811
2024-07-31,11500,4831
2024-07-31,11530,3627
2024-07-31,11545,1859
2024-07-31,11560,3453
2024-07-31,11590,3030
2024-07-31,11620,3684
2024-07-31,11650,3111
2024-07-31,11680,4149
2024-07-31,11710,5560
2024-07-31,11740,4135
2024-08-01,11110,1128
2024-08-01,11140,973
2024-08-01,11170,1462
2024-08-01,11200,2495
2024-08-01,11215,2843
2024-08-01,11230,2803
2024-08-01,11260,3429
2024-08-01,11290,3752
2024-08-01,11305,2349
2024-08-01,11320,2506
2024-08-01,11350,4320
2024-08-01,11380,4046
2024-08-01,11410,2815
2024-08-01,11440,3370
2024-08-01,11470,4159
2024-08-01,11500,5248
2024-08-01,11530,3878
2024-08-01,11545,1980
2024-08-01,11560,3796
2024-08-01,11590,3286
2024-08-01,11620,3959
2024-08-01,11650,3268
2024-08-01,11680,4489
2024-08-01,11710,5915
2024-08-01,11740,4411
2024-08-02,11110,1110
2024-08-02,11140,1104
2024-08-02,11170,1659
2024-08-02,11200,2622
2024-08-02,11215,3105
2024-08-02,11230,3141
2024-08-02,11260,3930
2024-08-02,11290,4153
2024-08-02,11305,2559
2024-08-02,11320,2682
2024-08-02,11350,5015
2024-08-02,11380,4745
2024-08-02,11410,2847
2024-08-02,11440,3662
2024-08-02,11470,4463
2024-08-02,11500,5749
2024-08-02,11530,4319
2024-08-02,11545,2210
2024-08-02,11560,4149
2024-08-02,11590,3625
2024-08-02,11620,4338
2024-08-02,11650,3601
2024-08-02,11680,5114
2024-08-02,11710,6785
2024-08-02,11740,4741
2024-08-03,11110,847
2024-08-03,11140,729
2024-08-03,11170,1139
2024-08-03,11200,1885
2024-08-03,11215,2179
2024-08-03,11230,2219
2024-08-03,11260,2625
2024-08-03,11290,2945
2024-08-03,11305,1803
2024-08-03,11320,1924
2024-08-03,11350,3572
2024-08-03,11380,3190
2024-08-03,11410,2080
2024-08-03,11440,2571
2024-08-03,11470,3440
2024-08-03,11500,4239
2024-08-03,11530,3150
2024-08-03,11545,1538
2024-08-03,11560,3032
2024-08-03,11590,2701
2024-08-03,11620,3001
2024-08-03,11650,2699
2024-08-03,11680,3607
2024-08-03,11710,4789
2024-08-03,11740,3508
2024-08-04,11110,112
2024-08-04,11140,127
2024-08-04,11170,207
2024-08-04,11200,330
2024-08-04,11215,356
2024-08-04,11230,466
2024-08-04,11260,433
2024-08-04,11290,491
2024-08-04,11305,398
2024-08-04,11320,380
2024-08-04,11350,882
2024-08-04,11380,766
2024-08-04,11410,452
2024-08-04,11440,532
2024-08-04,11470,814
2024-08-04,11500,922
2024-08-04,11530,653
2024-08-04,11545,294
2024-08-04,11560,572
2024-08-04,11590,435
2024-08-04,11620,454
2024-08-04,11650,710
2024-08-04,11680,1148
2024-08-04,11710,1052
2024-08-04,11740,715
2024-08-05,11110,1749
2024-08-05,11140,1568
2024-08-05,11170,2442
2024-08-05,11200,3745
2024-08-05,11215,4538
2024-08-05,11230,4320
2024-08-05,11260,5222
2024-08-05,11290,5903
2024-08-05,11305,3715
2024-08-05,11320,4063
2024-08-05,11350,6804
2024-08-05,11380,6533
2024-08-05,11410,4049
2024-08-05,11440,5165
2024-08-05,11470,6395
2024-08-05,11500,8382
2024-08-05,11530,6190
2024-08-05,11545,3419
2024-08-05,11560,5753
2024-08-05,11590,5300
2024-08-05,11620,6416
2024-08-05,11650,5150
2024-08-05,11680,6857
2024-08-05,11710,9141
2024-08-05,11740,6599
2024-08-06,11110,1279
2024-08-06,11140,1047
2024-08-06,11170,1670
2024-08-06,11200,2460
2024-08-06,11215,2898
2024-08-06,11230,3106
2024-08-06,11260,3570
2024-08-06,11290,4111
2024-08-06,11305,2685
2024-08-06,11320,2782
2024-08-06,11350,4557
2024-08-06,11380,4263
2024-08-06,11410,2821
2024-08-06,11440,3520
2024-08-06,11470,4457
2024-08-06,11500,5658
2024-08-06,11530,4207
2024-08-06,11545,2324
2024-08-06,11560,4045
2024-08-06,11590,3564
2024-08-06,11620,4442
2024-08-06,11650,3533
2024-08-06,11680,4953
2024-08-06,11710,6270
2024-08-06,11740,4510
2024-08-07,11110,1116
2024-08-07,11140,972
2024-08-07,11170,1527
2024-08-07,11200,2274
2024-08-07,11215,2862
2024-08-07,11230,2837
2024-08-07,11260,3265
2024-08-07,11290,3823
2024-08-07,11305,2346
2024-08-07,11320,2548
2024-08-07,11350,4485
2024-08-07,11380,4050
2024-08-07,11410,2471
2024-08-07,11440,3194
2024-08-07,11470,4155
2024-08-07,11500,5125
2024-08-07,11530,3855
2024-08-07,11545,2178
2024-08-07,11560,3506
2024-08-07,11590,3360
2024-08-07,11620,4005
2024-08-07,11650,3133
2024-08-07,11680,4458
2024-08-07,11710,5904
2024-08-07,11740,4027
2024-08-08,11110,1147
2024-08-08,11140,1024
2024-08-08,11170,1559
2024-08-08,11200,2697
2024-08-08,11215,3002
2024-08-08,11230,3119
2024-08-08,11260,3564
2024-08-08,11290,4253
2024-08-08,11305,2768
2024-08-08,11320,2766
2024-08-08,11350,4655
2024-08-08,11380,4570
2024-08-08,11410,2895
2024-08-08,11440,3642
2024-08-08,11470,4545
2024-08-08,11500,5596
2024-08-08,11530,4342
2024-08-08,11545,2382
2024-08-08,11560,3972
2024-08-08,11590,3614
2024-08-08,11620,4442
2024-08-08,11650,3528
2024-08-08,11680,4862
2024-08-08,11710,6435
2024-08-08,11740,4832
2024-08-09,11110,1220
2024-08-09,11140,1171
2024-08-09,11170,1850
2024-08-09,11200,2792
2024-08-09,11215,3161
2024-08-09,11230,3354
2024-08-09,11260,3893
2024-08-09,11290,4482
2024-08-09,11305,2839
2024-08-09,11320,3047
2024-08-09,11350,5343
2024-08-09,11380,4817
2024-08-09,11410,3099
2024-08-09,11440,3869
2024-08-09,11470,5014
2024-08-09,11500,6280
2024-08-09,11530,4726
2024-08-09,11545,2377
2024-08-09,11560,4317
2024-08-09,11590,3952
2024-08-09,11620,4723
2024-08-09,11650,3867
2024-08-09,11680,5552
2024-08-09,11710,7178
2024-08-09,11740,5079
2024-08-10,11110,868
2024-08-10,11140,830
2024-08-10,11170,1382
2024-08-10,11200,2149
2024-08-10,11215,2470
2024-08-10,11230,2341
2024-08-10,11260,3011
2024-08-10,11290,3291
2024-08-10,11305,1974
2024-08-10,11320,2227
2024-08-10,11350,3866
2024-08-10,11380,3586
2024-08-10,11410,2319
2024-08-10,11440,2798
2024-08-10,11470,3852
2024-08-10,11500,4759
2024-08-10,11530,3452
2024-08-10,11545,1969
2024-08-10,11560,3272
2024-08-10,11590,3039
2024-08-10,11620,3404
2024-08-10,11650,2954
2024-08-10,11680,4093
2024-08-10,11710,5466
2024-08-10,11740,3787
2024-08-11,11110,139
2024-08-11,11140,130
2024-08-11,11170,202
2024-08-11,11200,317
2024-08-11,11215,405
2024-08-11,11230,524
2024-08-11,11260,403
2024-08-11,11290,466
2024-08-11,11305,286
2024-08-11,11320,355
2024-08-11,11350,695
2024-08-11,11380,699
2024-08-11,11410,388
2024-08-11,11440,464
2024-08-11,11470,799
2024-08-11,11500,876
2024-08-11,11530,586
2024-08-11,11545,231
2024-08-11,11560,584
2024-08-11,11590,449
2024-08-11,11620,432
2024-08-11,11650,697
2024-08-11,11680,1193
2024-08-11,11710,1193
2024-08-11,11740,781
2024-08-12,11110,1604
2024-08-12,11140,1542
2024-08-12,11170,2470
2024-08-12,11200,3643
2024-08-12,11215,4214
2024-08-12,11230,4457
2024-08-12,11260,4843
2024-08-12,11290,5848
2024-08-12,11305,3673
2024-08-12,11320,4028
2024-08-12,11350,6580
2024-08-12,11380,6078
2024-08-12,11410,3803
2024-08-12,11440,4908
2024-08-12,11470,6233
2024-08-12,11500,8044
2024-08-12,11530,6059
2024-08-12,11545,3232
2024-08-12,11560,5549
2024-08-12,11590,4944
2024-08-12,11620,6168
2024-08-12,11650,4735
2024-08-12,11680,6651
2024-08-12,11710,9018
2024-08-12,11740,6581
2024-08-13,11110,967
2024-08-13,11140,977
2024-08-13,11170,1609
2024-08-13,11200,2408
2024-08-13,11215,2849
2024-08-13,11230,3058
2024-08-13,11260,3209
2024-08-13,11290,3880
2024-08-13,11305,2529
2024-08-13,11320,2564
2024-08-13,11350,4403
2024-08-13,11380,4052
2024-08-13,11410,2727
2024-08-13,11440,3178
2024-08-13,11470,4183
2024-08-13,11500,5330
2024-08-13,11530,4146
2024-08-13,11545,2110
2024-08-13,11560,3611
2024-08-13,11590,3197
2024-08-13,11620,3898
2024-08-13,11650,3256
2024-08-13,11680,4678
2024-08-13,11710,6102
2024-08-13,11740,4602
2024-08-14,11110,1056
2024-08-14,11140,928
2024-08-14,11170,1582
2024-08-14,11200,2254
2024-08-14,11215,2799
2024-08-14,11230,2842
2024-08-14,11260,3160
2024-08-14,11290,3771
2024-08-14,11305,2314
2024-08-14,11320,2596
2024-08-14,11350,4395
2024-08-14,11380,3953
2024-08-14,11410,2545
2024-08-14,11440,3102
2024-08-14,11470,3900
2024-08-14,11500,5039
2024-08-14,11530,4025
2024-08-14,11545,2149
2024-08-14,11560,3428
2024-08-14,11590,3374
2024-08-14,11620,3902
2024-08-14,11650,3326
2024-08-14,11680,4770
2024-08-14,11710,5897
2024-08-14,11740,4422
2024-08-15,11110,195
2024-08-15,11140,199
2024-08-15,11170,272
2024-08-15,11200,445
2024-08-15,11215,442
2024-08-15,11230,473
2024-08-15,11260,522
2024-08-15,11290,732
2024-08-15,11305,378
2024-08-15,11320,401
2024-08-15,11350,929
2024-08-15,11380,1032
2024-08-15,11410,513
2024-08-15,11440,598
2024-08-15,11470,965
2024-08-15,11500,1230
2024-08-15,11530,723
2024-08-15,11545,297
2024-08-15,11560,645
2024-08-15,11590,595
2024-08-15,11620,617
2024-08-15,11650,876
2024-08-15,11680,1269
2024-08-15,11710,1325
2024-08-15,11740,844
2024-08-16,11110,1461
2024-08-16,11140,1361
2024-08-16,11170,2101
2024-08-16,11200,3294
2024-08-16,11215,3910
2024-08-16,11230,3933
2024-08-16,11260,4572
2024-08-16,11290,5438
2024-08-16,11305,3557
2024-08-16,11320,3539
2024-08-16,11350,6158
2024-08-16,11380,5615
2024-08-16,11410,3712
2024-08-16,11440,4603
2024-08-16,11470,5796
2024-08-16,11500,7299
2024-08-16,11530,5790
2024-08-16,11545,3021
2024-08-16,11560,5176
2024-08-16,11590,4216
2024-08-16,11620,5540
2024-08-16,11650,4264
2024-08-16,11680,5896
2024-08-16,11710,8290
2024-08-16,11740,6187
2024-08-17,11110,775
2024-08-17,11140,779
2024-08-17,11170,1138
2024-08-17,11200,1895
2024-08-17,11215,2124
2024-08-17,11230,2161
2024-08-17,11260,2492
2024-08-17,11290,2947
2024-08-17,11305,1861
2024-08-17,11320,2015
2024-08-17,11350,3490
2024-08-17,11380,3233
2024-08-17,11410,2215
2024-08-17,11440,2339
2024-08-17,11470,3256
2024-08-17,11500,3899
2024-08-17,11530,3101
2024-08-17,11545,1620
2024-08-17,11560,2806
2024-08-17,11590,2415
2024-08-17,11620,2842
2024-08-17,11650,2487
2024-08-17,11680,3705
2024-08-17,11710,5000
2024-08-17,11740,3614
2024-08-18,11110,154
2024-08-18,11140,117
2024-08-18,11170,208
2024-08-18,11200,289
2024-08-18,11215,358
2024-08-18,11230,497
2024-08-18,11260,371
2024-08-18,11290,528
2024-08-18,11305,349
2024-08-18,11320,317
2024-08-18,11350,863
2024-08-18,11380,726
2024-08-18,11410,365
2024-08-18,11440,565
2024-08-18,11470,822
2024-08-18,11500,893
2024-08-18,11530,597
2024-08-18,11545,246
2024-08-18,11560,546
2024-08-18,11590,421
2024-08-18,11620,400
2024-08-18,11650,705
2024-08-18,11680,1117
2024-08-18,11710,1071
2024-08-18,11740,661
2024-08-19,11110,1571
2024-08-19,11140,1443
2024-08-19,11170,2197
2024-08-19,11200,3291
2024-08-19,11215,3988
2024-08-19,11230,3900
2024-08-19,11260,4583
2024-08-19,11290,5612
2024-08-19,11305,3684
2024-08-19,11320,3650
2024-08-19,11350,6392
2024-08-19,11380,5864
2024-08-19,11410,3805
2024-08-19,11440,4433
2024-08-19,11470,5673
2024-08-19,11500,7281
2024-08-19,11530,5581
2024-08-19,11545,2964
2024-08-19,11560,5186
2024-08-19,11590,4664
2024-08-19,11620,5818
2024-08-19,11650,4488
2024-08-19,11680,6108
2024-08-19,11710,8263
2024-08-19,11740,6159
2024-08-20,11110,1013
2024-08-20,11140,963
2024-08-20,11170,1479
2024-08-20,11200,2177
2024-08-20,11215,2678
2024-08-20,11230,2685
2024-08-20,11260,3077
2024-08-20,11290,3789
2024-08-20,11305,2386
2024-08-20,11320,2478
2024-08-20,11350,4321
2024-08-20,11380,3892
2024-08-20,11410,2421
2024-08-20,11440,2947
2024-08-20,11470,3783
2024-08-20,11500,4749
2024-08-20,11530,3657
2024-08-20,11545,1993
2024-08-20,11560,3246
2024-08-20,11590,3004
2024-08-20,11620,3708
2024-08-20,11650,3252
2024-08-20,11680,4497
2024-08-20,11710,5692
2024-08-20,11740,4115
2024-08-21,11110,857
2024-08-21,11140,805
2024-08-21,11170,1181
2024-08-21,11200,1748
2024-08-21,11215,2250
2024-08-21,11230,2329
2024-08-21,11260,2610
2024-08-21,11290,3177
2024-08-21,11305,1953
2024-08-21,11320,2170
2024-08-21,11350,3602
2024-08-21,11380,3360
2024-08-21,11410,2011
2024-08-21,11440,2424
2024-08-21,11470,3373
2024-08-21,11500,4075
2024-08-21,11530,3190
2024-08-21,11545,1680
2024-08-21,11560,2803
2024-08-21,11590,2646
2024-08-21,11620,3195
2024-08-21,11650,2850
2024-08-21,11680,3874
2024-08-21,11710,4771
2024-08-21,11740,3408
2024-08-22,11110,1010
2024-08-22,11140,890
2024-08-22,11170,1418
2024-08-22,11200,2136
2024-08-22,11215,2501
2024-08-22,11230,2447
2024-08-22,11260,2812
2024-08-22,11290,3386
2024-08-22,11305,1917
2024-08-22,11320,2371
2024-08-22,11350,3972
2024-08-22,11380,3682
2024-08-22,11410,2339
2024-08-22,11440,2867
2024-08-22,11470,3721
2024-08-22,11500,4429
2024-08-22,11530,3478
2024-08-22,11545,1900
2024-08-22,11560,3204
2024-08-22,11590,2748
2024-08-22,11620,3444
2024-08-22,11650,2936
2024-08-22,11680,4133
2024-08-22,11710,5281
2024-08-22,11740,4015
2024-08-23,11110,1043
2024-08-23,11140,1011
2024-08-23,11170,1470
2024-08-23,11200,2294
2024-08-23,11215,2695
2024-08-23,11230,2684
2024-08-23,11260,3147
2024-08-23,11290,3902
2024-08-23,11305,2359
2024-08-23,11320,2398
2024-08-23,11350,4356
2024-08-23,11380,3883
2024-08-23,11410,2587
2024-08-23,11440,2951
2024-08-23,11470,3935
2024-08-23,11500,4929
2024-08-23,11530,3960
2024-08-23,11545,2031
2024-08-23,11560,3688
2024-08-23,11590,3248
2024-08-23,11620,3670
2024-08-23,11650,3298
2024-08-23,11680,4497
2024-08-23,11710,5987
2024-08-23,11740,4412
2024-08-24,11110,721
2024-08-24,11140,752
2024-08-24,11170,1112
2024-08-24,11200,1856
2024-08-24,11215,2066
2024-08-24,11230,1970
2024-08-24,11260,2398
2024-08-24,11290,2813
2024-08-24,11305,1727
2024-08-24,11320,1729
2024-08-24,11350,3386
2024-08-24,11380,3029
2024-08-24,11410,1937
2024-08-24,11440,2285
2024-08-24,11470,3043
2024-08-24,11500,3813
2024-08-24,11530,2939
2024-08-24,11545,1497
2024-08-24,11560,2698
2024-08-24,11590,2516
2024-08-24,11620,2745
2024-08-24,11650,2534
2024-08-24,11680,3457
2024-08-24,11710,4735
2024-08-24,11740,3355
2024-08-25,11110,101
2024-08-25,11140,110
2024-08-25,11170,167
2024-08-25,11200,299
2024-08-25,11215,275
2024-08-25,11230,432
2024-08-25,11260,342
2024-08-25,11290,375
2024-08-25,11305,222
2024-08-25,11320,276
2024-08-25,11350,558
2024-08-25,11380,559
2024-08-25,11410,301
2024-08-25,11440,435
2024-08-25,11470,652
2024-08-25,11500,804
2024-08-25,11530,525
2024-08-25,11545,178
2024-08-25,11560,465
2024-08-25,11590,359
2024-08-25,11620,355
2024-08-25,11650,660
2024-08-25,11680,1030
2024-08-25,11710,1032
2024-08-25,11740,586
2024-08-26,11110,1305
2024-08-26,11140,1252
2024-08-26,11170,1991
2024-08-26,11200,3024
2024-08-26,11215,3508
2024-08-26,11230,3373
2024-08-26,11260,4108
2024-08-26,11290,4794
2024-08-26,11305,3070
2024-08-26,11320,3150
2024-08-26,11350,5438
2024-08-26,11380,5160
2024-08-26,11410,3398
2024-08-26,11440,3997
2024-08-26,11470,5085
2024-08-26,11500,6354
2024-08-26,11530,4965
2024-08-26,11545,2612
2024-08-26,11560,4643
2024-08-26,11590,3964
2024-08-26,11620,4731
2024-08-26,11650,4165
2024-08-26,11680,5509
2024-08-26,11710,7701
2024-08-26,11740,5381
2024-08-27,11110,915
2024-08-27,11140,879
2024-08-27,11170,1454
2024-08-27,11200,2141
2024-08-27,11215,2365
2024-08-27,11230,2459
2024-08-27,11260,2700
2024-08-27,11290,3426
2024-08-27,11305,2050
2024-08-27,11320,2271
2024-08-27,11350,3746
2024-08-27,11380,3516
2024-08-27,11410,2289
2024-08-27,11440,2731
2024-08-27,11470,3676
2024-08-27,11500,4196
2024-08-27,11530,3419
2024-08-27,11545,1754
2024-08-27,11560,3119
2024-08-27,11590,2714
2024-08-27,11620,3449
2024-08-27,11650,2895
2024-08-27,11680,4255
2024-08-27,11710,5429
2024-08-27,11740,3863
2024-08-28,11110,764
2024-08-28,11140,693
2024-08-28,11170,1170
2024-08-28,11200,1711
2024-08-28,11215,2120
2024-08-28,11230,2137
2024-08-28,11260,2424
2024-08-28,11290,2779
2024-08-28,11305,1726
2024-08-28,11320,1834
2024-08-28,11350,3321
2024-08-28,11380,3170
2024-08-28,11410,1973
2024-08-28,11440,2326
2024-08-28,11470,3138
2024-08-28,11500,3781
2024-08-28,11530,3043
2024-08-28,11545,1450
2024-08-28,11560,2656
2024-08-28,11590,2597
2024-08-28,11620,2806
2024-08-28,11650,2568
2024-08-28,11680,3694
2024-08-28,11710,4623
2024-08-28,11740,3267
2024-08-29,11110,924
2024-08-29,11140,844
2024-08-29,11170,1258
2024-08-29,11200,2188
2024-08-29,11215,2369
2024-08-29,11230,2276
2024-08-29,11260,2750
2024-08-29,11290,3315
2024-08-29,11305,1878
2024-08-29,11320,2097
2024-08-29,11350,3611
2024-08-29,11380,3564
2024-08-29,11410,2294
2024-08-29,11440,2749
2024-08-29,11470,3472
2024-08-29,11500,4284
2024-08-29,11530,3339
2024-08-29,11545,1817
2024-08-29,11560,3091
2024-08-29,11590,2571
2024-08-29,11620,3207
2024-08-29,11650,3006
2024-08-29,11680,4053
2024-08-29,11710,5306
2024-08-29,11740,3863
2024-08-30,11110,941
2024-08-30,11140,901
2024-08-30,11170,1401
2024-08-30,11200,2265
2024-08-30,11215,2545
2024-08-30,11230,2586
2024-08-30,11260,2949
2024-08-30,11290,3605
2024-08-30,11305,2183
2024-08-30,11320,2302
2024-08-30,11350,4136
2024-08-30,11380,3761
2024-08-30,11410,2487
2024-08-30,11440,2976
2024-08-30,11470,3870
2024-08-30,11500,4776
2024-08-30,11530,3671
2024-08-30,11545,1829
2024-08-30,11560,3448
2024-08-30,11590,2957
2024-08-30,11620,3440
2024-08-30,11650,3233
2024-08-30,11680,4563
2024-08-30,11710,6039
2024-08-30,11740,4161
2024-08-31,11110,706
2024-08-31,11140,682
2024-08-31,11170,1139
2024-08-31,11200,1813
2024-08-31,11215,2035
2024-08-31,11230,1880
2024-08-31,11260,2291
2024-08-31,11290,2803
2024-08-31,11305,1617
2024-08-31,11320,1677
2024-08-31,11350,3202
2024-08-31,11380,2859
2024-08-31,11410,1968
2024-08-31,11440,2305
2024-08-31,11470,3193
2024-08-31,11500,3735
2024-08-31,11530,2906
2024-08-31,11545,1485
2024-08-31,11560,2742
2024-08-31,11590,2310
2024-08-31,11620,2507
2024-08-31,11650,2618
2024-08-31,11680,3568
2024-08-31,11710,4775
2024-08-31,11740,3326
